unified_observation_id;source_id;dataset_id;source_observation_id;latitude;longitude;coord_x;coord_y;crs;country;state;sample_date;sample_year;sample_period_start;sample_period_end;depth_top_cm;depth_bottom_cm;layer_thickness_cm;carbon_content_g_kg;carbon_analysis_method;carbon_stock_kg_m2;carbon_stock_mg_ha;bulk_density_g_cm3;coarse_fragments_fraction;carbon_stock_00_05;carbon_stock_05_15;carbon_stock_15_30;carbon_stock_30_60;carbon_stock_60_100;target_kind;target_value;target_unit;derivation_method;quality_flag;duplicate_group_id;duplicate_status;duplicate_resolution
soildata_dataset:doi:10.60502/SoilData/YOHSMZ:568:dados.tab:685.0:30-40:30-40:carbon_content;soildata_dataset;doi:10.60502/SoilData/YOHSMZ;685.0;-8.274054139;-38.4459024;-38.4459024;-8.274054139;EPSG:4326;Brazil;;;;;;30;40;10;11.4;Combustão seca - analisador elementar;;;;;;;;;;carbon_content;11.4;g/kg;reported_or_unit_converted_by_source;ok;dup-001528;duplicate;removed_confirmed_duplicate:exact_scientific_match:soildata_dataset
soildata_dataset:doi:10.60502/SoilData/YOHSMZ:568:dados.tab:720.0:30-40:30-40:carbon_content;soildata_dataset;doi:10.60502/SoilData/YOHSMZ;720.0;-8.083665842;-37.57466711;-37.57466711;-8.083665842;EPSG:4326;Brazil;;;;;;30;40;10;8.9;Combustão seca - analisador elementar;;;;;;;;;;carbon_content;8.9;g/kg;reported_or_unit_converted_by_source;ok;dup-001496;duplicate;removed_confirmed_duplicate:exact_scientific_match:soildata_dataset
mapbiomas_soc:ctb0033-RO1015:1996:0-15:soc_stock_layer;mapbiomas_soc;doi:10.60502/SoilData/IUZOAK;ctb0033-RO1015;-12.2088919399071;-63.8475023383532;-63.8475023383532;-12.2088919399071;EPSG:4326;Brazil;;;1996;1996;1996;0;15;15;8.4;Não informado;1.481;14.81;1.43;17.7853068576575;;;;;;soc_stock_layer;1481;g/m2;reported_by_source;ok;dup-000074;duplicate;removed_confirmed_duplicate:shared_source_observation_id:mapbiomas_soc
mapbiomas_soc:ctb0033-RO1015:1996:15-30:soc_stock_layer;mapbiomas_soc;doi:10.60502/SoilData/IUZOAK;ctb0033-RO1015;-12.2088919399071;-63.8475023383532;-63.8475023383532;-12.2088919399071;EPSG:4326;Brazil;;;1996;1996;1996;15;30;15;6.78709867844765;Não informado;1.212;12.12;1.42;16.1462222523929;;;;;;soc_stock_layer;1212;g/m2;reported_by_source;ok;dup-000075;duplicate;removed_confirmed_duplicate:shared_source_observation_id:mapbiomas_soc
mapbiomas_soc:ctb0033-RO2012:1996:2-30:soc_stock_layer;mapbiomas_soc;doi:10.60502/SoilData/IUZOAK;ctb0033-RO2012;-10.7000088643791;-64.8469374980779;-64.8469374980779;-10.7000088643791;EPSG:4326;Brazil;;;1996;1996;1996;2;30;28;7.57808438760803;Não informado;2.992;29.92;1.41;0;;;;;;soc_stock_layer;2992;g/m2;reported_by_source;ok;dup-000035;duplicate;removed_confirmed_duplicate:shared_source_observation_id:mapbiomas_soc
mapbiomas_soc:ctb0033-RO2493:1997:0-20:soc_stock_layer;mapbiomas_soc;doi:10.60502/SoilData/IUZOAK;ctb0033-RO2493;-12.689453412322;-61.4733312318849;-61.4733312318849;-12.689453412322;EPSG:4326;Brazil;;;1997;1997;1997;0;20;20;41.9;Não informado;7.933;79.33;0.95;0.354147250698975;;;;;;soc_stock_layer;7933;g/m2;reported_by_source;ok;dup-000128;duplicate;removed_confirmed_duplicate:shared_source_observation_id:mapbiomas_soc
mapbiomas_soc:ctb0033-RO2493:1997:0-20:soc_stock_layer;mapbiomas_soc;doi:10.60502/SoilData/IUZOAK;ctb0033-RO2493;-12.6894505997209;-61.4733277925218;-61.4733277925218;-12.6894505997209;EPSG:4326;Brazil;;;1997;1997;1997;0;20;20;41.9;Não informado;7.933;79.33;0.95;0.354147250698975;;;;;;soc_stock_layer;7933;g/m2;reported_by_source;ok;dup-000128;duplicate;removed_confirmed_duplicate:shared_source_observation_id:mapbiomas_soc
mapbiomas_soc:ctb0033-RO2493:1997:20-30:soc_stock_layer;mapbiomas_soc;doi:10.60502/SoilData/IUZOAK;ctb0033-RO2493;-12.689453412322;-61.4733312318849;-61.4733312318849;-12.689453412322;EPSG:4326;Brazil;;;1997;1997;1997;20;30;10;29.1159686705048;Não informado;2.987;29.87;1.03;0.383855700070808;;;;;;soc_stock_layer;2987;g/m2;reported_by_source;ok;dup-000129;duplicate;removed_confirmed_duplicate:shared_source_observation_id:mapbiomas_soc
mapbiomas_soc:ctb0033-RO2493:1997:20-30:soc_stock_layer;mapbiomas_soc;doi:10.60502/SoilData/IUZOAK;ctb0033-RO2493;-12.6894505997209;-61.4733277925218;-61.4733277925218;-12.6894505997209;EPSG:4326;Brazil;;;1997;1997;1997;20;30;10;29.1159686705048;Não informado;2.987;29.87;1.03;0.383855700070808;;;;;;soc_stock_layer;2987;g/m2;reported_by_source;ok;dup-000129;duplicate;removed_confirmed_duplicate:shared_source_observation_id:mapbiomas_soc
mapbiomas_soc:ctb0066-P25_0_20:2006:20-30:soc_stock_layer;mapbiomas_soc;doi:10.60502/SoilData/IUZOAK;ctb0066-P25_0_20;-23.7512043894201;-45.9293794516604;-45.9293794516604;-23.7512043894201;EPSG:4326;Brazil;;;2006;2006;2006;20;30;10;230;Não informado;19.81;198.1;0.92;6.37831330481329;;;;;;soc_stock_layer;19810;g/m2;reported_by_source;ok;dup-000843;duplicate;removed_confirmed_duplicate:exact_scientific_match:mapbiomas_soc
mapbiomas_soc:ctb0066-P31_0_20:2006:20-30:soc_stock_layer;mapbiomas_soc;doi:10.60502/SoilData/IUZOAK;ctb0066-P31_0_20;-23.7610485771389;-45.9444304765448;-45.9444304765448;-23.7610485771389;EPSG:4326;Brazil;;;2006;2006;2006;20;30;10;10;Não informado;1.201;12.01;1.3;7.57701915070774;;;;;;soc_stock_layer;1201;g/m2;reported_by_source;ok;dup-000844;duplicate;removed_confirmed_duplicate:exact_scientific_match:mapbiomas_soc
mapbiomas_soc:ctb0066-P68_0_20:2006:20-30:soc_stock_layer;mapbiomas_soc;doi:10.60502/SoilData/IUZOAK;ctb0066-P68_0_20;-23.7493434410495;-45.9542026009823;-45.9542026009823;-23.7493434410495;EPSG:4326;Brazil;;;2006;2006;2006;20;30;10;250;Não informado;21.433;214.33;0.91;5.79001117473761;;;;;;soc_stock_layer;21433;g/m2;reported_by_source;ok;dup-000842;duplicate;removed_confirmed_duplicate:exact_scientific_match:mapbiomas_soc
mapbiomas_soc:ctb0066-P92_0_20:2006:20-30:soc_stock_layer;mapbiomas_soc;doi:10.60502/SoilData/IUZOAK;ctb0066-P92_0_20;-23.7213654928246;-45.8637159395497;-45.8637159395497;-23.7213654928246;EPSG:4326;Brazil;;;2006;2006;2006;20;30;10;140;Não informado;11.956;119.56;0.91;6.15571279782676;;;;;;soc_stock_layer;11956;g/m2;reported_by_source;ok;dup-000840;duplicate;removed_confirmed_duplicate:exact_scientific_match:mapbiomas_soc
mapbiomas_soc:ctb0637-Perfil-36:1985:0-25:soc_stock_layer;mapbiomas_soc;doi:10.60502/SoilData/IUZOAK;ctb0637-Perfil-36;-6.41665902548387;-41.6333283375138;-41.6333283375138;-6.41665902548387;EPSG:4326;Brazil;;;1985;1985;1985;0;25;25;12.1;Não informado;4.087;40.87;1.38;2.08943171494903;;;;;;soc_stock_layer;4087;g/m2;reported_by_source;ok;dup-001110;duplicate;removed_confirmed_duplicate:shared_source_observation_id:mapbiomas_soc
mapbiomas_soc:ctb0637-Perfil-36:1985:25-30:soc_stock_layer;mapbiomas_soc;doi:10.60502/SoilData/IUZOAK;ctb0637-Perfil-36;-6.41665902548387;-41.6333283375138;-41.6333283375138;-6.41665902548387;EPSG:4326;Brazil;;;1985;1985;1985;25;30;5;9.02341389961788;Não informado;0.599;5.99;1.4;5.15126737530662;;;;;;soc_stock_layer;599;g/m2;reported_by_source;ok;dup-001111;duplicate;removed_confirmed_duplicate:shared_source_observation_id:mapbiomas_soc
mapbiomas_soc:ctb0670-Perfil-Rio-7:1985:0-14:soc_stock_layer;mapbiomas_soc;doi:10.60502/SoilData/IUZOAK;ctb0670-Perfil-Rio-7;-22.75;-43.68333;-43.68333;-22.75;EPSG:4326;Brazil;;;1985;1985;1985;0;14;14;12.3;Não informado;2.352;23.52;1.38;1.03231597845601;;;;;;soc_stock_layer;2352;g/m2;reported_by_source;ok;dup-000773;duplicate;removed_confirmed_duplicate:exact_scientific_match:mapbiomas_soc
mapbiomas_soc:ctb0768-172:1985:0-15:soc_stock_layer;mapbiomas_soc;doi:10.60502/SoilData/IUZOAK;ctb0768-172;-18.6;-49.51667;-49.51667;-18.6;EPSG:4326;Brazil;;;1985;1985;1985;0;15;15;39.7;Não informado;6.431;64.31;1.08;0;;;;;;soc_stock_layer;6431;g/m2;reported_by_source;ok;dup-000320;duplicate;removed_confirmed_duplicate:exact_scientific_match:mapbiomas_soc
mapbiomas_soc:ctb0768-172:1985:15-30:soc_stock_layer;mapbiomas_soc;doi:10.60502/SoilData/IUZOAK;ctb0768-172;-18.6;-49.51667;-49.51667;-18.6;EPSG:4326;Brazil;;;1985;1985;1985;15;30;15;14;Não informado;2.509;25.09;1.2;0.440431622990531;;;;;;soc_stock_layer;2509;g/m2;reported_by_source;ok;dup-000321;duplicate;removed_confirmed_duplicate:exact_scientific_match:mapbiomas_soc
mapbiomas_soc:ctb0768-193:1985:0-16:soc_stock_layer;mapbiomas_soc;doi:10.60502/SoilData/IUZOAK;ctb0768-193;-18.38333;-48.56667;-48.56667;-18.38333;EPSG:4326;Brazil;;;1985;1985;1985;0;16;16;22.1;Não informado;3.256;32.56;1.32;30.2427610412401;;;;;;soc_stock_layer;3256;g/m2;reported_by_source;ok;dup-000300;duplicate;removed_confirmed_duplicate:exact_scientific_match:mapbiomas_soc
mapbiomas_soc:ctb0768-193:1985:16-30:soc_stock_layer;mapbiomas_soc;doi:10.60502/SoilData/IUZOAK;ctb0768-193;-18.38333;-48.56667;-48.56667;-18.38333;EPSG:4326;Brazil;;;1985;1985;1985;16;30;14;16.1;Não informado;1.86;18.6;1.35;38.8888888888889;;;;;;soc_stock_layer;1860;g/m2;reported_by_source;ok;dup-000301;duplicate;removed_confirmed_duplicate:exact_scientific_match:mapbiomas_soc
mapbiomas_soc:ctb0768-204:1985:0-13:soc_stock_layer;mapbiomas_soc;doi:10.60502/SoilData/IUZOAK;ctb0768-204;-18.45;-48.21667;-48.21667;-18.45;EPSG:4326;Brazil;;;1985;1985;1985;0;13;13;8.2;Não informado;1.376;13.76;1.31;1.45712061102666;;;;;;soc_stock_layer;1376;g/m2;reported_by_source;ok;dup-000316;duplicate;removed_confirmed_duplicate:exact_scientific_match:mapbiomas_soc
mapbiomas_soc:ctb0768-204:1985:13-30:soc_stock_layer;mapbiomas_soc;doi:10.60502/SoilData/IUZOAK;ctb0768-204;-18.45;-48.21667;-48.21667;-18.45;EPSG:4326;Brazil;;;1985;1985;1985;13;30;17;7.6;Não informado;1.647;16.47;1.3;1.93856248135998;;;;;;soc_stock_layer;1647;g/m2;reported_by_source;ok;dup-000317;duplicate;removed_confirmed_duplicate:exact_scientific_match:mapbiomas_soc
mapbiomas_soc:ctb0768-248:1985:10-30:soc_stock_layer;mapbiomas_soc;doi:10.60502/SoilData/IUZOAK;ctb0768-248;-19.35;-49.86667;-49.86667;-19.35;EPSG:4326;Brazil;;;1985;1985;1985;10;30;20;1.3;Não informado;0.369;3.69;1.42;0;;;;;;soc_stock_layer;369;g/m2;reported_by_source;ok;dup-000397;duplicate;removed_confirmed_duplicate:exact_scientific_match:mapbiomas_soc
mapbiomas_soc:ctb0768-269:1985:15-30:soc_stock_layer;mapbiomas_soc;doi:10.60502/SoilData/IUZOAK;ctb0768-269;-19.33333;-48.11667;-48.11667;-19.33333;EPSG:4326;Brazil;;;1985;1985;1985;15;30;15;15;Não informado;2.385;23.85;1.06;0;;;;;;soc_stock_layer;2385;g/m2;reported_by_source;ok;dup-000391;duplicate;removed_confirmed_duplicate:exact_scientific_match:mapbiomas_soc
mapbiomas_soc:ctb0817-Perfil-A:1985:0-10:soc_stock_layer;mapbiomas_soc;doi:10.60502/SoilData/IUZOAK;ctb0817-Perfil-A;-16.15;-58.01667;-58.01667;-16.15;EPSG:4326;Brazil;;;1985;1985;1985;0;10;10;11.2;Não informado;1.558;15.58;1.4;0.653442240373396;;;;;;soc_stock_layer;1558;g/m2;reported_by_source;ok;dup-000249;duplicate;removed_confirmed_duplicate:exact_scientific_match:mapbiomas_soc
mapbiomas_soc:ctb0817-Perfil-A:1985:10-25:soc_stock_layer;mapbiomas_soc;doi:10.60502/SoilData/IUZOAK;ctb0817-Perfil-A;-16.15;-58.01667;-58.01667;-16.15;EPSG:4326;Brazil;;;1985;1985;1985;10;25;15;6.5;Não informado;1.365;13.65;1.4;0;;;;;;soc_stock_layer;1365;g/m2;reported_by_source;ok;dup-000250;duplicate;removed_confirmed_duplicate:exact_scientific_match:mapbiomas_soc
mapbiomas_soc:ctb0817-Perfil-A:1985:25-30:soc_stock_layer;mapbiomas_soc;doi:10.60502/SoilData/IUZOAK;ctb0817-Perfil-A;-16.15;-58.01667;-58.01667;-16.15;EPSG:4326;Brazil;;;1985;1985;1985;25;30;5;4.6;Não informado;0.324;3.24;1.42;0.662715265786158;;;;;;soc_stock_layer;324;g/m2;reported_by_source;ok;dup-000251;duplicate;removed_confirmed_duplicate:exact_scientific_match:mapbiomas_soc
mapbiomas_soc:ctb0817-Perfil-C:1985:0-10:soc_stock_layer;mapbiomas_soc;doi:10.60502/SoilData/IUZOAK;ctb0817-Perfil-C;-14.61667;-57.53333;-57.53333;-14.61667;EPSG:4326;Brazil;;;1985;1985;1985;0;10;10;46.7;Não informado;4.67;46.7;1;0;;;;;;soc_stock_layer;4670;g/m2;reported_by_source;ok;dup-000185;duplicate;removed_confirmed_duplicate:exact_scientific_match:mapbiomas_soc
mapbiomas_soc:ctb0817-Perfil-C:1985:10-20:soc_stock_layer;mapbiomas_soc;doi:10.60502/SoilData/IUZOAK;ctb0817-Perfil-C;-14.61667;-57.53333;-57.53333;-14.61667;EPSG:4326;Brazil;;;1985;1985;1985;10;20;10;23.7;Não informado;2.678;26.78;1.13;0;;;;;;soc_stock_layer;2678;g/m2;reported_by_source;ok;dup-000186;duplicate;removed_confirmed_duplicate:exact_scientific_match:mapbiomas_soc
mapbiomas_soc:ctb0817-Perfil-C:1985:20-30:soc_stock_layer;mapbiomas_soc;doi:10.60502/SoilData/IUZOAK;ctb0817-Perfil-C;-14.61667;-57.53333;-57.53333;-14.61667;EPSG:4326;Brazil;;;1985;1985;1985;20;30;10;15;Não informado;1.77;17.7;1.18;0;;;;;;soc_stock_layer;1770;g/m2;reported_by_source;ok;dup-000187;duplicate;removed_confirmed_duplicate:exact_scientific_match:mapbiomas_soc
mapbiomas_soc:ctb0829-P34:2000:0-30:soc_stock_layer;mapbiomas_soc;doi:10.60502/SoilData/IUZOAK;ctb0829-P34;-6.877444;-59.2255;-59.2255;-6.877444;EPSG:4326;Brazil;;;2000;2000;2000;0;30;30;11.7;Não informado;4.247;42.47;1.21;0;;;;;;soc_stock_layer;4247;g/m2;reported_by_source;ok;dup-001192;duplicate;removed_confirmed_duplicate:exact_scientific_match:mapbiomas_soc
mapbiomas_soc:ctb0832-84:1985:0-30:soc_stock_layer;mapbiomas_soc;doi:10.60502/SoilData/IUZOAK;ctb0832-84;-21.83332352104;-42.2833386382265;-42.2833386382265;-21.83332352104;EPSG:4326;Brazil;;;1985;1985;1985;0;30;30;6.1;Não informado;2.531;25.31;1.39;0.517324798094458;;;;;;soc_stock_layer;2531;g/m2;reported_by_source;ok;dup-000584;duplicate;removed_confirmed_duplicate:shared_source_observation_id:mapbiomas_soc
mapbiomas_soc:ctb0832-E-Rio-112:1985:0-25:soc_stock_layer;mapbiomas_soc;doi:10.60502/SoilData/IUZOAK;ctb0832-E-Rio-112;-21.6999911673104;-42.1166656565799;-42.1166656565799;-21.6999911673104;EPSG:4326;Brazil;;;1985;1985;1985;0;25;25;4.8;Não informado;1.686;16.86;1.42;1.06192043075082;;;;;;soc_stock_layer;1686;g/m2;reported_by_source;ok;dup-000579;duplicate;removed_confirmed_duplicate:shared_source_observation_id:mapbiomas_soc
mapbiomas_soc:ctb0832-E-Rio-112:1985:0-25:soc_stock_layer;mapbiomas_soc;doi:10.60502/SoilData/IUZOAK;ctb0832-E-Rio-112;-21.6999930873607;-42.1166732295955;-42.1166732295955;-21.6999930873607;EPSG:4326;Brazil;;;1985;1985;1985;0;25;25;4.8;Não informado;1.686;16.86;1.42;1.06192043075082;;;;;;soc_stock_layer;1686;g/m2;reported_by_source;ok;dup-000579;duplicate;removed_confirmed_duplicate:shared_source_observation_id:mapbiomas_soc
mapbiomas_soc:ctb0832-E-Rio-112:1985:0-25:soc_stock_layer;mapbiomas_soc;doi:10.60502/SoilData/IUZOAK;ctb0832-E-Rio-112;-21.6999911673104;-42.1166656565799;-42.1166656565799;-21.6999911673104;EPSG:4326;Brazil;;;1985;1985;1985;0;25;25;4.8;Não informado;1.686;16.86;1.42;1.06192043075082;;;;;;soc_stock_layer;1686;g/m2;reported_by_source;ok;dup-000579;duplicate;removed_confirmed_duplicate:shared_source_observation_id:mapbiomas_soc
mapbiomas_soc:ctb0832-E-Rio-16:1985:20-30:soc_stock_layer;mapbiomas_soc;doi:10.60502/SoilData/IUZOAK;ctb0832-E-Rio-16;-22.4333367419312;-42.93333371354;-42.93333371354;-22.4333367419312;EPSG:4326;Brazil;;;1985;1985;1985;20;30;10;12.95;Não informado;1.663;16.63;1.31;1.98154590833459;;;;;;soc_stock_layer;1663;g/m2;reported_by_source;ok;dup-000634;duplicate;removed_confirmed_duplicate:shared_source_observation_id:mapbiomas_soc
bdsolos_embrapa:bdsolos_public_carbono_organico:17838217994171b7f97f5e9da5136d29df85d7ae6e2992f.csv:641:7080:20688:0-15:carbon_content;bdsolos_embrapa;bdsolos_public_carbono_organico;641:7080:20688;-22.466666666666665;-44.516666666666666;-44.516666666666666;-22.466666666666665;EPSG:4326;Brazil;RJ;1982-07-29;1982;1982;1982;0;15;15;14.8;Não informado;;;1.27;0.01;;;;;;carbon_content;14.8;g/kg;reported_bdsolos_carbono_organico_g_kg;ok;dup-000635;duplicate;removed_confirmed_duplicate:exact_scientific_match:bdsolos_embrapa
bdsolos_embrapa:bdsolos_public_carbono_organico:17838217994171b7f97f5e9da5136d29df85d7ae6e2992f.csv:641:7080:20689:15-30:carbon_content;bdsolos_embrapa;bdsolos_public_carbono_organico;641:7080:20689;-22.466666666666665;-44.516666666666666;-44.516666666666666;-22.466666666666665;EPSG:4326;Brazil;RJ;1982-07-29;1982;1982;1982;15;30;15;8.2;Não informado;;;;0.01;;;;;;carbon_content;8.2;g/kg;reported_bdsolos_carbono_organico_g_kg;ok;dup-000637;duplicate;removed_confirmed_duplicate:exact_scientific_match:bdsolos_embrapa
bdsolos_embrapa:bdsolos_public_carbono_organico:17838217994171b7f97f5e9da5136d29df85d7ae6e2992f.csv:641:7080:20690:30-45:carbon_content;bdsolos_embrapa;bdsolos_public_carbono_organico;641:7080:20690;-22.466666666666665;-44.516666666666666;-44.516666666666666;-22.466666666666665;EPSG:4326;Brazil;RJ;1982-07-29;1982;1982;1982;30;45;15;6.3;Não informado;;;;0.01;;;;;;carbon_content;6.3;g/kg;reported_bdsolos_carbono_organico_g_kg;ok;dup-000638;duplicate;removed_confirmed_duplicate:exact_scientific_match:bdsolos_embrapa
bdsolos_embrapa:bdsolos_public_carbono_organico:17838217994171b7f97f5e9da5136d29df85d7ae6e2992f.csv:641:7080:20691:45-145:carbon_content;bdsolos_embrapa;bdsolos_public_carbono_organico;641:7080:20691;-22.466666666666665;-44.516666666666666;-44.516666666666666;-22.466666666666665;EPSG:4326;Brazil;RJ;1982-07-29;1982;1982;1982;45;145;100;3.8;Não informado;;;;0.01;;;;;;carbon_content;3.8;g/kg;reported_bdsolos_carbono_organico_g_kg;ok;dup-000642;duplicate;removed_confirmed_duplicate:exact_scientific_match:bdsolos_embrapa
bdsolos_embrapa:bdsolos_public_carbono_organico:17838217994171b7f97f5e9da5136d29df85d7ae6e2992f.csv:641:7080:20692:145-325:carbon_content;bdsolos_embrapa;bdsolos_public_carbono_organico;641:7080:20692;-22.466666666666665;-44.516666666666666;-44.516666666666666;-22.466666666666665;EPSG:4326;Brazil;RJ;1982-07-29;1982;1982;1982;145;325;180;2.1;Não informado;;;1.57;0.01;;;;;;carbon_content;2.1;g/kg;reported_bdsolos_carbono_organico_g_kg;ok;dup-000636;duplicate;removed_confirmed_duplicate:exact_scientific_match:bdsolos_embrapa
bdsolos_embrapa:bdsolos_public_carbono_organico:17838217994171b7f97f5e9da5136d29df85d7ae6e2992f.csv:641:7080:20693:325-355:carbon_content;bdsolos_embrapa;bdsolos_public_carbono_organico;641:7080:20693;-22.466666666666665;-44.516666666666666;-44.516666666666666;-22.466666666666665;EPSG:4326;Brazil;RJ;1982-07-29;1982;1982;1982;325;355;30;1.4;Não informado;;;;0.04;;;;;;carbon_content;1.4;g/kg;reported_bdsolos_carbono_organico_g_kg;ok;dup-000639;duplicate;removed_confirmed_duplicate:exact_scientific_match:bdsolos_embrapa
bdsolos_embrapa:bdsolos_public_carbono_organico:17838217994171b7f97f5e9da5136d29df85d7ae6e2992f.csv:641:7080:20694:355-405:carbon_content;bdsolos_embrapa;bdsolos_public_carbono_organico;641:7080:20694;-22.466666666666665;-44.516666666666666;-44.516666666666666;-22.466666666666665;EPSG:4326;Brazil;RJ;1982-07-29;1982;1982;1982;355;405;50;0.4;Não informado;;;;0.03;;;;;;carbon_content;0.4;g/kg;reported_bdsolos_carbono_organico_g_kg;ok;dup-000640;duplicate;removed_confirmed_duplicate:exact_scientific_match:bdsolos_embrapa
bdsolos_embrapa:bdsolos_public_carbono_organico:17838217994171b7f97f5e9da5136d29df85d7ae6e2992f.csv:641:7080:20695:405-430:carbon_content;bdsolos_embrapa;bdsolos_public_carbono_organico;641:7080:20695;-22.466666666666665;-44.516666666666666;-44.516666666666666;-22.466666666666665;EPSG:4326;Brazil;RJ;1982-07-29;1982;1982;1982;405;430;25;0.4;Não informado;;;;0.05;;;;;;carbon_content;0.4;g/kg;reported_bdsolos_carbono_organico_g_kg;ok;dup-000641;duplicate;removed_confirmed_duplicate:exact_scientific_match:bdsolos_embrapa
bdsolos_embrapa:bdsolos_public_carbono_organico:17838217994171b7f97f5e9da5136d29df85d7ae6e2992f.csv:651:7381:21862:0-20:carbon_content;bdsolos_embrapa;bdsolos_public_carbono_organico;651:7381:21862;-22.666666666666668;-42.086111111111116;-42.086111111111116;-22.666666666666668;EPSG:4326;Brazil;RJ;1987-04-23;1987;1987;1987;0;20;20;13.5;Não informado;;;1.4;0.04;;;;;;carbon_content;13.5;g/kg;reported_bdsolos_carbono_organico_g_kg;ok;dup-000727;duplicate;removed_confirmed_duplicate:exact_scientific_match:bdsolos_embrapa
bdsolos_embrapa:bdsolos_public_carbono_organico:17838217994171b7f97f5e9da5136d29df85d7ae6e2992f.csv:651:7381:21877:20-40:carbon_content;bdsolos_embrapa;bdsolos_public_carbono_organico;651:7381:21877;-22.666666666666668;-42.086111111111116;-42.086111111111116;-22.666666666666668;EPSG:4326;Brazil;RJ;1987-04-23;1987;1987;1987;20;40;20;7.5;Não informado;;;1.5;0.07;;;;;;carbon_content;7.5;g/kg;reported_bdsolos_carbono_organico_g_kg;ok;dup-000729;duplicate;removed_confirmed_duplicate:exact_scientific_match:bdsolos_embrapa
bdsolos_embrapa:bdsolos_public_carbono_organico:17838217994171b7f97f5e9da5136d29df85d7ae6e2992f.csv:651:7381:21889:40-80:carbon_content;bdsolos_embrapa;bdsolos_public_carbono_organico;651:7381:21889;-22.666666666666668;-42.086111111111116;-42.086111111111116;-22.666666666666668;EPSG:4326;Brazil;RJ;1987-04-23;1987;1987;1987;40;80;40;4.2;Não informado;;;1.69;0.03;;;;;;carbon_content;4.2;g/kg;reported_bdsolos_carbono_organico_g_kg;ok;dup-000730;duplicate;removed_confirmed_duplicate:exact_scientific_match:bdsolos_embrapa
bdsolos_embrapa:bdsolos_public_carbono_organico:17838217994171b7f97f5e9da5136d29df85d7ae6e2992f.csv:651:7381:21893:80-135:carbon_content;bdsolos_embrapa;bdsolos_public_carbono_organico;651:7381:21893;-22.666666666666668;-42.086111111111116;-42.086111111111116;-22.666666666666668;EPSG:4326;Brazil;RJ;1987-04-23;1987;1987;1987;80;135;55;3.6;Não informado;;;1.63;0.02;;;;;;carbon_content;3.6;g/kg;reported_bdsolos_carbono_organico_g_kg;ok;dup-000731;duplicate;removed_confirmed_duplicate:exact_scientific_match:bdsolos_embrapa
bdsolos_embrapa:bdsolos_public_carbono_organico:17838217994171b7f97f5e9da5136d29df85d7ae6e2992f.csv:654:7427:22032:0-21:carbon_content;bdsolos_embrapa;bdsolos_public_carbono_organico;654:7427:22032;-7.640833333333333;-34.95138888888889;-34.95138888888889;-7.640833333333333;EPSG:4326;Brazil;PE;1998-03-19;1998;1998;1998;0;21;21;11.1;Não informado;;;1.39;;;;;;;carbon_content;11.1;g/kg;reported_bdsolos_carbono_organico_g_kg;ok;dup-001364;duplicate;removed_confirmed_duplicate:exact_scientific_match:bdsolos_embrapa
bdsolos_embrapa:bdsolos_public_carbono_organico:17838217994171b7f97f5e9da5136d29df85d7ae6e2992f.csv:654:7427:22033:21-36:carbon_content;bdsolos_embrapa;bdsolos_public_carbono_organico;654:7427:22033;-7.640833333333333;-34.95138888888889;-34.95138888888889;-7.640833333333333;EPSG:4326;Brazil;PE;1998-03-19;1998;1998;1998;21;36;15;3.9;Não informado;;;1.57;;;;;;;carbon_content;3.9;g/kg;reported_bdsolos_carbono_organico_g_kg;ok;dup-001366;duplicate;removed_confirmed_duplicate:exact_scientific_match:bdsolos_embrapa
bdsolos_embrapa:bdsolos_public_carbono_organico:17838217994171b7f97f5e9da5136d29df85d7ae6e2992f.csv:654:7427:22034:36-82:carbon_content;bdsolos_embrapa;bdsolos_public_carbono_organico;654:7427:22034;-7.640833333333333;-34.95138888888889;-34.95138888888889;-7.640833333333333;EPSG:4326;Brazil;PE;1998-03-19;1998;1998;1998;36;82;46;2.6;Não informado;;;1.59;;;;;;;carbon_content;2.6;g/kg;reported_bdsolos_carbono_organico_g_kg;ok;dup-001367;duplicate;removed_confirmed_duplicate:exact_scientific_match:bdsolos_embrapa
bdsolos_embrapa:bdsolos_public_carbono_organico:17838217994171b7f97f5e9da5136d29df85d7ae6e2992f.csv:654:7427:22037:82-130:carbon_content;bdsolos_embrapa;bdsolos_public_carbono_organico;654:7427:22037;-7.640833333333333;-34.95138888888889;-34.95138888888889;-7.640833333333333;EPSG:4326;Brazil;PE;1998-03-19;1998;1998;1998;82;130;48;7.8;Não informado;;;1.56;;;;;;;carbon_content;7.8;g/kg;reported_bdsolos_carbono_organico_g_kg;ok;dup-001368;duplicate;removed_confirmed_duplicate:exact_scientific_match:bdsolos_embrapa
bdsolos_embrapa:bdsolos_public_carbono_organico:17838217994171b7f97f5e9da5136d29df85d7ae6e2992f.csv:654:7427:22039:130-160:carbon_content;bdsolos_embrapa;bdsolos_public_carbono_organico;654:7427:22039;-7.640833333333333;-34.95138888888889;-34.95138888888889;-7.640833333333333;EPSG:4326;Brazil;PE;1998-03-19;1998;1998;1998;130;160;30;16.4;Não informado;;;1.14;;;;;;;carbon_content;16.4;g/kg;reported_bdsolos_carbono_organico_g_kg;ok;dup-001365;duplicate;removed_confirmed_duplicate:exact_scientific_match:bdsolos_embrapa
bdsolos_embrapa:bdsolos_public_carbono_organico:17838217994171b7f97f5e9da5136d29df85d7ae6e2992f.csv:654:7430:22042:0-12:carbon_content;bdsolos_embrapa;bdsolos_public_carbono_organico;654:7430:22042;-5.798611111111111;-35.83777777777778;-35.83777777777778;-5.798611111111111;EPSG:4326;Brazil;RN;1967-08-24;1967;1967;1967;0;12;12;7.1;Não informado;;;;0.12;;;;;;carbon_content;7.1;g/kg;reported_bdsolos_carbono_organico_g_kg;ok;dup-001053;duplicate;removed_confirmed_duplicate:exact_scientific_match:bdsolos_embrapa
bdsolos_embrapa:bdsolos_public_carbono_organico:17838217994171b7f97f5e9da5136d29df85d7ae6e2992f.csv:654:7430:22044:12-20:carbon_content;bdsolos_embrapa;bdsolos_public_carbono_organico;654:7430:22044;-5.798611111111111;-35.83777777777778;-35.83777777777778;-5.798611111111111;EPSG:4326;Brazil;RN;1967-08-24;1967;1967;1967;12;20;8;5.3;Não informado;;;;0.09;;;;;;carbon_content;5.3;g/kg;reported_bdsolos_carbono_organico_g_kg;ok;dup-001054;duplicate;removed_confirmed_duplicate:exact_scientific_match:bdsolos_embrapa
bdsolos_embrapa:bdsolos_public_carbono_organico:17838217994171b7f97f5e9da5136d29df85d7ae6e2992f.csv:654:7430:22046:20-50:carbon_content;bdsolos_embrapa;bdsolos_public_carbono_organico;654:7430:22046;-5.798611111111111;-35.83777777777778;-35.83777777777778;-5.798611111111111;EPSG:4326;Brazil;RN;1967-08-24;1967;1967;1967;20;50;30;2.7;Não informado;;;;0.05;;;;;;carbon_content;2.7;g/kg;reported_bdsolos_carbono_organico_g_kg;ok;dup-001055;duplicate;removed_confirmed_duplicate:exact_scientific_match:bdsolos_embrapa
bdsolos_embrapa:bdsolos_public_carbono_organico:17838217994171b7f97f5e9da5136d29df85d7ae6e2992f.csv:654:7430:22049:50-74:carbon_content;bdsolos_embrapa;bdsolos_public_carbono_organico;654:7430:22049;-5.798611111111111;-35.83777777777778;-35.83777777777778;-5.798611111111111;EPSG:4326;Brazil;RN;1967-08-24;1967;1967;1967;50;74;24;2.4;Não informado;;;;0.12;;;;;;carbon_content;2.4;g/kg;reported_bdsolos_carbono_organico_g_kg;ok;dup-001056;duplicate;removed_confirmed_duplicate:exact_scientific_match:bdsolos_embrapa
bdsolos_embrapa:bdsolos_public_carbono_organico:17838217994171b7f97f5e9da5136d29df85d7ae6e2992f.csv:654:7443:22089:0-14:carbon_content;bdsolos_embrapa;bdsolos_public_carbono_organico;654:7443:22089;-5.244722222222222;-37.52305555555555;-37.52305555555555;-5.244722222222222;EPSG:4326;Brazil;RN;1997-05-30;1997;1997;1997;0;14;14;10.4;Não informado;;;1.39;;;;;;;carbon_content;10.4;g/kg;reported_bdsolos_carbono_organico_g_kg;ok;dup-001009;duplicate;removed_confirmed_duplicate:exact_scientific_match:bdsolos_embrapa
bdsolos_embrapa:bdsolos_public_carbono_organico:17838217994171b7f97f5e9da5136d29df85d7ae6e2992f.csv:654:7443:22091:14-35:carbon_content;bdsolos_embrapa;bdsolos_public_carbono_organico;654:7443:22091;-5.244722222222222;-37.52305555555555;-37.52305555555555;-5.244722222222222;EPSG:4326;Brazil;RN;1997-05-30;1997;1997;1997;14;35;21;3.9;Não informado;;;1.36;;;;;;;carbon_content;3.9;g/kg;reported_bdsolos_carbono_organico_g_kg;ok;dup-001011;duplicate;removed_confirmed_duplicate:exact_scientific_match:bdsolos_embrapa
bdsolos_embrapa:bdsolos_public_carbono_organico:17838217994171b7f97f5e9da5136d29df85d7ae6e2992f.csv:654:7443:22144:35-85:carbon_content;bdsolos_embrapa;bdsolos_public_carbono_organico;654:7443:22144;-5.244722222222222;-37.52305555555555;-37.52305555555555;-5.244722222222222;EPSG:4326;Brazil;RN;1997-05-30;1997;1997;1997;35;85;50;2.9;Não informado;;;1.36;;;;;;;carbon_content;2.9;g/kg;reported_bdsolos_carbono_organico_g_kg;ok;dup-001012;duplicate;removed_confirmed_duplicate:exact_scientific_match:bdsolos_embrapa
bdsolos_embrapa:bdsolos_public_carbono_organico:17838217994171b7f97f5e9da5136d29df85d7ae6e2992f.csv:654:7443:22145:85-130:carbon_content;bdsolos_embrapa;bdsolos_public_carbono_organico;654:7443:22145;-5.244722222222222;-37.52305555555555;-37.52305555555555;-5.244722222222222;EPSG:4326;Brazil;RN;1997-05-30;1997;1997;1997;85;130;45;2;Não informado;;;1.41;;;;;;;carbon_content;2;g/kg;reported_bdsolos_carbono_organico_g_kg;ok;dup-001013;duplicate;removed_confirmed_duplicate:exact_scientific_match:bdsolos_embrapa
bdsolos_embrapa:bdsolos_public_carbono_organico:17838217994171b7f97f5e9da5136d29df85d7ae6e2992f.csv:654:7443:22146:130-150:carbon_content;bdsolos_embrapa;bdsolos_public_carbono_organico;654:7443:22146;-5.244722222222222;-37.52305555555555;-37.52305555555555;-5.244722222222222;EPSG:4326;Brazil;RN;1997-05-30;1997;1997;1997;130;150;20;1.7;Não informado;;;;0.08;;;;;;carbon_content;1.7;g/kg;reported_bdsolos_carbono_organico_g_kg;ok;dup-001010;duplicate;removed_confirmed_duplicate:exact_scientific_match:bdsolos_embrapa
bdsolos_embrapa:bdsolos_public_carbono_organico:17838217994171b7f97f5e9da5136d29df85d7ae6e2992f.csv:654:7463:22160:0-20:carbon_content;bdsolos_embrapa;bdsolos_public_carbono_organico;654:7463:22160;-6.726111111111111;-38.30333333333333;-38.30333333333333;-6.726111111111111;EPSG:4326;Brazil;PB;1997-08-27;1997;1997;1997;0;20;20;6.3;Não informado;;;1.6;0.01;;;;;;carbon_content;6.3;g/kg;reported_bdsolos_carbono_organico_g_kg;ok;dup-001150;duplicate;removed_confirmed_duplicate:exact_scientific_match:bdsolos_embrapa
bdsolos_embrapa:bdsolos_public_carbono_organico:17838217994171b7f97f5e9da5136d29df85d7ae6e2992f.csv:654:7463:22161:20-40:carbon_content;bdsolos_embrapa;bdsolos_public_carbono_organico;654:7463:22161;-6.726111111111111;-38.30333333333333;-38.30333333333333;-6.726111111111111;EPSG:4326;Brazil;PB;1997-08-27;1997;1997;1997;20;40;20;6.1;Não informado;;;1.52;0.01;;;;;;carbon_content;6.1;g/kg;reported_bdsolos_carbono_organico_g_kg;ok;dup-001154;duplicate;removed_confirmed_duplicate:exact_scientific_match:bdsolos_embrapa
bdsolos_embrapa:bdsolos_public_carbono_organico:17838217994171b7f97f5e9da5136d29df85d7ae6e2992f.csv:654:7463:22163:90-115:carbon_content;bdsolos_embrapa;bdsolos_public_carbono_organico;654:7463:22163;-6.726111111111111;-38.30333333333333;-38.30333333333333;-6.726111111111111;EPSG:4326;Brazil;PB;1997-08-27;1997;1997;1997;90;115;25;3.8;Não informado;;;1.68;0.01;;;;;;carbon_content;3.8;g/kg;reported_bdsolos_carbono_organico_g_kg;ok;dup-001156;duplicate;removed_confirmed_duplicate:exact_scientific_match:bdsolos_embrapa
bdsolos_embrapa:bdsolos_public_carbono_organico:17838217994171b7f97f5e9da5136d29df85d7ae6e2992f.csv:654:7463:22164:115-145:carbon_content;bdsolos_embrapa;bdsolos_public_carbono_organico;654:7463:22164;-6.726111111111111;-38.30333333333333;-38.30333333333333;-6.726111111111111;EPSG:4326;Brazil;PB;1997-08-27;1997;1997;1997;115;145;30;2.3;Não informado;;;1.38;0.01;;;;;;carbon_content;2.3;g/kg;reported_bdsolos_carbono_organico_g_kg;ok;dup-001151;duplicate;removed_confirmed_duplicate:exact_scientific_match:bdsolos_embrapa
bdsolos_embrapa:bdsolos_public_carbono_organico:17838217994171b7f97f5e9da5136d29df85d7ae6e2992f.csv:654:7463:22165:145-180:carbon_content;bdsolos_embrapa;bdsolos_public_carbono_organico;654:7463:22165;-6.726111111111111;-38.30333333333333;-38.30333333333333;-6.726111111111111;EPSG:4326;Brazil;PB;1997-08-27;1997;1997;1997;145;180;35;0.9;Não informado;;;1.48;0.01;;;;;;carbon_content;0.9;g/kg;reported_bdsolos_carbono_organico_g_kg;ok;dup-001152;duplicate;removed_confirmed_duplicate:exact_scientific_match:bdsolos_embrapa
bdsolos_embrapa:bdsolos_public_carbono_organico:17838217994171b7f97f5e9da5136d29df85d7ae6e2992f.csv:654:7463:22166:180-220:carbon_content;bdsolos_embrapa;bdsolos_public_carbono_organico;654:7463:22166;-6.726111111111111;-38.30333333333333;-38.30333333333333;-6.726111111111111;EPSG:4326;Brazil;PB;1997-08-27;1997;1997;1997;180;220;40;0.9;Não informado;;;;;;;;;;carbon_content;0.9;g/kg;reported_bdsolos_carbono_organico_g_kg;ok;dup-001153;duplicate;removed_confirmed_duplicate:exact_scientific_match:bdsolos_embrapa
bdsolos_embrapa:bdsolos_public_carbono_organico:17838217994171b7f97f5e9da5136d29df85d7ae6e2992f.csv:654:7484:22242:0-6:carbon_content;bdsolos_embrapa;bdsolos_public_carbono_organico;654:7484:22242;-9.397222222222222;-40.490833333333335;-40.490833333333335;-9.397222222222222;EPSG:4326;Brazil;BA;1997-09-02;1997;1997;1997;0;6;6;12;Não informado;;;1.42;0.02;;;;;;carbon_content;12;g/kg;reported_bdsolos_carbono_organico_g_kg;ok;dup-001620;duplicate;removed_confirmed_duplicate:exact_scientific_match:bdsolos_embrapa
bdsolos_embrapa:bdsolos_public_carbono_organico:17838217994171b7f97f5e9da5136d29df85d7ae6e2992f.csv:654:7484:22243:6-30:carbon_content;bdsolos_embrapa;bdsolos_public_carbono_organico;654:7484:22243;-9.397222222222222;-40.490833333333335;-40.490833333333335;-9.397222222222222;EPSG:4326;Brazil;BA;1997-09-02;1997;1997;1997;6;30;24;5.4;Não informado;;;1.94;0.01;;;;;;carbon_content;5.4;g/kg;reported_bdsolos_carbono_organico_g_kg;ok;dup-001623;duplicate;removed_confirmed_duplicate:exact_scientific_match:bdsolos_embrapa
bdsolos_embrapa:bdsolos_public_carbono_organico:17838217994171b7f97f5e9da5136d29df85d7ae6e2992f.csv:654:7484:22245:80-115:carbon_content;bdsolos_embrapa;bdsolos_public_carbono_organico;654:7484:22245;-9.397222222222222;-40.490833333333335;-40.490833333333335;-9.397222222222222;EPSG:4326;Brazil;BA;1997-09-02;1997;1997;1997;80;115;35;3.1;Não informado;;;2.04;0.01;;;;;;carbon_content;3.1;g/kg;reported_bdsolos_carbono_organico_g_kg;ok;dup-001624;duplicate;removed_confirmed_duplicate:exact_scientific_match:bdsolos_embrapa
bdsolos_embrapa:bdsolos_public_carbono_organico:17838217994171b7f97f5e9da5136d29df85d7ae6e2992f.csv:654:7484:22246:115-140:carbon_content;bdsolos_embrapa;bdsolos_public_carbono_organico;654:7484:22246;-9.397222222222222;-40.490833333333335;-40.490833333333335;-9.397222222222222;EPSG:4326;Brazil;BA;1997-09-02;1997;1997;1997;115;140;25;2.5;Não informado;;;2.06;0.01;;;;;;carbon_content;2.5;g/kg;reported_bdsolos_carbono_organico_g_kg;ok;dup-001621;duplicate;removed_confirmed_duplicate:exact_scientific_match:bdsolos_embrapa
bdsolos_embrapa:bdsolos_public_carbono_organico:17838217994171b7f97f5e9da5136d29df85d7ae6e2992f.csv:654:7485:22247:0-28:carbon_content;bdsolos_embrapa;bdsolos_public_carbono_organico;654:7485:22247;-9.199444444444445;-40.391666666666666;-40.391666666666666;-9.199444444444445;EPSG:4326;Brazil;PE;1997-09-02;1997;1997;1997;0;28;28;1.7;Não informado;;;1.71;;;;;;;carbon_content;1.7;g/kg;reported_bdsolos_carbono_organico_g_kg;ok;dup-001611;duplicate;removed_confirmed_duplicate:exact_scientific_match:bdsolos_embrapa
bdsolos_embrapa:bdsolos_public_carbono_organico:17838217994171b7f97f5e9da5136d29df85d7ae6e2992f.csv:654:7485:22248:28-38:carbon_content;bdsolos_embrapa;bdsolos_public_carbono_organico;654:7485:22248;-9.199444444444445;-40.391666666666666;-40.391666666666666;-9.199444444444445;EPSG:4326;Brazil;PE;1997-09-02;1997;1997;1997;28;38;10;0.9;Não informado;;;1.7;0.04;;;;;;carbon_content;0.9;g/kg;reported_bdsolos_carbono_organico_g_kg;ok;dup-001612;duplicate;removed_confirmed_duplicate:exact_scientific_match:bdsolos_embrapa
bdsolos_embrapa:bdsolos_public_carbono_organico:17838217994171b7f97f5e9da5136d29df85d7ae6e2992f.csv:654:7485:22249:38-70:carbon_content;bdsolos_embrapa;bdsolos_public_carbono_organico;654:7485:22249;-9.199444444444445;-40.391666666666666;-40.391666666666666;-9.199444444444445;EPSG:4326;Brazil;PE;1997-09-02;1997;1997;1997;38;70;32;1.2;Não informado;;;2.14;0.03;;;;;;carbon_content;1.2;g/kg;reported_bdsolos_carbono_organico_g_kg;ok;dup-001613;duplicate;removed_confirmed_duplicate:exact_scientific_match:bdsolos_embrapa
bdsolos_embrapa:bdsolos_public_carbono_organico:17838217994171b7f97f5e9da5136d29df85d7ae6e2992f.csv:654:7485:22256:70-85:carbon_content;bdsolos_embrapa;bdsolos_public_carbono_organico;654:7485:22256;-9.199444444444445;-40.391666666666666;-40.391666666666666;-9.199444444444445;EPSG:4326;Brazil;PE;1997-09-02;1997;1997;1997;70;85;15;0.9;Não informado;;;2.16;0.17;;;;;;carbon_content;0.9;g/kg;reported_bdsolos_carbono_organico_g_kg;ok;dup-001614;duplicate;removed_confirmed_duplicate:exact_scientific_match:bdsolos_embrapa
bdsolos_embrapa:bdsolos_public_carbono_organico:17838217994171b7f97f5e9da5136d29df85d7ae6e2992f.csv:654:7485:22257:85-110:carbon_content;bdsolos_embrapa;bdsolos_public_carbono_organico;654:7485:22257;-9.199444444444445;-40.391666666666666;-40.391666666666666;-9.199444444444445;EPSG:4326;Brazil;PE;1997-09-02;1997;1997;1997;85;110;25;0.7;Não informado;;;;0.06;;;;;;carbon_content;0.7;g/kg;reported_bdsolos_carbono_organico_g_kg;ok;dup-001615;duplicate;removed_confirmed_duplicate:exact_scientific_match:bdsolos_embrapa
bdsolos_embrapa:bdsolos_public_carbono_organico:17838217994171b7f97f5e9da5136d29df85d7ae6e2992f.csv:654:7494:22276:0-16:carbon_content;bdsolos_embrapa;bdsolos_public_carbono_organico;654:7494:22276;-9.030277777777778;-40.28861111111111;-40.28861111111111;-9.030277777777778;EPSG:4326;Brazil;PE;1997-09-02;1997;1997;1997;0;16;16;7.5;Não informado;;;;0.23;;;;;;carbon_content;7.5;g/kg;reported_bdsolos_carbono_organico_g_kg;ok;dup-001585;duplicate;removed_confirmed_duplicate:exact_scientific_match:bdsolos_embrapa
bdsolos_embrapa:bdsolos_public_carbono_organico:17838217994171b7f97f5e9da5136d29df85d7ae6e2992f.csv:654:7494:22277:16-32:carbon_content;bdsolos_embrapa;bdsolos_public_carbono_organico;654:7494:22277;-9.030277777777778;-40.28861111111111;-40.28861111111111;-9.030277777777778;EPSG:4326;Brazil;PE;1997-09-02;1997;1997;1997;16;32;16;5.1;Não informado;;;;0.15;;;;;;carbon_content;5.1;g/kg;reported_bdsolos_carbono_organico_g_kg;ok;dup-001587;duplicate;removed_confirmed_duplicate:exact_scientific_match:bdsolos_embrapa
bdsolos_embrapa:bdsolos_public_carbono_organico:17838217994171b7f97f5e9da5136d29df85d7ae6e2992f.csv:654:7494:22282:32-60:carbon_content;bdsolos_embrapa;bdsolos_public_carbono_organico;654:7494:22282;-9.030277777777778;-40.28861111111111;-40.28861111111111;-9.030277777777778;EPSG:4326;Brazil;PE;1997-09-02;1997;1997;1997;32;60;28;3.9;Não informado;;;;0.3;;;;;;carbon_content;3.9;g/kg;reported_bdsolos_carbono_organico_g_kg;ok;dup-001588;duplicate;removed_confirmed_duplicate:exact_scientific_match:bdsolos_embrapa
bdsolos_embrapa:bdsolos_public_carbono_organico:17838217994171b7f97f5e9da5136d29df85d7ae6e2992f.csv:654:7494:22287:60-95:carbon_content;bdsolos_embrapa;bdsolos_public_carbono_organico;654:7494:22287;-9.030277777777778;-40.28861111111111;-40.28861111111111;-9.030277777777778;EPSG:4326;Brazil;PE;1997-09-02;1997;1997;1997;60;95;35;3.3;Não informado;;;;0.22;;;;;;carbon_content;3.3;g/kg;reported_bdsolos_carbono_organico_g_kg;ok;dup-001589;duplicate;removed_confirmed_duplicate:exact_scientific_match:bdsolos_embrapa
bdsolos_embrapa:bdsolos_public_carbono_organico:17838217994171b7f97f5e9da5136d29df85d7ae6e2992f.csv:654:7494:22293:150-170:carbon_content;bdsolos_embrapa;bdsolos_public_carbono_organico;654:7494:22293;-9.030277777777778;-40.28861111111111;-40.28861111111111;-9.030277777777778;EPSG:4326;Brazil;PE;1997-09-02;1997;1997;1997;150;170;20;0.7;Não informado;;;;0.06;;;;;;carbon_content;0.7;g/kg;reported_bdsolos_carbono_organico_g_kg;ok;dup-001586;duplicate;removed_confirmed_duplicate:exact_scientific_match:bdsolos_embrapa
bdsolos_embrapa:bdsolos_public_carbono_organico:17838217994171b7f97f5e9da5136d29df85d7ae6e2992f.csv:654:7498:22302:0-18:carbon_content;bdsolos_embrapa;bdsolos_public_carbono_organico;654:7498:22302;-9.043888888888889;-40.25194444444445;-40.25194444444445;-9.043888888888889;EPSG:4326;Brazil;PE;1997-09-01;1997;1997;1997;0;18;18;5;Não informado;;;1.55;;;;;;;carbon_content;5;g/kg;reported_bdsolos_carbono_organico_g_kg;ok;dup-001590;duplicate;removed_confirmed_duplicate:exact_scientific_match:bdsolos_embrapa
bdsolos_embrapa:bdsolos_public_carbono_organico:17838217994171b7f97f5e9da5136d29df85d7ae6e2992f.csv:654:7498:22303:18-32:carbon_content;bdsolos_embrapa;bdsolos_public_carbono_organico;654:7498:22303;-9.043888888888889;-40.25194444444445;-40.25194444444445;-9.043888888888889;EPSG:4326;Brazil;PE;1997-09-01;1997;1997;1997;18;32;14;3;Não informado;;;1.53;;;;;;;carbon_content;3;g/kg;reported_bdsolos_carbono_organico_g_kg;ok;dup-001592;duplicate;removed_confirmed_duplicate:exact_scientific_match:bdsolos_embrapa
bdsolos_embrapa:bdsolos_public_carbono_organico:17838217994171b7f97f5e9da5136d29df85d7ae6e2992f.csv:654:7498:22305:32-53:carbon_content;bdsolos_embrapa;bdsolos_public_carbono_organico;654:7498:22305;-9.043888888888889;-40.25194444444445;-40.25194444444445;-9.043888888888889;EPSG:4326;Brazil;PE;1997-09-01;1997;1997;1997;32;53;21;2.2;Não informado;;;1.81;;;;;;;carbon_content;2.2;g/kg;reported_bdsolos_carbono_organico_g_kg;ok;dup-001593;duplicate;removed_confirmed_duplicate:exact_scientific_match:bdsolos_embrapa
bdsolos_embrapa:bdsolos_public_carbono_organico:17838217994171b7f97f5e9da5136d29df85d7ae6e2992f.csv:654:7498:22307:80-150:carbon_content;bdsolos_embrapa;bdsolos_public_carbono_organico;654:7498:22307;-9.043888888888889;-40.25194444444445;-40.25194444444445;-9.043888888888889;EPSG:4326;Brazil;PE;1997-09-01;1997;1997;1997;80;150;70;0.6;Não informado;;;2.01;0.01;;;;;;carbon_content;0.6;g/kg;reported_bdsolos_carbono_organico_g_kg;ok;dup-001594;duplicate;removed_confirmed_duplicate:exact_scientific_match:bdsolos_embrapa
bdsolos_embrapa:bdsolos_public_carbono_organico:17838217994171b7f97f5e9da5136d29df85d7ae6e2992f.csv:654:7498:22308:150-165:carbon_content;bdsolos_embrapa;bdsolos_public_carbono_organico;654:7498:22308;-9.043888888888889;-40.25194444444445;-40.25194444444445;-9.043888888888889;EPSG:4326;Brazil;PE;1997-09-01;1997;1997;1997;150;165;15;0.6;Não informado;;;2.01;0.01;;;;;;carbon_content;0.6;g/kg;reported_bdsolos_carbono_organico_g_kg;ok;dup-001591;duplicate;removed_confirmed_duplicate:exact_scientific_match:bdsolos_embrapa
bdsolos_embrapa:bdsolos_public_carbono_organico:17838217994171b7f97f5e9da5136d29df85d7ae6e2992f.csv:651:7630:22530:0-10:carbon_content;bdsolos_embrapa;bdsolos_public_carbono_organico;651:7630:22530;-22.664166666666667;-42.024166666666666;-42.024166666666666;-22.664166666666667;EPSG:4326;Brazil;RJ;1987-06-30;1987;1987;1987;0;10;10;20.7;Não informado;;;;0.02;;;;;;carbon_content;20.7;g/kg;reported_bdsolos_carbono_organico_g_kg;ok;dup-000722;duplicate;removed_confirmed_duplicate:exact_scientific_match:bdsolos_embrapa
bdsolos_embrapa:bdsolos_public_carbono_organico:17838217994171b7f97f5e9da5136d29df85d7ae6e2992f.csv:651:7630:22532:10-40:carbon_content;bdsolos_embrapa;bdsolos_public_carbono_organico;651:7630:22532;-22.664166666666667;-42.024166666666666;-42.024166666666666;-22.664166666666667;EPSG:4326;Brazil;RJ;1987-06-30;1987;1987;1987;10;40;30;5.9;Não informado;;;;0.01;;;;;;carbon_content;5.9;g/kg;reported_bdsolos_carbono_organico_g_kg;ok;dup-000723;duplicate;removed_confirmed_duplicate:exact_scientific_match:bdsolos_embrapa
bdsolos_embrapa:bdsolos_public_carbono_organico:17838217994171b7f97f5e9da5136d29df85d7ae6e2992f.csv:651:7630:22533:40-65:carbon_content;bdsolos_embrapa;bdsolos_public_carbono_organico;651:7630:22533;-22.664166666666667;-42.024166666666666;-42.024166666666666;-22.664166666666667;EPSG:4326;Brazil;RJ;1987-06-30;1987;1987;1987;40;65;25;1.9;Não informado;;;;0.01;;;;;;carbon_content;1.9;g/kg;reported_bdsolos_carbono_organico_g_kg;ok;dup-000725;duplicate;removed_confirmed_duplicate:exact_scientific_match:bdsolos_embrapa
bdsolos_embrapa:bdsolos_public_carbono_organico:17838217994171b7f97f5e9da5136d29df85d7ae6e2992f.csv:651:7630:22534:65-110:carbon_content;bdsolos_embrapa;bdsolos_public_carbono_organico;651:7630:22534;-22.664166666666667;-42.024166666666666;-42.024166666666666;-22.664166666666667;EPSG:4326;Brazil;RJ;1987-06-30;1987;1987;1987;65;110;45;7.1;Não informado;;;;;;;;;;carbon_content;7.1;g/kg;reported_bdsolos_carbono_organico_g_kg;ok;dup-000726;duplicate;removed_confirmed_duplicate:exact_scientific_match:bdsolos_embrapa
bdsolos_embrapa:bdsolos_public_carbono_organico:17838217994171b7f97f5e9da5136d29df85d7ae6e2992f.csv:651:7630:22537:110-140:carbon_content;bdsolos_embrapa;bdsolos_public_carbono_organico;651:7630:22537;-22.664166666666667;-42.024166666666666;-42.024166666666666;-22.664166666666667;EPSG:4326;Brazil;RJ;1987-06-30;1987;1987;1987;110;140;30;3.1;Não informado;;;;;;;;;;carbon_content;3.1;g/kg;reported_bdsolos_carbono_organico_g_kg;ok;dup-000724;duplicate;removed_confirmed_duplicate:exact_scientific_match:bdsolos_embrapa
bdsolos_embrapa:bdsolos_public_carbono_organico:17838217994171b7f97f5e9da5136d29df85d7ae6e2992f.csv:641:7077:20659:0-12:carbon_content;bdsolos_embrapa;bdsolos_public_carbono_organico;641:7077:20659;-20.066666666666666;-43.96666666666667;-43.96666666666667;-20.066666666666666;EPSG:4326;Brazil;MG;1980-03-27;1980;1980;1980;0;12;12;24.6;Não informado;;;1.23;0.02;;;;;;carbon_content;24.6;g/kg;reported_bdsolos_carbono_organico_g_kg;ok;dup-000476;duplicate;removed_confirmed_duplicate:exact_scientific_match:bdsolos_embrapa
bdsolos_embrapa:bdsolos_public_carbono_organico:17838217994171b7f97f5e9da5136d29df85d7ae6e2992f.csv:641:7077:20660:12-35:carbon_content;bdsolos_embrapa;bdsolos_public_carbono_organico;641:7077:20660;-20.066666666666666;-43.96666666666667;-43.96666666666667;-20.066666666666666;EPSG:4326;Brazil;MG;1980-03-27;1980;1980;1980;12;35;23;19.6;Não informado;;;1.19;0.03;;;;;;carbon_content;19.6;g/kg;reported_bdsolos_carbono_organico_g_kg;ok;dup-000478;duplicate;removed_confirmed_duplicate:exact_scientific_match:bdsolos_embrapa
bdsolos_embrapa:bdsolos_public_carbono_organico:17838217994171b7f97f5e9da5136d29df85d7ae6e2992f.csv:641:7077:20661:35-55:carbon_content;bdsolos_embrapa;bdsolos_public_carbono_organico;641:7077:20661;-20.066666666666666;-43.96666666666667;-43.96666666666667;-20.066666666666666;EPSG:4326;Brazil;MG;1980-03-27;1980;1980;1980;35;55;20;16.8;Não informado;;;1.24;0.08;;;;;;carbon_content;16.8;g/kg;reported_bdsolos_carbono_organico_g_kg;ok;dup-000482;duplicate;removed_confirmed_duplicate:exact_scientific_match:bdsolos_embrapa
bdsolos_embrapa:bdsolos_public_carbono_organico:17838217994171b7f97f5e9da5136d29df85d7ae6e2992f.csv:641:7077:20662:55-80:carbon_content;bdsolos_embrapa;bdsolos_public_carbono_organico;641:7077:20662;-20.066666666666666;-43.96666666666667;-43.96666666666667;-20.066666666666666;EPSG:4326;Brazil;MG;1980-03-27;1980;1980;1980;55;80;25;14.9;Não informado;;;1.18;0.08;;;;;;carbon_content;14.9;g/kg;reported_bdsolos_carbono_organico_g_kg;ok;dup-000483;duplicate;removed_confirmed_duplicate:exact_scientific_match:bdsolos_embrapa
bdsolos_embrapa:bdsolos_public_carbono_organico:17838217994171b7f97f5e9da5136d29df85d7ae6e2992f.csv:641:7077:20663:80-115:carbon_content;bdsolos_embrapa;bdsolos_public_carbono_organico;641:7077:20663;-20.066666666666666;-43.96666666666667;-43.96666666666667;-20.066666666666666;EPSG:4326;Brazil;MG;1980-03-27;1980;1980;1980;80;115;35;13.7;Não informado;;;1.17;0.16;;;;;;carbon_content;13.7;g/kg;reported_bdsolos_carbono_organico_g_kg;ok;dup-000484;duplicate;removed_confirmed_duplicate:exact_scientific_match:bdsolos_embrapa
bdsolos_embrapa:bdsolos_public_carbono_organico:17838217994171b7f97f5e9da5136d29df85d7ae6e2992f.csv:641:7077:20664:115-150:carbon_content;bdsolos_embrapa;bdsolos_public_carbono_organico;641:7077:20664;-20.066666666666666;-43.96666666666667;-43.96666666666667;-20.066666666666666;EPSG:4326;Brazil;MG;1980-03-27;1980;1980;1980;115;150;35;5.5;Não informado;;;1.64;0.22;;;;;;carbon_content;5.5;g/kg;reported_bdsolos_carbono_organico_g_kg;ok;dup-000477;duplicate;removed_confirmed_duplicate:exact_scientific_match:bdsolos_embrapa
bdsolos_embrapa:bdsolos_public_carbono_organico:17838217994171b7f97f5e9da5136d29df85d7ae6e2992f.csv:641:7077:20665:150-190:carbon_content;bdsolos_embrapa;bdsolos_public_carbono_organico;641:7077:20665;-20.066666666666666;-43.96666666666667;-43.96666666666667;-20.066666666666666;EPSG:4326;Brazil;MG;1980-03-27;1980;1980;1980;150;190;40;2.7;Não informado;;;1.68;0.15;;;;;;carbon_content;2.7;g/kg;reported_bdsolos_carbono_organico_g_kg;ok;dup-000479;duplicate;removed_confirmed_duplicate:exact_scientific_match:bdsolos_embrapa
bdsolos_embrapa:bdsolos_public_carbono_organico:17838217994171b7f97f5e9da5136d29df85d7ae6e2992f.csv:641:7077:20666:190-215:carbon_content;bdsolos_embrapa;bdsolos_public_carbono_organico;641:7077:20666;-20.066666666666666;-43.96666666666667;-43.96666666666667;-20.066666666666666;EPSG:4326;Brazil;MG;1980-03-27;1980;1980;1980;190;215;25;3.4;Não informado;;;1.59;0.09;;;;;;carbon_content;3.4;g/kg;reported_bdsolos_carbono_organico_g_kg;ok;dup-000480;duplicate;removed_confirmed_duplicate:exact_scientific_match:bdsolos_embrapa
bdsolos_embrapa:bdsolos_public_carbono_organico:17838217994171b7f97f5e9da5136d29df85d7ae6e2992f.csv:654:7405:21964:0-17:carbon_content;bdsolos_embrapa;bdsolos_public_carbono_organico;654:7405:21964;-7.639722222222222;-34.95166666666667;-34.95166666666667;-7.639722222222222;EPSG:4326;Brazil;PE;1998-03-19;1998;1998;1998;0;17;17;7.4;Não informado;;;1.32;;;;;;;carbon_content;7.4;g/kg;reported_bdsolos_carbono_organico_g_kg;ok;dup-001352;duplicate;removed_confirmed_duplicate:exact_scientific_match:bdsolos_embrapa
bdsolos_embrapa:bdsolos_public_carbono_organico:17838217994171b7f97f5e9da5136d29df85d7ae6e2992f.csv:654:7405:21965:17-35:carbon_content;bdsolos_embrapa;bdsolos_public_carbono_organico;654:7405:21965;-7.639722222222222;-34.95166666666667;-34.95166666666667;-7.639722222222222;EPSG:4326;Brazil;PE;1998-03-19;1998;1998;1998;17;35;18;4.6;Não informado;;;1.3;;;;;;;carbon_content;4.6;g/kg;reported_bdsolos_carbono_organico_g_kg;ok;dup-001354;duplicate;removed_confirmed_duplicate:exact_scientific_match:bdsolos_embrapa
bdsolos_embrapa:bdsolos_public_carbono_organico:17838217994171b7f97f5e9da5136d29df85d7ae6e2992f.csv:654:7405:21966:35-80:carbon_content;bdsolos_embrapa;bdsolos_public_carbono_organico;654:7405:21966;-7.639722222222222;-34.95166666666667;-34.95166666666667;-7.639722222222222;EPSG:4326;Brazil;PE;1998-03-19;1998;1998;1998;35;80;45;3.9;Não informado;;;1.22;;;;;;;carbon_content;3.9;g/kg;reported_bdsolos_carbono_organico_g_kg;ok;dup-001356;duplicate;removed_confirmed_duplicate:exact_scientific_match:bdsolos_embrapa
bdsolos_embrapa:bdsolos_public_carbono_organico:17838217994171b7f97f5e9da5136d29df85d7ae6e2992f.csv:654:7405:21967:80-135:carbon_content;bdsolos_embrapa;bdsolos_public_carbono_organico;654:7405:21967;-7.639722222222222;-34.95166666666667;-34.95166666666667;-7.639722222222222;EPSG:4326;Brazil;PE;1998-03-19;1998;1998;1998;80;135;55;3.6;Não informado;;;1.22;;;;;;;carbon_content;3.6;g/kg;reported_bdsolos_carbono_organico_g_kg;ok;dup-001357;duplicate;removed_confirmed_duplicate:exact_scientific_match:bdsolos_embrapa
bdsolos_embrapa:bdsolos_public_carbono_organico:17838217994171b7f97f5e9da5136d29df85d7ae6e2992f.csv:654:7405:21968:135-190:carbon_content;bdsolos_embrapa;bdsolos_public_carbono_organico;654:7405:21968;-7.639722222222222;-34.95166666666667;-34.95166666666667;-7.639722222222222;EPSG:4326;Brazil;PE;1998-03-19;1998;1998;1998;135;190;55;2.6;Não informado;;;1.18;;;;;;;carbon_content;2.6;g/kg;reported_bdsolos_carbono_organico_g_kg;ok;dup-001353;duplicate;removed_confirmed_duplicate:exact_scientific_match:bdsolos_embrapa
bdsolos_embrapa:bdsolos_public_carbono_organico:17838217994171b7f97f5e9da5136d29df85d7ae6e2992f.csv:654:7405:21980:190-220:carbon_content;bdsolos_embrapa;bdsolos_public_carbono_organico;654:7405:21980;-7.639722222222222;-34.95166666666667;-34.95166666666667;-7.639722222222222;EPSG:4326;Brazil;PE;1998-03-19;1998;1998;1998;190;220;30;2.3;Não informado;;;1.16;;;;;;;carbon_content;2.3;g/kg;reported_bdsolos_carbono_organico_g_kg;ok;dup-001355;duplicate;removed_confirmed_duplicate:exact_scientific_match:bdsolos_embrapa
bdsolos_embrapa:bdsolos_public_carbono_organico:17838217994171b7f97f5e9da5136d29df85d7ae6e2992f.csv:654:7408:22018:0-18:carbon_content;bdsolos_embrapa;bdsolos_public_carbono_organico;654:7408:22018;-7.640555555555555;-34.95166666666667;-34.95166666666667;-7.640555555555555;EPSG:4326;Brazil;PE;1998-03-19;1998;1998;1998;0;18;18;6.8;Não informado;;;1.34;;;;;;;carbon_content;6.8;g/kg;reported_bdsolos_carbono_organico_g_kg;ok;dup-001358;duplicate;removed_confirmed_duplicate:exact_scientific_match:bdsolos_embrapa
bdsolos_embrapa:bdsolos_public_carbono_organico:17838217994171b7f97f5e9da5136d29df85d7ae6e2992f.csv:654:7408:22019:18-37:carbon_content;bdsolos_embrapa;bdsolos_public_carbono_organico;654:7408:22019;-7.640555555555555;-34.95166666666667;-34.95166666666667;-7.640555555555555;EPSG:4326;Brazil;PE;1998-03-19;1998;1998;1998;18;37;19;5.5;Não informado;;;1.36;;;;;;;carbon_content;5.5;g/kg;reported_bdsolos_carbono_organico_g_kg;ok;dup-001360;duplicate;removed_confirmed_duplicate:exact_scientific_match:bdsolos_embrapa
bdsolos_embrapa:bdsolos_public_carbono_organico:17838217994171b7f97f5e9da5136d29df85d7ae6e2992f.csv:654:7408:22022:70-90:carbon_content;bdsolos_embrapa;bdsolos_public_carbono_organico;654:7408:22022;-7.640555555555555;-34.95166666666667;-34.95166666666667;-7.640555555555555;EPSG:4326;Brazil;PE;1998-03-19;1998;1998;1998;70;90;20;4.7;Não informado;;;1.21;;;;;;;carbon_content;4.7;g/kg;reported_bdsolos_carbono_organico_g_kg;ok;dup-001362;duplicate;removed_confirmed_duplicate:exact_scientific_match:bdsolos_embrapa
bdsolos_embrapa:bdsolos_public_carbono_organico:17838217994171b7f97f5e9da5136d29df85d7ae6e2992f.csv:654:7408:22025:90-160:carbon_content;bdsolos_embrapa;bdsolos_public_carbono_organico;654:7408:22025;-7.640555555555555;-34.95166666666667;-34.95166666666667;-7.640555555555555;EPSG:4326;Brazil;PE;1998-03-19;1998;1998;1998;90;160;70;3.5;Não informado;;;1.3;;;;;;;carbon_content;3.5;g/kg;reported_bdsolos_carbono_organico_g_kg;ok;dup-001363;duplicate;removed_confirmed_duplicate:exact_scientific_match:bdsolos_embrapa
bdsolos_embrapa:bdsolos_public_carbono_organico:17838217994171b7f97f5e9da5136d29df85d7ae6e2992f.csv:654:7408:22027:160-200:carbon_content;bdsolos_embrapa;bdsolos_public_carbono_organico;654:7408:22027;-7.640555555555555;-34.95166666666667;-34.95166666666667;-7.640555555555555;EPSG:4326;Brazil;PE;1998-03-19;1998;1998;1998;160;200;40;2.9;Não informado;;;1.24;;;;;;;carbon_content;2.9;g/kg;reported_bdsolos_carbono_organico_g_kg;ok;dup-001359;duplicate;removed_confirmed_duplicate:exact_scientific_match:bdsolos_embrapa
bdsolos_embrapa:bdsolos_public_carbono_organico:17838217994171b7f97f5e9da5136d29df85d7ae6e2992f.csv:654:7437:22073:0-12:carbon_content;bdsolos_embrapa;bdsolos_public_carbono_organico;654:7437:22073;-5.3647222222222215;-37.245555555555555;-37.245555555555555;-5.3647222222222215;EPSG:4326;Brazil;RN;1997-05-29;1997;1997;1997;0;12;12;9.8;Não informado;;;1.48;;;;;;;carbon_content;9.8;g/kg;reported_bdsolos_carbono_organico_g_kg;ok;dup-001014;duplicate;removed_confirmed_duplicate:exact_scientific_match:bdsolos_embrapa
bdsolos_embrapa:bdsolos_public_carbono_organico:17838217994171b7f97f5e9da5136d29df85d7ae6e2992f.csv:654:7437:22082:40-55:carbon_content;bdsolos_embrapa;bdsolos_public_carbono_organico;654:7437:22082;-5.3647222222222215;-37.245555555555555;-37.245555555555555;-5.3647222222222215;EPSG:4326;Brazil;RN;1997-05-29;1997;1997;1997;40;55;15;2.7;Não informado;;;;0.19;;;;;;carbon_content;2.7;g/kg;reported_bdsolos_carbono_organico_g_kg;ok;dup-001016;duplicate;removed_confirmed_duplicate:exact_scientific_match:bdsolos_embrapa
bdsolos_embrapa:bdsolos_public_carbono_organico:17838217994171b7f97f5e9da5136d29df85d7ae6e2992f.csv:654:7437:22084:55-70:carbon_content;bdsolos_embrapa;bdsolos_public_carbono_organico;654:7437:22084;-5.3647222222222215;-37.245555555555555;-37.245555555555555;-5.3647222222222215;EPSG:4326;Brazil;RN;1997-05-29;1997;1997;1997;55;70;15;2.2;Não informado;;;;0.35;;;;;;carbon_content;2.2;g/kg;reported_bdsolos_carbono_organico_g_kg;ok;dup-001017;duplicate;removed_confirmed_duplicate:exact_scientific_match:bdsolos_embrapa
bdsolos_embrapa:bdsolos_public_carbono_organico:17838217994171b7f97f5e9da5136d29df85d7ae6e2992f.csv:654:7460:22147:0-18:carbon_content;bdsolos_embrapa;bdsolos_public_carbono_organico;654:7460:22147;-5.478888888888889;-37.6875;-37.6875;-5.478888888888889;EPSG:4326;Brazil;RN;1997-06-01;1997;1997;1997;0;18;18;15.6;Não informado;;;1.12;0.01;;;;;;carbon_content;15.6;g/kg;reported_bdsolos_carbono_organico_g_kg;ok;dup-001023;duplicate;removed_confirmed_duplicate:exact_scientific_match:bdsolos_embrapa
bdsolos_embrapa:bdsolos_public_carbono_organico:17838217994171b7f97f5e9da5136d29df85d7ae6e2992f.csv:654:7460:22148:18-33:carbon_content;bdsolos_embrapa;bdsolos_public_carbono_organico;654:7460:22148;-5.478888888888889;-37.6875;-37.6875;-5.478888888888889;EPSG:4326;Brazil;RN;1997-06-01;1997;1997;1997;18;33;15;7.2;Não informado;;;1.24;0.01;;;;;;carbon_content;7.2;g/kg;reported_bdsolos_carbono_organico_g_kg;ok;dup-001024;duplicate;removed_confirmed_duplicate:exact_scientific_match:bdsolos_embrapa
bdsolos_embrapa:bdsolos_public_carbono_organico:17838217994171b7f97f5e9da5136d29df85d7ae6e2992f.csv:654:7460:22149:33-45:carbon_content;bdsolos_embrapa;bdsolos_public_carbono_organico;654:7460:22149;-5.478888888888889;-37.6875;-37.6875;-5.478888888888889;EPSG:4326;Brazil;RN;1997-06-01;1997;1997;1997;33;45;12;5.9;Não informado;;;1.33;0.06;;;;;;carbon_content;5.9;g/kg;reported_bdsolos_carbono_organico_g_kg;ok;dup-001025;duplicate;removed_confirmed_duplicate:exact_scientific_match:bdsolos_embrapa
bdsolos_embrapa:bdsolos_public_carbono_organico:17838217994171b7f97f5e9da5136d29df85d7ae6e2992f.csv:654:7461:22154:0-17:carbon_content;bdsolos_embrapa;bdsolos_public_carbono_organico;654:7461:22154;-6.645;-38.358333333333334;-38.358333333333334;-6.645;EPSG:4326;Brazil;PB;1997-08-27;1997;1997;1997;0;17;17;10;Não informado;;;1.33;0.14;;;;;;carbon_content;10;g/kg;reported_bdsolos_carbono_organico_g_kg;ok;dup-001136;duplicate;removed_confirmed_duplicate:exact_scientific_match:bdsolos_embrapa
bdsolos_embrapa:bdsolos_public_carbono_organico:17838217994171b7f97f5e9da5136d29df85d7ae6e2992f.csv:654:7461:22155:17-28:carbon_content;bdsolos_embrapa;bdsolos_public_carbono_organico;654:7461:22155;-6.645;-38.358333333333334;-38.358333333333334;-6.645;EPSG:4326;Brazil;PB;1997-08-27;1997;1997;1997;17;28;11;6.5;Não informado;;;1.42;0.09;;;;;;carbon_content;6.5;g/kg;reported_bdsolos_carbono_organico_g_kg;ok;dup-001139;duplicate;removed_confirmed_duplicate:exact_scientific_match:bdsolos_embrapa
bdsolos_embrapa:bdsolos_public_carbono_organico:17838217994171b7f97f5e9da5136d29df85d7ae6e2992f.csv:654:7461:22156:28-55:carbon_content;bdsolos_embrapa;bdsolos_public_carbono_organico;654:7461:22156;-6.645;-38.358333333333334;-38.358333333333334;-6.645;EPSG:4326;Brazil;PB;1997-08-27;1997;1997;1997;28;55;27;4.3;Não informado;;;1.41;0.08;;;;;;carbon_content;4.3;g/kg;reported_bdsolos_carbono_organico_g_kg;ok;dup-001140;duplicate;removed_confirmed_duplicate:exact_scientific_match:bdsolos_embrapa
bdsolos_embrapa:bdsolos_public_carbono_organico:17838217994171b7f97f5e9da5136d29df85d7ae6e2992f.csv:654:7461:22157:55-100:carbon_content;bdsolos_embrapa;bdsolos_public_carbono_organico;654:7461:22157;-6.645;-38.358333333333334;-38.358333333333334;-6.645;EPSG:4326;Brazil;PB;1997-08-27;1997;1997;1997;55;100;45;2.3;Não informado;;;1.43;0.12;;;;;;carbon_content;2.3;g/kg;reported_bdsolos_carbono_organico_g_kg;ok;dup-001141;duplicate;removed_confirmed_duplicate:exact_scientific_match:bdsolos_embrapa
bdsolos_embrapa:bdsolos_public_carbono_organico:17838217994171b7f97f5e9da5136d29df85d7ae6e2992f.csv:654:7461:22158:100-140:carbon_content;bdsolos_embrapa;bdsolos_public_carbono_organico;654:7461:22158;-6.645;-38.358333333333334;-38.358333333333334;-6.645;EPSG:4326;Brazil;PB;1997-08-27;1997;1997;1997;100;140;40;1.5;Não informado;;;1.48;0.14;;;;;;carbon_content;1.5;g/kg;reported_bdsolos_carbono_organico_g_kg;ok;dup-001137;duplicate;removed_confirmed_duplicate:exact_scientific_match:bdsolos_embrapa
bdsolos_embrapa:bdsolos_public_carbono_organico:17838217994171b7f97f5e9da5136d29df85d7ae6e2992f.csv:654:7461:22159:140-180:carbon_content;bdsolos_embrapa;bdsolos_public_carbono_organico;654:7461:22159;-6.645;-38.358333333333334;-38.358333333333334;-6.645;EPSG:4326;Brazil;PB;1997-08-27;1997;1997;1997;140;180;40;1;Não informado;;;1.55;0.14;;;;;;carbon_content;1;g/kg;reported_bdsolos_carbono_organico_g_kg;ok;dup-001138;duplicate;removed_confirmed_duplicate:exact_scientific_match:bdsolos_embrapa
bdsolos_embrapa:bdsolos_public_carbono_organico:17838217994171b7f97f5e9da5136d29df85d7ae6e2992f.csv:654:7464:22168:15-40:carbon_content;bdsolos_embrapa;bdsolos_public_carbono_organico;654:7464:22168;-6.726944444444444;-38.255;-38.255;-6.726944444444444;EPSG:4326;Brazil;PB;1997-08-28;1997;1997;1997;15;40;25;6.1;Não informado;;;2.15;0.01;;;;;;carbon_content;6.1;g/kg;reported_bdsolos_carbono_organico_g_kg;ok;dup-001160;duplicate;removed_confirmed_duplicate:exact_scientific_match:bdsolos_embrapa
bdsolos_embrapa:bdsolos_public_carbono_organico:17838217994171b7f97f5e9da5136d29df85d7ae6e2992f.csv:654:7464:22170:110-125:carbon_content;bdsolos_embrapa;bdsolos_public_carbono_organico;654:7464:22170;-6.726944444444444;-38.255;-38.255;-6.726944444444444;EPSG:4326;Brazil;PB;1997-08-28;1997;1997;1997;110;125;15;3.2;Não informado;;;2.06;0.04;;;;;;carbon_content;3.2;g/kg;reported_bdsolos_carbono_organico_g_kg;ok;dup-001158;duplicate;removed_confirmed_duplicate:exact_scientific_match:bdsolos_embrapa
bdsolos_embrapa:bdsolos_public_carbono_organico:17838217994171b7f97f5e9da5136d29df85d7ae6e2992f.csv:654:7464:22171:125-140:carbon_content;bdsolos_embrapa;bdsolos_public_carbono_organico;654:7464:22171;-6.726944444444444;-38.255;-38.255;-6.726944444444444;EPSG:4326;Brazil;PB;1997-08-28;1997;1997;1997;125;140;15;2.7;Não informado;;;;0.11;;;;;;carbon_content;2.7;g/kg;reported_bdsolos_carbono_organico_g_kg;ok;dup-001159;duplicate;removed_confirmed_duplicate:exact_scientific_match:bdsolos_embrapa
bdsolos_embrapa:bdsolos_public_carbono_organico:17838217994171b7f97f5e9da5136d29df85d7ae6e2992f.csv:654:7465:22172:0-15:carbon_content;bdsolos_embrapa;bdsolos_public_carbono_organico;654:7465:22172;-8.250277777777777;-39.115;-39.115;-8.250277777777777;EPSG:4326;Brazil;PE;1997-09-04;1997;1997;1997;0;15;15;4.7;Não informado;;;;;;;;;;carbon_content;4.7;g/kg;reported_bdsolos_carbono_organico_g_kg;ok;dup-001522;duplicate;removed_confirmed_duplicate:exact_scientific_match:bdsolos_embrapa
bdsolos_embrapa:bdsolos_public_carbono_organico:17838217994171b7f97f5e9da5136d29df85d7ae6e2992f.csv:654:7465:22173:15-40:carbon_content;bdsolos_embrapa;bdsolos_public_carbono_organico;654:7465:22173;-8.250277777777777;-39.115;-39.115;-8.250277777777777;EPSG:4326;Brazil;PE;1997-09-04;1997;1997;1997;15;40;25;2.1;Não informado;;;;;;;;;;carbon_content;2.1;g/kg;reported_bdsolos_carbono_organico_g_kg;ok;dup-001523;duplicate;removed_confirmed_duplicate:exact_scientific_match:bdsolos_embrapa
bdsolos_embrapa:bdsolos_public_carbono_organico:17838217994171b7f97f5e9da5136d29df85d7ae6e2992f.csv:654:7465:22174:40-80:carbon_content;bdsolos_embrapa;bdsolos_public_carbono_organico;654:7465:22174;-8.250277777777777;-39.115;-39.115;-8.250277777777777;EPSG:4326;Brazil;PE;1997-09-04;1997;1997;1997;40;80;40;1.4;Não informado;;;;;;;;;;carbon_content;1.4;g/kg;reported_bdsolos_carbono_organico_g_kg;ok;dup-001524;duplicate;removed_confirmed_duplicate:exact_scientific_match:bdsolos_embrapa
bdsolos_embrapa:bdsolos_public_carbono_organico:17838217994171b7f97f5e9da5136d29df85d7ae6e2992f.csv:654:7474:22237:12-18:carbon_content;bdsolos_embrapa;bdsolos_public_carbono_organico;654:7474:22237;-8.502777777777778;-39.3275;-39.3275;-8.502777777777778;EPSG:4326;Brazil;PE;1997-09-04;1997;1997;1997;12;18;6;4.9;Não informado;;;1.78;0.08;;;;;;carbon_content;4.9;g/kg;reported_bdsolos_carbono_organico_g_kg;ok;dup-001555;duplicate;removed_confirmed_duplicate:exact_scientific_match:bdsolos_embrapa
bdsolos_embrapa:bdsolos_public_carbono_organico:17838217994171b7f97f5e9da5136d29df85d7ae6e2992f.csv:654:7474:22238:18-50:carbon_content;bdsolos_embrapa;bdsolos_public_carbono_organico;654:7474:22238;-8.502777777777778;-39.3275;-39.3275;-8.502777777777778;EPSG:4326;Brazil;PE;1997-09-04;1997;1997;1997;18;50;32;4.2;Não informado;;;1.81;0.01;;;;;;carbon_content;4.2;g/kg;reported_bdsolos_carbono_organico_g_kg;ok;dup-001556;duplicate;removed_confirmed_duplicate:exact_scientific_match:bdsolos_embrapa
bdsolos_embrapa:bdsolos_public_carbono_organico:17838217994171b7f97f5e9da5136d29df85d7ae6e2992f.csv:654:7474:22240:70-90:carbon_content;bdsolos_embrapa;bdsolos_public_carbono_organico;654:7474:22240;-8.502777777777778;-39.3275;-39.3275;-8.502777777777778;EPSG:4326;Brazil;PE;1997-09-04;1997;1997;1997;70;90;20;2.3;Não informado;;;;0.05;;;;;;carbon_content;2.3;g/kg;reported_bdsolos_carbono_organico_g_kg;ok;dup-001558;duplicate;removed_confirmed_duplicate:exact_scientific_match:bdsolos_embrapa
bdsolos_embrapa:bdsolos_public_carbono_organico:17838217994171b7f97f5e9da5136d29df85d7ae6e2992f.csv:654:7489:22261:0-18:carbon_content;bdsolos_embrapa;bdsolos_public_carbono_organico;654:7489:22261;-9.062777777777779;-40.30722222222222;-40.30722222222222;-9.062777777777779;EPSG:4326;Brazil;RN;1997-09-02;1997;1997;1997;0;18;18;7;Não informado;;;1.38;0.01;;;;;;carbon_content;7;g/kg;reported_bdsolos_carbono_organico_g_kg;ok;dup-001595;duplicate;removed_confirmed_duplicate:exact_scientific_match:bdsolos_embrapa
bdsolos_embrapa:bdsolos_public_carbono_organico:17838217994171b7f97f5e9da5136d29df85d7ae6e2992f.csv:654:7489:22262:18-28:carbon_content;bdsolos_embrapa;bdsolos_public_carbono_organico;654:7489:22262;-9.062777777777779;-40.30722222222222;-40.30722222222222;-9.062777777777779;EPSG:4326;Brazil;RN;1997-09-02;1997;1997;1997;18;28;10;3.4;Não informado;;;1.56;0.01;;;;;;carbon_content;3.4;g/kg;reported_bdsolos_carbono_organico_g_kg;ok;dup-001599;duplicate;removed_confirmed_duplicate:exact_scientific_match:bdsolos_embrapa
bdsolos_embrapa:bdsolos_public_carbono_organico:17838217994171b7f97f5e9da5136d29df85d7ae6e2992f.csv:654:7489:22264:28-45:carbon_content;bdsolos_embrapa;bdsolos_public_carbono_organico;654:7489:22264;-9.062777777777779;-40.30722222222222;-40.30722222222222;-9.062777777777779;EPSG:4326;Brazil;RN;1997-09-02;1997;1997;1997;28;45;17;3.4;Não informado;;;1.66;0.01;;;;;;carbon_content;3.4;g/kg;reported_bdsolos_carbono_organico_g_kg;ok;dup-001600;duplicate;removed_confirmed_duplicate:exact_scientific_match:bdsolos_embrapa
bdsolos_embrapa:bdsolos_public_carbono_organico:17838217994171b7f97f5e9da5136d29df85d7ae6e2992f.csv:654:7489:22267:65-105:carbon_content;bdsolos_embrapa;bdsolos_public_carbono_organico;654:7489:22267;-9.062777777777779;-40.30722222222222;-40.30722222222222;-9.062777777777779;EPSG:4326;Brazil;RN;1997-09-02;1997;1997;1997;65;105;40;2.2;Não informado;;;1.72;0.02;;;;;;carbon_content;2.2;g/kg;reported_bdsolos_carbono_organico_g_kg;ok;dup-001602;duplicate;removed_confirmed_duplicate:exact_scientific_match:bdsolos_embrapa
bdsolos_embrapa:bdsolos_public_carbono_organico:17838217994171b7f97f5e9da5136d29df85d7ae6e2992f.csv:654:7489:22268:105-120:carbon_content;bdsolos_embrapa;bdsolos_public_carbono_organico;654:7489:22268;-9.062777777777779;-40.30722222222222;-40.30722222222222;-9.062777777777779;EPSG:4326;Brazil;RN;1997-09-02;1997;1997;1997;105;120;15;2;Não informado;;;;0.1;;;;;;carbon_content;2;g/kg;reported_bdsolos_carbono_organico_g_kg;ok;dup-001596;duplicate;removed_confirmed_duplicate:exact_scientific_match:bdsolos_embrapa
bdsolos_embrapa:bdsolos_public_carbono_organico:17838217994171b7f97f5e9da5136d29df85d7ae6e2992f.csv:654:7489:22269:120-150:carbon_content;bdsolos_embrapa;bdsolos_public_carbono_organico;654:7489:22269;-9.062777777777779;-40.30722222222222;-40.30722222222222;-9.062777777777779;EPSG:4326;Brazil;RN;1997-09-02;1997;1997;1997;120;150;30;1.4;Não informado;;;;0.04;;;;;;carbon_content;1.4;g/kg;reported_bdsolos_carbono_organico_g_kg;ok;dup-001597;duplicate;removed_confirmed_duplicate:exact_scientific_match:bdsolos_embrapa
bdsolos_embrapa:bdsolos_public_carbono_organico:17838217994171b7f97f5e9da5136d29df85d7ae6e2992f.csv:654:7489:22272:150-170:carbon_content;bdsolos_embrapa;bdsolos_public_carbono_organico;654:7489:22272;-9.062777777777779;-40.30722222222222;-40.30722222222222;-9.062777777777779;EPSG:4326;Brazil;RN;1997-09-02;1997;1997;1997;150;170;20;1.3;Não informado;;;;0.15;;;;;;carbon_content;1.3;g/kg;reported_bdsolos_carbono_organico_g_kg;ok;dup-001598;duplicate;removed_confirmed_duplicate:exact_scientific_match:bdsolos_embrapa
bdsolos_embrapa:bdsolos_public_carbono_organico:17838217994171b7f97f5e9da5136d29df85d7ae6e2992f.csv:651:7663:22636:0-25:carbon_content;bdsolos_embrapa;bdsolos_public_carbono_organico;651:7663:22636;-22.680555555555557;-42.05555555555555;-42.05555555555555;-22.680555555555557;EPSG:4326;Brazil;RJ;1987-06-24;1987;1987;1987;0;25;25;59.5;Não informado;;;;;;;;;;carbon_content;59.5;g/kg;reported_bdsolos_carbono_organico_g_kg;ok;dup-000737;duplicate;removed_confirmed_duplicate:exact_scientific_match:bdsolos_embrapa
bdsolos_embrapa:bdsolos_public_carbono_organico:17838217994171b7f97f5e9da5136d29df85d7ae6e2992f.csv:651:7663:22641:25-40:carbon_content;bdsolos_embrapa;bdsolos_public_carbono_organico;651:7663:22641;-22.680555555555557;-42.05555555555555;-42.05555555555555;-22.680555555555557;EPSG:4326;Brazil;RJ;1987-06-24;1987;1987;1987;25;40;15;6.5;Não informado;;;;;;;;;;carbon_content;6.5;g/kg;reported_bdsolos_carbono_organico_g_kg;ok;dup-000738;duplicate;removed_confirmed_duplicate:exact_scientific_match:bdsolos_embrapa
bdsolos_embrapa:bdsolos_public_carbono_organico:17838217994171b7f97f5e9da5136d29df85d7ae6e2992f.csv:651:7663:22642:40-80:carbon_content;bdsolos_embrapa;bdsolos_public_carbono_organico;651:7663:22642;-22.680555555555557;-42.05555555555555;-42.05555555555555;-22.680555555555557;EPSG:4326;Brazil;RJ;1987-06-24;1987;1987;1987;40;80;40;4.3;Não informado;;;;;;;;;;carbon_content;4.3;g/kg;reported_bdsolos_carbono_organico_g_kg;ok;dup-000739;duplicate;removed_confirmed_duplicate:exact_scientific_match:bdsolos_embrapa
bdsolos_embrapa:bdsolos_public_carbono_organico:17838218164171b3af1367d4098e0c71f94dee19fc37795.csv:670:8530:26369:0-14:carbon_content;bdsolos_embrapa;bdsolos_public_carbono_organico;670:8530:26369;-22.75;-43.68333333333333;-43.68333333333333;-22.75;EPSG:4326;Brazil;RJ;1982-08-16;1982;1982;1982;0;14;14;12.3;Não informado;;;1.38;0.02;;;;;;carbon_content;12.3;g/kg;reported_bdsolos_carbono_organico_g_kg;ok;dup-000759;duplicate;removed_confirmed_duplicate:exact_scientific_match:bdsolos_embrapa
bdsolos_embrapa:bdsolos_public_carbono_organico:17838218164171b3af1367d4098e0c71f94dee19fc37795.csv:670:8530:26382:30-45:carbon_content;bdsolos_embrapa;bdsolos_public_carbono_organico;670:8530:26382;-22.75;-43.68333333333333;-43.68333333333333;-22.75;EPSG:4326;Brazil;RJ;1982-08-16;1982;1982;1982;30;45;15;5;Não informado;;;1.32;0.06;;;;;;carbon_content;5;g/kg;reported_bdsolos_carbono_organico_g_kg;ok;dup-000764;duplicate;removed_confirmed_duplicate:exact_scientific_match:bdsolos_embrapa
bdsolos_embrapa:bdsolos_public_carbono_organico:17838218164171b3af1367d4098e0c71f94dee19fc37795.csv:670:8530:26383:45-88:carbon_content;bdsolos_embrapa;bdsolos_public_carbono_organico;670:8530:26383;-22.75;-43.68333333333333;-43.68333333333333;-22.75;EPSG:4326;Brazil;RJ;1982-08-16;1982;1982;1982;45;88;43;2.8;Não informado;;;1.57;0.03;;;;;;carbon_content;2.8;g/kg;reported_bdsolos_carbono_organico_g_kg;ok;dup-000765;duplicate;removed_confirmed_duplicate:exact_scientific_match:bdsolos_embrapa
bdsolos_embrapa:bdsolos_public_carbono_organico:17838218164171b3af1367d4098e0c71f94dee19fc37795.csv:670:8530:26385:108-130:carbon_content;bdsolos_embrapa;bdsolos_public_carbono_organico;670:8530:26385;-22.75;-43.68333333333333;-43.68333333333333;-22.75;EPSG:4326;Brazil;RJ;1982-08-16;1982;1982;1982;108;130;22;1.7;Não informado;;;;0.02;;;;;;carbon_content;1.7;g/kg;reported_bdsolos_carbono_organico_g_kg;ok;dup-000760;duplicate;removed_confirmed_duplicate:exact_scientific_match:bdsolos_embrapa
bdsolos_embrapa:bdsolos_public_carbono_organico:17838218164171b3af1367d4098e0c71f94dee19fc37795.csv:670:8530:26386:130-147:carbon_content;bdsolos_embrapa;bdsolos_public_carbono_organico;670:8530:26386;-22.75;-43.68333333333333;-43.68333333333333;-22.75;EPSG:4326;Brazil;RJ;1982-08-16;1982;1982;1982;130;147;17;1;Não informado;;;;0.05;;;;;;carbon_content;1;g/kg;reported_bdsolos_carbono_organico_g_kg;ok;dup-000761;duplicate;removed_confirmed_duplicate:exact_scientific_match:bdsolos_embrapa
bdsolos_embrapa:bdsolos_public_carbono_organico:17838218164171b3af1367d4098e0c71f94dee19fc37795.csv:670:8530:26387:147-190:carbon_content;bdsolos_embrapa;bdsolos_public_carbono_organico;670:8530:26387;-22.75;-43.68333333333333;-43.68333333333333;-22.75;EPSG:4326;Brazil;RJ;1982-08-16;1982;1982;1982;147;190;43;0.8;Não informado;;;1.58;0.02;;;;;;carbon_content;0.8;g/kg;reported_bdsolos_carbono_organico_g_kg;ok;dup-000763;duplicate;removed_confirmed_duplicate:exact_scientific_match:bdsolos_embrapa
bdsolos_embrapa:bdsolos_public_carbono_organico:17838218344171b2bc31047e6ad294128232b1481302d24.csv:683:9259:29371:0-10:carbon_content;bdsolos_embrapa;bdsolos_public_carbono_organico;683:9259:29371;-21.433333333333334;-56.2;-56.2;-21.433333333333334;EPSG:4326;Brazil;MS;;;;;0;10;10;5.7;Não informado;;;;;;;;;;carbon_content;5.7;g/kg;reported_bdsolos_carbono_organico_g_kg;ok;dup-000553;duplicate;removed_confirmed_duplicate:exact_scientific_match:bdsolos_embrapa
bdsolos_embrapa:bdsolos_public_carbono_organico:17838218344171b2bc31047e6ad294128232b1481302d24.csv:683:9259:29372:10-35:carbon_content;bdsolos_embrapa;bdsolos_public_carbono_organico;683:9259:29372;-21.433333333333334;-56.2;-56.2;-21.433333333333334;EPSG:4326;Brazil;MS;;;;;10;35;25;2.6;Não informado;;;;;;;;;;carbon_content;2.6;g/kg;reported_bdsolos_carbono_organico_g_kg;ok;dup-000554;duplicate;removed_confirmed_duplicate:exact_scientific_match:bdsolos_embrapa
bdsolos_embrapa:bdsolos_public_carbono_organico:17838218344171b2bc31047e6ad294128232b1481302d24.csv:683:9259:29373:35-65:carbon_content;bdsolos_embrapa;bdsolos_public_carbono_organico;683:9259:29373;-21.433333333333334;-56.2;-56.2;-21.433333333333334;EPSG:4326;Brazil;MS;;;;;35;65;30;2.5;Não informado;;;;;;;;;;carbon_content;2.5;g/kg;reported_bdsolos_carbono_organico_g_kg;ok;dup-000556;duplicate;removed_confirmed_duplicate:exact_scientific_match:bdsolos_embrapa
bdsolos_embrapa:bdsolos_public_carbono_organico:17838218344171b2bc31047e6ad294128232b1481302d24.csv:683:9259:29374:65-90:carbon_content;bdsolos_embrapa;bdsolos_public_carbono_organico;683:9259:29374;-21.433333333333334;-56.2;-56.2;-21.433333333333334;EPSG:4326;Brazil;MS;;;;;65;90;25;3.2;Não informado;;;;;;;;;;carbon_content;3.2;g/kg;reported_bdsolos_carbono_organico_g_kg;ok;dup-000557;duplicate;removed_confirmed_duplicate:exact_scientific_match:bdsolos_embrapa
bdsolos_embrapa:bdsolos_public_carbono_organico:17838218344171b2bc31047e6ad294128232b1481302d24.csv:683:9259:29375:90-125:carbon_content;bdsolos_embrapa;bdsolos_public_carbono_organico;683:9259:29375;-21.433333333333334;-56.2;-56.2;-21.433333333333334;EPSG:4326;Brazil;MS;;;;;90;125;35;2;Não informado;;;;;;;;;;carbon_content;2;g/kg;reported_bdsolos_carbono_organico_g_kg;ok;dup-000558;duplicate;removed_confirmed_duplicate:exact_scientific_match:bdsolos_embrapa
bdsolos_embrapa:bdsolos_public_carbono_organico:17838218344171b2bc31047e6ad294128232b1481302d24.csv:683:9259:29376:125-300:carbon_content;bdsolos_embrapa;bdsolos_public_carbono_organico;683:9259:29376;-21.433333333333334;-56.2;-56.2;-21.433333333333334;EPSG:4326;Brazil;MS;;;;;125;300;175;1.5;Não informado;;;;;;;;;;carbon_content;1.5;g/kg;reported_bdsolos_carbono_organico_g_kg;ok;dup-000555;duplicate;removed_confirmed_duplicate:exact_scientific_match:bdsolos_embrapa
bdsolos_embrapa:bdsolos_public_carbono_organico:17838218344171b2bc31047e6ad294128232b1481302d24.csv:683:9262:29385:0-20:carbon_content;bdsolos_embrapa;bdsolos_public_carbono_organico;683:9262:29385;-21.7;-56.25;-56.25;-21.7;EPSG:4326;Brazil;MS;;;;;0;20;20;8.2;Não informado;;;;;;;;;;carbon_content;8.2;g/kg;reported_bdsolos_carbono_organico_g_kg;ok;dup-000582;duplicate;removed_confirmed_duplicate:exact_scientific_match:bdsolos_embrapa
bdsolos_embrapa:bdsolos_public_carbono_organico:17838218344171b2bc31047e6ad294128232b1481302d24.csv:683:9262:29386:80-120:carbon_content;bdsolos_embrapa;bdsolos_public_carbono_organico;683:9262:29386;-21.7;-56.25;-56.25;-21.7;EPSG:4326;Brazil;MS;;;;;80;120;40;3.1;Não informado;;;;0.01;;;;;;carbon_content;3.1;g/kg;reported_bdsolos_carbono_organico_g_kg;ok;dup-000583;duplicate;removed_confirmed_duplicate:exact_scientific_match:bdsolos_embrapa
bdsolos_embrapa:bdsolos_public_carbono_organico:17838218424171b96cce05590cc7f8cb836210c4e5e35a9.csv:752:10756:35582:0-20:carbon_content;bdsolos_embrapa;bdsolos_public_carbono_organico;752:10756:35582;-7.7;-63.7;-63.7;-7.7;EPSG:4326;Brazil;AM;;;;;0;20;20;20;Não informado;;;;;;;;;;carbon_content;20;g/kg;reported_bdsolos_carbono_organico_g_kg;ok;dup-001370;duplicate;removed_confirmed_duplicate:exact_scientific_match:bdsolos_embrapa
bdsolos_embrapa:bdsolos_public_carbono_organico:17838218424171b96cce05590cc7f8cb836210c4e5e35a9.csv:752:10756:35583:20-40:carbon_content;bdsolos_embrapa;bdsolos_public_carbono_organico;752:10756:35583;-7.7;-63.7;-63.7;-7.7;EPSG:4326;Brazil;AM;;;;;20;40;20;7;Não informado;;;;;;;;;;carbon_content;7;g/kg;reported_bdsolos_carbono_organico_g_kg;ok;dup-001371;duplicate;removed_confirmed_duplicate:exact_scientific_match:bdsolos_embrapa
bdsolos_embrapa:bdsolos_public_carbono_organico:17838218424171b96cce05590cc7f8cb836210c4e5e35a9.csv:752:10756:35584:40-80:carbon_content;bdsolos_embrapa;bdsolos_public_carbono_organico;752:10756:35584;-7.7;-63.7;-63.7;-7.7;EPSG:4326;Brazil;AM;;;;;40;80;40;3;Não informado;;;;;;;;;;carbon_content;3;g/kg;reported_bdsolos_carbono_organico_g_kg;ok;dup-001372;duplicate;removed_confirmed_duplicate:exact_scientific_match:bdsolos_embrapa
bdsolos_embrapa:bdsolos_public_carbono_organico:17838218424171b96cce05590cc7f8cb836210c4e5e35a9.csv:752:10756:35586:80-150:carbon_content;bdsolos_embrapa;bdsolos_public_carbono_organico;752:10756:35586;-7.7;-63.7;-63.7;-7.7;EPSG:4326;Brazil;AM;;;;;80;150;70;2;Não informado;;;;;;;;;;carbon_content;2;g/kg;reported_bdsolos_carbono_organico_g_kg;ok;dup-001373;duplicate;removed_confirmed_duplicate:exact_scientific_match:bdsolos_embrapa
bdsolos_embrapa:bdsolos_public_carbono_organico:17838218424171b96cce05590cc7f8cb836210c4e5e35a9.csv:717:10430:34074:90-120:carbon_content;bdsolos_embrapa;bdsolos_public_carbono_organico;717:10430:34074;-8.466666666666667;-72.51666666666667;-72.51666666666667;-8.466666666666667;EPSG:4326;Brazil;AC;;;;;90;120;30;6;Não informado;;;;;;;;;;carbon_content;6;g/kg;reported_bdsolos_carbono_organico_g_kg;ok;dup-001553;duplicate;removed_confirmed_duplicate:exact_scientific_match:bdsolos_embrapa
bdsolos_embrapa:bdsolos_public_carbono_organico:17838218424171b96cce05590cc7f8cb836210c4e5e35a9.csv:752:10696:35296:0-10:carbon_content;bdsolos_embrapa;bdsolos_public_carbono_organico;752:10696:35296;-7.85;-62.15;-62.15;-7.85;EPSG:4326;Brazil;AM;;;;;0;10;10;53;Não informado;;;;;;;;;;carbon_content;53;g/kg;reported_bdsolos_carbono_organico_g_kg;ok;dup-001414;duplicate;removed_confirmed_duplicate:exact_scientific_match:bdsolos_embrapa
bdsolos_embrapa:bdsolos_public_carbono_organico:17838218424171b96cce05590cc7f8cb836210c4e5e35a9.csv:752:10696:35297:10-40:carbon_content;bdsolos_embrapa;bdsolos_public_carbono_organico;752:10696:35297;-7.85;-62.15;-62.15;-7.85;EPSG:4326;Brazil;AM;;;;;10;40;30;24;Não informado;;;;;;;;;;carbon_content;24;g/kg;reported_bdsolos_carbono_organico_g_kg;ok;dup-001415;duplicate;removed_confirmed_duplicate:exact_scientific_match:bdsolos_embrapa
bdsolos_embrapa:bdsolos_public_carbono_organico:17838218424171b96cce05590cc7f8cb836210c4e5e35a9.csv:752:10696:35298:40-95:carbon_content;bdsolos_embrapa;bdsolos_public_carbono_organico;752:10696:35298;-7.85;-62.15;-62.15;-7.85;EPSG:4326;Brazil;AM;;;;;40;95;55;14;Não informado;;;;;;;;;;carbon_content;14;g/kg;reported_bdsolos_carbono_organico_g_kg;ok;dup-001416;duplicate;removed_confirmed_duplicate:exact_scientific_match:bdsolos_embrapa
bdsolos_embrapa:bdsolos_public_carbono_organico:17838218424171b96cce05590cc7f8cb836210c4e5e35a9.csv:752:10696:35299:95-130:carbon_content;bdsolos_embrapa;bdsolos_public_carbono_organico;752:10696:35299;-7.85;-62.15;-62.15;-7.85;EPSG:4326;Brazil;AM;;;;;95;130;35;8;Não informado;;;;;;;;;;carbon_content;8;g/kg;reported_bdsolos_carbono_organico_g_kg;ok;dup-001417;duplicate;removed_confirmed_duplicate:exact_scientific_match:bdsolos_embrapa
bdsolos_embrapa:bdsolos_public_carbono_organico:17838218544171b0496a5e676eeea1488870aee87ad94dc.csv:768:11634:38136:0-16:carbon_content;bdsolos_embrapa;bdsolos_public_carbono_organico;768:11634:38136;-18.383333333333333;-48.56666666666667;-48.56666666666667;-18.383333333333333;EPSG:4326;Brazil;MG;1979-12-07;1979;1979;1979;0;16;16;22.1;Não informado;;;;0.47;;;;;;carbon_content;22.1;g/kg;reported_bdsolos_carbono_organico_g_kg;ok;dup-000294;duplicate;removed_confirmed_duplicate:exact_scientific_match:bdsolos_embrapa
bdsolos_embrapa:bdsolos_public_carbono_organico:17838218544171b0496a5e676eeea1488870aee87ad94dc.csv:768:11634:38137:16-30:carbon_content;bdsolos_embrapa;bdsolos_public_carbono_organico;768:11634:38137;-18.383333333333333;-48.56666666666667;-48.56666666666667;-18.383333333333333;EPSG:4326;Brazil;MG;1979-12-07;1979;1979;1979;16;30;14;16.1;Não informado;;;;0.56;;;;;;carbon_content;16.1;g/kg;reported_bdsolos_carbono_organico_g_kg;ok;dup-000296;duplicate;removed_confirmed_duplicate:exact_scientific_match:bdsolos_embrapa
bdsolos_embrapa:bdsolos_public_carbono_organico:17838218544171b0496a5e676eeea1488870aee87ad94dc.csv:768:11634:38138:30-55:carbon_content;bdsolos_embrapa;bdsolos_public_carbono_organico;768:11634:38138;-18.383333333333333;-48.56666666666667;-48.56666666666667;-18.383333333333333;EPSG:4326;Brazil;MG;1979-12-07;1979;1979;1979;30;55;25;9.7;Não informado;;;;0.63;;;;;;carbon_content;9.7;g/kg;reported_bdsolos_carbono_organico_g_kg;ok;dup-000297;duplicate;removed_confirmed_duplicate:exact_scientific_match:bdsolos_embrapa
bdsolos_embrapa:bdsolos_public_carbono_organico:17838218544171b0496a5e676eeea1488870aee87ad94dc.csv:768:11634:38139:55-90:carbon_content;bdsolos_embrapa;bdsolos_public_carbono_organico;768:11634:38139;-18.383333333333333;-48.56666666666667;-48.56666666666667;-18.383333333333333;EPSG:4326;Brazil;MG;1979-12-07;1979;1979;1979;55;90;35;5.5;Não informado;;;;0.49;;;;;;carbon_content;5.5;g/kg;reported_bdsolos_carbono_organico_g_kg;ok;dup-000298;duplicate;removed_confirmed_duplicate:exact_scientific_match:bdsolos_embrapa
bdsolos_embrapa:bdsolos_public_carbono_organico:17838218544171b0496a5e676eeea1488870aee87ad94dc.csv:768:11634:38141:90-100:carbon_content;bdsolos_embrapa;bdsolos_public_carbono_organico;768:11634:38141;-18.383333333333333;-48.56666666666667;-48.56666666666667;-18.383333333333333;EPSG:4326;Brazil;MG;1979-12-07;1979;1979;1979;90;100;10;3.7;Não informado;;;;0.13;;;;;;carbon_content;3.7;g/kg;reported_bdsolos_carbono_organico_g_kg;ok;dup-000299;duplicate;removed_confirmed_duplicate:exact_scientific_match:bdsolos_embrapa
bdsolos_embrapa:bdsolos_public_carbono_organico:17838218544171b0496a5e676eeea1488870aee87ad94dc.csv:768:11634:38142:100-160:carbon_content;bdsolos_embrapa;bdsolos_public_carbono_organico;768:11634:38142;-18.383333333333333;-48.56666666666667;-48.56666666666667;-18.383333333333333;EPSG:4326;Brazil;MG;1979-12-07;1979;1979;1979;100;160;60;1;Não informado;;;;0.06;;;;;;carbon_content;1;g/kg;reported_bdsolos_carbono_organico_g_kg;ok;dup-000295;duplicate;removed_confirmed_duplicate:exact_scientific_match:bdsolos_embrapa
bdsolos_embrapa:bdsolos_public_carbono_organico:17838218544171b0496a5e676eeea1488870aee87ad94dc.csv:768:11637:38149:0-18:carbon_content;bdsolos_embrapa;bdsolos_public_carbono_organico;768:11637:38149;-18.783333333333335;-48.233333333333334;-48.233333333333334;-18.783333333333335;EPSG:4326;Brazil;MG;1978-11-02;1978;1978;1978;0;18;18;12.2;Não informado;;;;0.14;;;;;;carbon_content;12.2;g/kg;reported_bdsolos_carbono_organico_g_kg;ok;dup-000331;duplicate;removed_confirmed_duplicate:exact_scientific_match:bdsolos_embrapa
bdsolos_embrapa:bdsolos_public_carbono_organico:17838218544171b0496a5e676eeea1488870aee87ad94dc.csv:768:11637:38150:18-36:carbon_content;bdsolos_embrapa;bdsolos_public_carbono_organico;768:11637:38150;-18.783333333333335;-48.233333333333334;-48.233333333333334;-18.783333333333335;EPSG:4326;Brazil;MG;1978-11-02;1978;1978;1978;18;36;18;5.7;Não informado;;;;0.07;;;;;;carbon_content;5.7;g/kg;reported_bdsolos_carbono_organico_g_kg;ok;dup-000332;duplicate;removed_confirmed_duplicate:exact_scientific_match:bdsolos_embrapa
bdsolos_embrapa:bdsolos_public_carbono_organico:17838218544171b0496a5e676eeea1488870aee87ad94dc.csv:768:11637:38151:36-75:carbon_content;bdsolos_embrapa;bdsolos_public_carbono_organico;768:11637:38151;-18.783333333333335;-48.233333333333334;-48.233333333333334;-18.783333333333335;EPSG:4326;Brazil;MG;1978-11-02;1978;1978;1978;36;75;39;5.5;Não informado;;;;0.28;;;;;;carbon_content;5.5;g/kg;reported_bdsolos_carbono_organico_g_kg;ok;dup-000333;duplicate;removed_confirmed_duplicate:exact_scientific_match:bdsolos_embrapa
bdsolos_embrapa:bdsolos_public_carbono_organico:17838218544171b0496a5e676eeea1488870aee87ad94dc.csv:768:11641:38165:0-13:carbon_content;bdsolos_embrapa;bdsolos_public_carbono_organico;768:11641:38165;-18.45;-48.21666666666667;-48.21666666666667;-18.45;EPSG:4326;Brazil;MG;1978-11-26;1978;1978;1978;0;13;13;8.2;Não informado;;;1.31;0.03;;;;;;carbon_content;8.2;g/kg;reported_bdsolos_carbono_organico_g_kg;ok;dup-000310;duplicate;removed_confirmed_duplicate:exact_scientific_match:bdsolos_embrapa
bdsolos_embrapa:bdsolos_public_carbono_organico:17838218544171b0496a5e676eeea1488870aee87ad94dc.csv:768:11641:38167:13-30:carbon_content;bdsolos_embrapa;bdsolos_public_carbono_organico;768:11641:38167;-18.45;-48.21666666666667;-48.21666666666667;-18.45;EPSG:4326;Brazil;MG;1978-11-26;1978;1978;1978;13;30;17;7.6;Não informado;;;1.3;0.04;;;;;;carbon_content;7.6;g/kg;reported_bdsolos_carbono_organico_g_kg;ok;dup-000312;duplicate;removed_confirmed_duplicate:exact_scientific_match:bdsolos_embrapa
bdsolos_embrapa:bdsolos_public_carbono_organico:17838218544171b0496a5e676eeea1488870aee87ad94dc.csv:768:11641:38169:30-51:carbon_content;bdsolos_embrapa;bdsolos_public_carbono_organico;768:11641:38169;-18.45;-48.21666666666667;-48.21666666666667;-18.45;EPSG:4326;Brazil;MG;1978-11-26;1978;1978;1978;30;51;21;6.2;Não informado;;;1.15;0.04;;;;;;carbon_content;6.2;g/kg;reported_bdsolos_carbono_organico_g_kg;ok;dup-000313;duplicate;removed_confirmed_duplicate:exact_scientific_match:bdsolos_embrapa
bdsolos_embrapa:bdsolos_public_carbono_organico:17838218544171b0496a5e676eeea1488870aee87ad94dc.csv:768:11641:38171:51-75:carbon_content;bdsolos_embrapa;bdsolos_public_carbono_organico;768:11641:38171;-18.45;-48.21666666666667;-48.21666666666667;-18.45;EPSG:4326;Brazil;MG;1978-11-26;1978;1978;1978;51;75;24;4.7;Não informado;;;1.06;0.07;;;;;;carbon_content;4.7;g/kg;reported_bdsolos_carbono_organico_g_kg;ok;dup-000314;duplicate;removed_confirmed_duplicate:exact_scientific_match:bdsolos_embrapa
bdsolos_embrapa:bdsolos_public_carbono_organico:17838218544171b0496a5e676eeea1488870aee87ad94dc.csv:768:11641:38174:75-125:carbon_content;bdsolos_embrapa;bdsolos_public_carbono_organico;768:11641:38174;-18.45;-48.21666666666667;-48.21666666666667;-18.45;EPSG:4326;Brazil;MG;1978-11-26;1978;1978;1978;75;125;50;2.2;Não informado;;;;0.38;;;;;;carbon_content;2.2;g/kg;reported_bdsolos_carbono_organico_g_kg;ok;dup-000315;duplicate;removed_confirmed_duplicate:exact_scientific_match:bdsolos_embrapa
bdsolos_embrapa:bdsolos_public_carbono_organico:17838218544171b0496a5e676eeea1488870aee87ad94dc.csv:768:11641:38175:125-185:carbon_content;bdsolos_embrapa;bdsolos_public_carbono_organico;768:11641:38175;-18.45;-48.21666666666667;-48.21666666666667;-18.45;EPSG:4326;Brazil;MG;1978-11-26;1978;1978;1978;125;185;60;0.8;Não informado;;;;0.22;;;;;;carbon_content;0.8;g/kg;reported_bdsolos_carbono_organico_g_kg;ok;dup-000311;duplicate;removed_confirmed_duplicate:exact_scientific_match:bdsolos_embrapa
bdsolos_embrapa:bdsolos_public_carbono_organico:17838218544171b0496a5e676eeea1488870aee87ad94dc.csv:769:11830:38766:1-0:carbon_content;bdsolos_embrapa;bdsolos_public_carbono_organico;769:11830:38766;-22.833333333333332;-42.083333333333336;-42.083333333333336;-22.833333333333332;EPSG:4326;Brazil;RJ;1978-03-30;1978;1978;1978;1;0;-1;27.8;Não informado;;;;;;;;;;carbon_content;27.8;g/kg;reported_bdsolos_carbono_organico_g_kg;ok;dup-000779;duplicate;removed_confirmed_duplicate:exact_scientific_match:bdsolos_embrapa
bdsolos_embrapa:bdsolos_public_carbono_organico:17838218544171b0496a5e676eeea1488870aee87ad94dc.csv:769:11830:38767:0-20:carbon_content;bdsolos_embrapa;bdsolos_public_carbono_organico;769:11830:38767;-22.833333333333332;-42.083333333333336;-42.083333333333336;-22.833333333333332;EPSG:4326;Brazil;RJ;1978-03-30;1978;1978;1978;0;20;20;4.1;Não informado;;;;;;;;;;carbon_content;4.1;g/kg;reported_bdsolos_carbono_organico_g_kg;ok;dup-000778;duplicate;removed_confirmed_duplicate:exact_scientific_match:bdsolos_embrapa
bdsolos_embrapa:bdsolos_public_carbono_organico:17838218544171b0496a5e676eeea1488870aee87ad94dc.csv:769:11830:38768:20-28:carbon_content;bdsolos_embrapa;bdsolos_public_carbono_organico;769:11830:38768;-22.833333333333332;-42.083333333333336;-42.083333333333336;-22.833333333333332;EPSG:4326;Brazil;RJ;1978-03-30;1978;1978;1978;20;28;8;3;Não informado;;;;0.01;;;;;;carbon_content;3;g/kg;reported_bdsolos_carbono_organico_g_kg;ok;dup-000781;duplicate;removed_confirmed_duplicate:exact_scientific_match:bdsolos_embrapa
bdsolos_embrapa:bdsolos_public_carbono_organico:17838218544171b0496a5e676eeea1488870aee87ad94dc.csv:769:11830:38769:28-46:carbon_content;bdsolos_embrapa;bdsolos_public_carbono_organico;769:11830:38769;-22.833333333333332;-42.083333333333336;-42.083333333333336;-22.833333333333332;EPSG:4326;Brazil;RJ;1978-03-30;1978;1978;1978;28;46;18;1.8;Não informado;;;;0.02;;;;;;carbon_content;1.8;g/kg;reported_bdsolos_carbono_organico_g_kg;ok;dup-000782;duplicate;removed_confirmed_duplicate:exact_scientific_match:bdsolos_embrapa
bdsolos_embrapa:bdsolos_public_carbono_organico:17838218544171b0496a5e676eeea1488870aee87ad94dc.csv:769:11830:38770:46-70:carbon_content;bdsolos_embrapa;bdsolos_public_carbono_organico;769:11830:38770;-22.833333333333332;-42.083333333333336;-42.083333333333336;-22.833333333333332;EPSG:4326;Brazil;RJ;1978-03-30;1978;1978;1978;46;70;24;1.5;Não informado;;;;0.02;;;;;;carbon_content;1.5;g/kg;reported_bdsolos_carbono_organico_g_kg;ok;dup-000783;duplicate;removed_confirmed_duplicate:exact_scientific_match:bdsolos_embrapa
bdsolos_embrapa:bdsolos_public_carbono_organico:17838218544171b0496a5e676eeea1488870aee87ad94dc.csv:769:11830:38771:70-100:carbon_content;bdsolos_embrapa;bdsolos_public_carbono_organico;769:11830:38771;-22.833333333333332;-42.083333333333336;-42.083333333333336;-22.833333333333332;EPSG:4326;Brazil;RJ;1978-03-30;1978;1978;1978;70;100;30;0.9;Não informado;;;;0.01;;;;;;carbon_content;0.9;g/kg;reported_bdsolos_carbono_organico_g_kg;ok;dup-000784;duplicate;removed_confirmed_duplicate:exact_scientific_match:bdsolos_embrapa
bdsolos_embrapa:bdsolos_public_carbono_organico:17838218544171b0496a5e676eeea1488870aee87ad94dc.csv:771:11838:38813:0-10:carbon_content;bdsolos_embrapa;bdsolos_public_carbono_organico;771:11838:38813;-18.916666666666668;-41.8;-41.8;-18.916666666666668;EPSG:4326;Brazil;MG;1981-11-18;1981;1981;1981;0;10;10;26;Não informado;;;;;;;;;;carbon_content;26;g/kg;reported_bdsolos_carbono_organico_g_kg;ok;dup-000335;duplicate;removed_confirmed_duplicate:exact_scientific_match:bdsolos_embrapa
bdsolos_embrapa:bdsolos_public_carbono_organico:17838218544171b0496a5e676eeea1488870aee87ad94dc.csv:771:11838:38815:70-105:carbon_content;bdsolos_embrapa;bdsolos_public_carbono_organico;771:11838:38815;-18.916666666666668;-41.8;-41.8;-18.916666666666668;EPSG:4326;Brazil;MG;1981-11-18;1981;1981;1981;70;105;35;5;Não informado;;;;;;;;;;carbon_content;5;g/kg;reported_bdsolos_carbono_organico_g_kg;ok;dup-000338;duplicate;removed_confirmed_duplicate:exact_scientific_match:bdsolos_embrapa
bdsolos_embrapa:bdsolos_public_carbono_organico:17838218544171b0496a5e676eeea1488870aee87ad94dc.csv:771:11838:38816:105-170:carbon_content;bdsolos_embrapa;bdsolos_public_carbono_organico;771:11838:38816;-18.916666666666668;-41.8;-41.8;-18.916666666666668;EPSG:4326;Brazil;MG;1981-11-18;1981;1981;1981;105;170;65;4;Não informado;;;;;;;;;;carbon_content;4;g/kg;reported_bdsolos_carbono_organico_g_kg;ok;dup-000336;duplicate;removed_confirmed_duplicate:exact_scientific_match:bdsolos_embrapa
bdsolos_embrapa:bdsolos_public_carbono_organico:17838218544171b0496a5e676eeea1488870aee87ad94dc.csv:771:11838:38817:170-200:carbon_content;bdsolos_embrapa;bdsolos_public_carbono_organico;771:11838:38817;-18.916666666666668;-41.8;-41.8;-18.916666666666668;EPSG:4326;Brazil;MG;1981-11-18;1981;1981;1981;170;200;30;2;Não informado;;;;;;;;;;carbon_content;2;g/kg;reported_bdsolos_carbono_organico_g_kg;ok;dup-000337;duplicate;removed_confirmed_duplicate:exact_scientific_match:bdsolos_embrapa
bdsolos_embrapa:bdsolos_public_carbono_organico:17838218544171b0496a5e676eeea1488870aee87ad94dc.csv:763:11171:36981:0-20:carbon_content;bdsolos_embrapa;bdsolos_public_carbono_organico;763:11171:36981;-17.516666666666666;-54.75;-54.75;-17.516666666666666;EPSG:4326;Brazil;MT;1979-11-23;1979;1979;1979;0;20;20;7.9;Não informado;;;;;;;;;;carbon_content;7.9;g/kg;reported_bdsolos_carbono_organico_g_kg;ok;dup-000287;duplicate;removed_confirmed_duplicate:exact_scientific_match:bdsolos_embrapa
bdsolos_embrapa:bdsolos_public_carbono_organico:17838218544171b0496a5e676eeea1488870aee87ad94dc.csv:763:11171:36982:20-32:carbon_content;bdsolos_embrapa;bdsolos_public_carbono_organico;763:11171:36982;-17.516666666666666;-54.75;-54.75;-17.516666666666666;EPSG:4326;Brazil;MT;1979-11-23;1979;1979;1979;20;32;12;6.3;Não informado;;;;;;;;;;carbon_content;6.3;g/kg;reported_bdsolos_carbono_organico_g_kg;ok;dup-000288;duplicate;removed_confirmed_duplicate:exact_scientific_match:bdsolos_embrapa
bdsolos_embrapa:bdsolos_public_carbono_organico:17838218544171b0496a5e676eeea1488870aee87ad94dc.csv:763:11171:36983:32-57:carbon_content;bdsolos_embrapa;bdsolos_public_carbono_organico;763:11171:36983;-17.516666666666666;-54.75;-54.75;-17.516666666666666;EPSG:4326;Brazil;MT;1979-11-23;1979;1979;1979;32;57;25;3.3;Não informado;;;;;;;;;;carbon_content;3.3;g/kg;reported_bdsolos_carbono_organico_g_kg;ok;dup-000289;duplicate;removed_confirmed_duplicate:exact_scientific_match:bdsolos_embrapa
bdsolos_embrapa:bdsolos_public_carbono_organico:17838218544171b0496a5e676eeea1488870aee87ad94dc.csv:763:11171:36984:57-98:carbon_content;bdsolos_embrapa;bdsolos_public_carbono_organico;763:11171:36984;-17.516666666666666;-54.75;-54.75;-17.516666666666666;EPSG:4326;Brazil;MT;1979-11-23;1979;1979;1979;57;98;41;1.7;Não informado;;;;;;;;;;carbon_content;1.7;g/kg;reported_bdsolos_carbono_organico_g_kg;ok;dup-000290;duplicate;removed_confirmed_duplicate:exact_scientific_match:bdsolos_embrapa
bdsolos_embrapa:bdsolos_public_carbono_organico:17838218544171b0496a5e676eeea1488870aee87ad94dc.csv:763:11171:36985:98-148:carbon_content;bdsolos_embrapa;bdsolos_public_carbono_organico;763:11171:36985;-17.516666666666666;-54.75;-54.75;-17.516666666666666;EPSG:4326;Brazil;MT;1979-11-23;1979;1979;1979;98;148;50;1.1;Não informado;;;;;;;;;;carbon_content;1.1;g/kg;reported_bdsolos_carbono_organico_g_kg;ok;dup-000291;duplicate;removed_confirmed_duplicate:exact_scientific_match:bdsolos_embrapa
bdsolos_embrapa:bdsolos_public_carbono_organico:17838218544171b0496a5e676eeea1488870aee87ad94dc.csv:764:11180:37019:0-18:carbon_content;bdsolos_embrapa;bdsolos_public_carbono_organico;764:11180:37019;-21.483333333333334;-55.88333333333333;-55.88333333333333;-21.483333333333334;EPSG:4326;Brazil;MS;1980-06-28;1980;1980;1980;0;18;18;16;Não informado;;;;;;;;;;carbon_content;16;g/kg;reported_bdsolos_carbono_organico_g_kg;ok;dup-000568;duplicate;removed_confirmed_duplicate:exact_scientific_match:bdsolos_embrapa
bdsolos_embrapa:bdsolos_public_carbono_organico:17838218544171b0496a5e676eeea1488870aee87ad94dc.csv:764:11180:37020:18-28:carbon_content;bdsolos_embrapa;bdsolos_public_carbono_organico;764:11180:37020;-21.483333333333334;-55.88333333333333;-55.88333333333333;-21.483333333333334;EPSG:4326;Brazil;MS;1980-06-28;1980;1980;1980;18;28;10;12;Não informado;;;;;;;;;;carbon_content;12;g/kg;reported_bdsolos_carbono_organico_g_kg;ok;dup-000569;duplicate;removed_confirmed_duplicate:exact_scientific_match:bdsolos_embrapa
bdsolos_embrapa:bdsolos_public_carbono_organico:17838218544171b0496a5e676eeea1488870aee87ad94dc.csv:764:11180:37021:28-45:carbon_content;bdsolos_embrapa;bdsolos_public_carbono_organico;764:11180:37021;-21.483333333333334;-55.88333333333333;-55.88333333333333;-21.483333333333334;EPSG:4326;Brazil;MS;1980-06-28;1980;1980;1980;28;45;17;10;Não informado;;;;;;;;;;carbon_content;10;g/kg;reported_bdsolos_carbono_organico_g_kg;ok;dup-000570;duplicate;removed_confirmed_duplicate:exact_scientific_match:bdsolos_embrapa
bdsolos_embrapa:bdsolos_public_carbono_organico:17838218544171b0496a5e676eeea1488870aee87ad94dc.csv:764:11180:37026:45-80:carbon_content;bdsolos_embrapa;bdsolos_public_carbono_organico;764:11180:37026;-21.483333333333334;-55.88333333333333;-55.88333333333333;-21.483333333333334;EPSG:4326;Brazil;MS;1980-06-28;1980;1980;1980;45;80;35;6;Não informado;;;;;;;;;;carbon_content;6;g/kg;reported_bdsolos_carbono_organico_g_kg;ok;dup-000571;duplicate;removed_confirmed_duplicate:exact_scientific_match:bdsolos_embrapa
bdsolos_embrapa:bdsolos_public_carbono_organico:17838218544171b0496a5e676eeea1488870aee87ad94dc.csv:764:11180:37028:80-140:carbon_content;bdsolos_embrapa;bdsolos_public_carbono_organico;764:11180:37028;-21.483333333333334;-55.88333333333333;-55.88333333333333;-21.483333333333334;EPSG:4326;Brazil;MS;1980-06-28;1980;1980;1980;80;140;60;3;Não informado;;;;0.001;;;;;;carbon_content;3;g/kg;reported_bdsolos_carbono_organico_g_kg;ok;dup-000572;duplicate;removed_confirmed_duplicate:exact_scientific_match:bdsolos_embrapa
bdsolos_embrapa:bdsolos_public_carbono_organico:17838218544171b0496a5e676eeea1488870aee87ad94dc.csv:765:11553:37857:0-20:carbon_content;bdsolos_embrapa;bdsolos_public_carbono_organico;765:11553:37857;-22.568055555555556;-41.984722222222224;-41.984722222222224;-22.568055555555556;EPSG:4326;Brazil;RJ;1978-03-29;1978;1978;1978;0;20;20;13.1;Não informado;;;;;;;;;;carbon_content;13.1;g/kg;reported_bdsolos_carbono_organico_g_kg;ok;dup-000688;duplicate;removed_confirmed_duplicate:exact_scientific_match:bdsolos_embrapa
bdsolos_embrapa:bdsolos_public_carbono_organico:17838218544171b0496a5e676eeea1488870aee87ad94dc.csv:765:11553:37858:20-30:carbon_content;bdsolos_embrapa;bdsolos_public_carbono_organico;765:11553:37858;-22.568055555555556;-41.984722222222224;-41.984722222222224;-22.568055555555556;EPSG:4326;Brazil;RJ;1978-03-29;1978;1978;1978;20;30;10;2.7;Não informado;;;;;;;;;;carbon_content;2.7;g/kg;reported_bdsolos_carbono_organico_g_kg;ok;dup-000690;duplicate;removed_confirmed_duplicate:exact_scientific_match:bdsolos_embrapa
bdsolos_embrapa:bdsolos_public_carbono_organico:17838218544171b0496a5e676eeea1488870aee87ad94dc.csv:768:11639:38159:10-36:carbon_content;bdsolos_embrapa;bdsolos_public_carbono_organico;768:11639:38159;-19.35;-49.86666666666667;-49.86666666666667;-19.35;EPSG:4326;Brazil;MG;1979-08-29;1979;1979;1979;10;36;26;1.3;Não informado;;;;;;;;;;carbon_content;1.3;g/kg;reported_bdsolos_carbono_organico_g_kg;ok;dup-000393;duplicate;removed_confirmed_duplicate:exact_scientific_match:bdsolos_embrapa
bdsolos_embrapa:bdsolos_public_carbono_organico:17838218544171b0496a5e676eeea1488870aee87ad94dc.csv:768:11639:38160:36-84:carbon_content;bdsolos_embrapa;bdsolos_public_carbono_organico;768:11639:38160;-19.35;-49.86666666666667;-49.86666666666667;-19.35;EPSG:4326;Brazil;MG;1979-08-29;1979;1979;1979;36;84;48;3.6;Não informado;;;;;;;;;;carbon_content;3.6;g/kg;reported_bdsolos_carbono_organico_g_kg;ok;dup-000395;duplicate;removed_confirmed_duplicate:exact_scientific_match:bdsolos_embrapa
bdsolos_embrapa:bdsolos_public_carbono_organico:17838218544171b0496a5e676eeea1488870aee87ad94dc.csv:768:11639:38162:162-280:carbon_content;bdsolos_embrapa;bdsolos_public_carbono_organico;768:11639:38162;-19.35;-49.86666666666667;-49.86666666666667;-19.35;EPSG:4326;Brazil;MG;1979-08-29;1979;1979;1979;162;280;118;1.6;Não informado;;;;;;;;;;carbon_content;1.6;g/kg;reported_bdsolos_carbono_organico_g_kg;ok;dup-000394;duplicate;removed_confirmed_duplicate:exact_scientific_match:bdsolos_embrapa
bdsolos_embrapa:bdsolos_public_carbono_organico:17838218754171b52c404d098383d76b33a0f69f6bbf10c.csv:800:12714:42485:0-16:carbon_content;bdsolos_embrapa;bdsolos_public_carbono_organico;800:12714:42485;-7.57236111111111;-63.27111111111111;-63.27111111111111;-7.57236111111111;EPSG:4326;Brazil;AM;2000-09-23;2000;2000;2000;0;16;16;16.5;Não informado;;;1.21;0.021;;;;;;carbon_content;16.5;g/kg;reported_bdsolos_carbono_organico_g_kg;ok;dup-001341;duplicate;removed_confirmed_duplicate:exact_scientific_match:bdsolos_embrapa
bdsolos_embrapa:bdsolos_public_carbono_organico:17838218754171b52c404d098383d76b33a0f69f6bbf10c.csv:800:12714:42486:16-35:carbon_content;bdsolos_embrapa;bdsolos_public_carbono_organico;800:12714:42486;-7.57236111111111;-63.27111111111111;-63.27111111111111;-7.57236111111111;EPSG:4326;Brazil;AM;2000-09-23;2000;2000;2000;16;35;19;7.6;Não informado;;;1.3;0.042;;;;;;carbon_content;7.6;g/kg;reported_bdsolos_carbono_organico_g_kg;ok;dup-001343;duplicate;removed_confirmed_duplicate:exact_scientific_match:bdsolos_embrapa
bdsolos_embrapa:bdsolos_public_carbono_organico:17838218754171b52c404d098383d76b33a0f69f6bbf10c.csv:800:12714:42523:35-60:carbon_content;bdsolos_embrapa;bdsolos_public_carbono_organico;800:12714:42523;-7.57236111111111;-63.27111111111111;-63.27111111111111;-7.57236111111111;EPSG:4326;Brazil;AM;2000-09-23;2000;2000;2000;35;60;25;5.5;Não informado;;;1.34;0.05;;;;;;carbon_content;5.5;g/kg;reported_bdsolos_carbono_organico_g_kg;ok;dup-001344;duplicate;removed_confirmed_duplicate:exact_scientific_match:bdsolos_embrapa
bdsolos_embrapa:bdsolos_public_carbono_organico:17838218754171b52c404d098383d76b33a0f69f6bbf10c.csv:800:12714:42527:60-80:carbon_content;bdsolos_embrapa;bdsolos_public_carbono_organico;800:12714:42527;-7.57236111111111;-63.27111111111111;-63.27111111111111;-7.57236111111111;EPSG:4326;Brazil;AM;2000-09-23;2000;2000;2000;60;80;20;3.8;Não informado;;;1.33;0.018;;;;;;carbon_content;3.8;g/kg;reported_bdsolos_carbono_organico_g_kg;ok;dup-001345;duplicate;removed_confirmed_duplicate:exact_scientific_match:bdsolos_embrapa
bdsolos_embrapa:bdsolos_public_carbono_organico:17838218754171b52c404d098383d76b33a0f69f6bbf10c.csv:800:12714:42535:120-150:carbon_content;bdsolos_embrapa;bdsolos_public_carbono_organico;800:12714:42535;-7.57236111111111;-63.27111111111111;-63.27111111111111;-7.57236111111111;EPSG:4326;Brazil;AM;2000-09-23;2000;2000;2000;120;150;30;1.9;Não informado;;;1.38;0.004;;;;;;carbon_content;1.9;g/kg;reported_bdsolos_carbono_organico_g_kg;ok;dup-001342;duplicate;removed_confirmed_duplicate:exact_scientific_match:bdsolos_embrapa
bdsolos_embrapa:bdsolos_public_carbono_organico:17838218754171b52c404d098383d76b33a0f69f6bbf10c.csv:800:12731:42579:0-12:carbon_content;bdsolos_embrapa;bdsolos_public_carbono_organico;800:12731:42579;-8.090722222222222;-61.52772222222222;-61.52772222222222;-8.090722222222222;EPSG:4326;Brazil;AM;2000-09-27;2000;2000;2000;0;12;12;23.4;Não informado;;;1.14;0.116;;;;;;carbon_content;23.4;g/kg;reported_bdsolos_carbono_organico_g_kg;ok;dup-001500;duplicate;removed_confirmed_duplicate:exact_scientific_match:bdsolos_embrapa
bdsolos_embrapa:bdsolos_public_carbono_organico:17838218754171b52c404d098383d76b33a0f69f6bbf10c.csv:800:12731:42580:12-32:carbon_content;bdsolos_embrapa;bdsolos_public_carbono_organico;800:12731:42580;-8.090722222222222;-61.52772222222222;-61.52772222222222;-8.090722222222222;EPSG:4326;Brazil;AM;2000-09-27;2000;2000;2000;12;32;20;9.9;Não informado;;;1.17;0.124;;;;;;carbon_content;9.9;g/kg;reported_bdsolos_carbono_organico_g_kg;ok;dup-001502;duplicate;removed_confirmed_duplicate:exact_scientific_match:bdsolos_embrapa
bdsolos_embrapa:bdsolos_public_carbono_organico:17838218754171b52c404d098383d76b33a0f69f6bbf10c.csv:800:12731:42581:32-57:carbon_content;bdsolos_embrapa;bdsolos_public_carbono_organico;800:12731:42581;-8.090722222222222;-61.52772222222222;-61.52772222222222;-8.090722222222222;EPSG:4326;Brazil;AM;2000-09-27;2000;2000;2000;32;57;25;7;Não informado;;;1.24;0.215;;;;;;carbon_content;7;g/kg;reported_bdsolos_carbono_organico_g_kg;ok;dup-001503;duplicate;removed_confirmed_duplicate:exact_scientific_match:bdsolos_embrapa
bdsolos_embrapa:bdsolos_public_carbono_organico:17838218754171b52c404d098383d76b33a0f69f6bbf10c.csv:800:12731:42582:57-100:carbon_content;bdsolos_embrapa;bdsolos_public_carbono_organico;800:12731:42582;-8.090722222222222;-61.52772222222222;-61.52772222222222;-8.090722222222222;EPSG:4326;Brazil;AM;2000-09-27;2000;2000;2000;57;100;43;2.9;Não informado;;;1.26;0.026;;;;;;carbon_content;2.9;g/kg;reported_bdsolos_carbono_organico_g_kg;ok;dup-001504;duplicate;removed_confirmed_duplicate:exact_scientific_match:bdsolos_embrapa
bdsolos_embrapa:bdsolos_public_carbono_organico:17838218754171b52c404d098383d76b33a0f69f6bbf10c.csv:800:12731:42583:100-170:carbon_content;bdsolos_embrapa;bdsolos_public_carbono_organico;800:12731:42583;-8.090722222222222;-61.52772222222222;-61.52772222222222;-8.090722222222222;EPSG:4326;Brazil;AM;2000-09-27;2000;2000;2000;100;170;70;1.8;Não informado;;;1.37;;;;;;;carbon_content;1.8;g/kg;reported_bdsolos_carbono_organico_g_kg;ok;dup-001501;duplicate;removed_confirmed_duplicate:exact_scientific_match:bdsolos_embrapa
bdsolos_embrapa:bdsolos_public_carbono_organico:17838218754171b52c404d098383d76b33a0f69f6bbf10c.csv:800:12733:42590:0-35:carbon_content;bdsolos_embrapa;bdsolos_public_carbono_organico;800:12733:42590;-7.880111111111112;-61.542361111111106;-61.542361111111106;-7.880111111111112;EPSG:4326;Brazil;AM;2000-09-28;2000;2000;2000;0;35;35;44.8;Não informado;;;0.94;0.061;;;;;;carbon_content;44.8;g/kg;reported_bdsolos_carbono_organico_g_kg;ok;dup-001435;duplicate;removed_confirmed_duplicate:exact_scientific_match:bdsolos_embrapa
bdsolos_embrapa:bdsolos_public_carbono_organico:17838218754171b52c404d098383d76b33a0f69f6bbf10c.csv:800:12733:42591:35-53:carbon_content;bdsolos_embrapa;bdsolos_public_carbono_organico;800:12733:42591;-7.880111111111112;-61.542361111111106;-61.542361111111106;-7.880111111111112;EPSG:4326;Brazil;AM;2000-09-28;2000;2000;2000;35;53;18;13.3;Não informado;;;1.18;0.037;;;;;;carbon_content;13.3;g/kg;reported_bdsolos_carbono_organico_g_kg;ok;dup-001437;duplicate;removed_confirmed_duplicate:exact_scientific_match:bdsolos_embrapa
bdsolos_embrapa:bdsolos_public_carbono_organico:17838218754171b52c404d098383d76b33a0f69f6bbf10c.csv:800:12733:42592:53-64:carbon_content;bdsolos_embrapa;bdsolos_public_carbono_organico;800:12733:42592;-7.880111111111112;-61.542361111111106;-61.542361111111106;-7.880111111111112;EPSG:4326;Brazil;AM;2000-09-28;2000;2000;2000;53;64;11;6.5;Não informado;;;1.29;0.022;;;;;;carbon_content;6.5;g/kg;reported_bdsolos_carbono_organico_g_kg;ok;dup-001438;duplicate;removed_confirmed_duplicate:exact_scientific_match:bdsolos_embrapa
bdsolos_embrapa:bdsolos_public_carbono_organico:17838218754171b52c404d098383d76b33a0f69f6bbf10c.csv:800:12733:42593:64-95:carbon_content;bdsolos_embrapa;bdsolos_public_carbono_organico;800:12733:42593;-7.880111111111112;-61.542361111111106;-61.542361111111106;-7.880111111111112;EPSG:4326;Brazil;AM;2000-09-28;2000;2000;2000;64;95;31;4.8;Não informado;;;1.35;0.035;;;;;;carbon_content;4.8;g/kg;reported_bdsolos_carbono_organico_g_kg;ok;dup-001439;duplicate;removed_confirmed_duplicate:exact_scientific_match:bdsolos_embrapa
bdsolos_embrapa:bdsolos_public_carbono_organico:17838218754171b52c404d098383d76b33a0f69f6bbf10c.csv:800:12733:42594:95-133:carbon_content;bdsolos_embrapa;bdsolos_public_carbono_organico;800:12733:42594;-7.880111111111112;-61.542361111111106;-61.542361111111106;-7.880111111111112;EPSG:4326;Brazil;AM;2000-09-28;2000;2000;2000;95;133;38;3.8;Não informado;;;1.28;0.037;;;;;;carbon_content;3.8;g/kg;reported_bdsolos_carbono_organico_g_kg;ok;dup-001440;duplicate;removed_confirmed_duplicate:exact_scientific_match:bdsolos_embrapa
bdsolos_embrapa:bdsolos_public_carbono_organico:17838218754171b52c404d098383d76b33a0f69f6bbf10c.csv:800:12733:42595:133-190:carbon_content;bdsolos_embrapa;bdsolos_public_carbono_organico;800:12733:42595;-7.880111111111112;-61.542361111111106;-61.542361111111106;-7.880111111111112;EPSG:4326;Brazil;AM;2000-09-28;2000;2000;2000;133;190;57;3.3;Não informado;;;1.29;0.025;;;;;;carbon_content;3.3;g/kg;reported_bdsolos_carbono_organico_g_kg;ok;dup-001436;duplicate;removed_confirmed_duplicate:exact_scientific_match:bdsolos_embrapa
bdsolos_embrapa:bdsolos_public_carbono_organico:17838218754171b52c404d098383d76b33a0f69f6bbf10c.csv:800:12734:42596:0-10:carbon_content;bdsolos_embrapa;bdsolos_public_carbono_organico;800:12734:42596;-7.798472222222222;-61.59838888888889;-61.59838888888889;-7.798472222222222;EPSG:4326;Brazil;AM;2000-09-29;2000;2000;2000;0;10;10;19.5;Não informado;;;1.15;0.109;;;;;;carbon_content;19.5;g/kg;reported_bdsolos_carbono_organico_g_kg;ok;dup-001385;duplicate;removed_confirmed_duplicate:exact_scientific_match:bdsolos_embrapa
bdsolos_embrapa:bdsolos_public_carbono_organico:17838218754171b52c404d098383d76b33a0f69f6bbf10c.csv:800:12734:42597:10-22:carbon_content;bdsolos_embrapa;bdsolos_public_carbono_organico;800:12734:42597;-7.798472222222222;-61.59838888888889;-61.59838888888889;-7.798472222222222;EPSG:4326;Brazil;AM;2000-09-29;2000;2000;2000;10;22;12;11.6;Não informado;;;1.27;0.097;;;;;;carbon_content;11.6;g/kg;reported_bdsolos_carbono_organico_g_kg;ok;dup-001386;duplicate;removed_confirmed_duplicate:exact_scientific_match:bdsolos_embrapa
bdsolos_embrapa:bdsolos_public_carbono_organico:17838218754171b52c404d098383d76b33a0f69f6bbf10c.csv:800:12734:42598:22-42:carbon_content;bdsolos_embrapa;bdsolos_public_carbono_organico;800:12734:42598;-7.798472222222222;-61.59838888888889;-61.59838888888889;-7.798472222222222;EPSG:4326;Brazil;AM;2000-09-29;2000;2000;2000;22;42;20;8.5;Não informado;;;1.32;0.097;;;;;;carbon_content;8.5;g/kg;reported_bdsolos_carbono_organico_g_kg;ok;dup-001389;duplicate;removed_confirmed_duplicate:exact_scientific_match:bdsolos_embrapa
bdsolos_embrapa:bdsolos_public_carbono_organico:17838218754171b52c404d098383d76b33a0f69f6bbf10c.csv:800:12734:42599:42-95:carbon_content;bdsolos_embrapa;bdsolos_public_carbono_organico;800:12734:42599;-7.798472222222222;-61.59838888888889;-61.59838888888889;-7.798472222222222;EPSG:4326;Brazil;AM;2000-09-29;2000;2000;2000;42;95;53;3.7;Não informado;;;1.29;0.118;;;;;;carbon_content;3.7;g/kg;reported_bdsolos_carbono_organico_g_kg;ok;dup-001390;duplicate;removed_confirmed_duplicate:exact_scientific_match:bdsolos_embrapa
bdsolos_embrapa:bdsolos_public_carbono_organico:17838218754171b52c404d098383d76b33a0f69f6bbf10c.csv:800:12734:42600:95-130:carbon_content;bdsolos_embrapa;bdsolos_public_carbono_organico;800:12734:42600;-7.798472222222222;-61.59838888888889;-61.59838888888889;-7.798472222222222;EPSG:4326;Brazil;AM;2000-09-29;2000;2000;2000;95;130;35;2.2;Não informado;;;1.29;0.142;;;;;;carbon_content;2.2;g/kg;reported_bdsolos_carbono_organico_g_kg;ok;dup-001391;duplicate;removed_confirmed_duplicate:exact_scientific_match:bdsolos_embrapa
bdsolos_embrapa:bdsolos_public_carbono_organico:17838218754171b52c404d098383d76b33a0f69f6bbf10c.csv:800:12734:42601:130-163:carbon_content;bdsolos_embrapa;bdsolos_public_carbono_organico;800:12734:42601;-7.798472222222222;-61.59838888888889;-61.59838888888889;-7.798472222222222;EPSG:4326;Brazil;AM;2000-09-29;2000;2000;2000;130;163;33;2.1;Não informado;;;1.41;0.294;;;;;;carbon_content;2.1;g/kg;reported_bdsolos_carbono_organico_g_kg;ok;dup-001387;duplicate;removed_confirmed_duplicate:exact_scientific_match:bdsolos_embrapa
bdsolos_embrapa:bdsolos_public_carbono_organico:17838218754171b52c404d098383d76b33a0f69f6bbf10c.csv:800:12734:42602:163-200:carbon_content;bdsolos_embrapa;bdsolos_public_carbono_organico;800:12734:42602;-7.798472222222222;-61.59838888888889;-61.59838888888889;-7.798472222222222;EPSG:4326;Brazil;AM;2000-09-29;2000;2000;2000;163;200;37;1.5;Não informado;;;1.43;0.258;;;;;;carbon_content;1.5;g/kg;reported_bdsolos_carbono_organico_g_kg;ok;dup-001388;duplicate;removed_confirmed_duplicate:exact_scientific_match:bdsolos_embrapa
bdsolos_embrapa:bdsolos_public_carbono_organico:17838218754171b52c404d098383d76b33a0f69f6bbf10c.csv:800:12746:42645:0-30:carbon_content;bdsolos_embrapa;bdsolos_public_carbono_organico;800:12746:42645;-7.986111111111112;-61.013888888888886;-61.013888888888886;-7.986111111111112;EPSG:4326;Brazil;AM;2000-10-06;2000;2000;2000;0;30;30;23.3;Não informado;;;1.17;;;;;;;carbon_content;23.3;g/kg;reported_bdsolos_carbono_organico_g_kg;ok;dup-001473;duplicate;removed_confirmed_duplicate:exact_scientific_match:bdsolos_embrapa
bdsolos_embrapa:bdsolos_public_carbono_organico:17838218754171b52c404d098383d76b33a0f69f6bbf10c.csv:800:12746:42649:30-50:carbon_content;bdsolos_embrapa;bdsolos_public_carbono_organico;800:12746:42649;-7.986111111111112;-61.013888888888886;-61.013888888888886;-7.986111111111112;EPSG:4326;Brazil;AM;2000-10-06;2000;2000;2000;30;50;20;9.8;Não informado;;;1.33;;;;;;;carbon_content;9.8;g/kg;reported_bdsolos_carbono_organico_g_kg;ok;dup-001475;duplicate;removed_confirmed_duplicate:exact_scientific_match:bdsolos_embrapa
bdsolos_embrapa:bdsolos_public_carbono_organico:17838218754171b52c404d098383d76b33a0f69f6bbf10c.csv:800:12746:42652:50-80:carbon_content;bdsolos_embrapa;bdsolos_public_carbono_organico;800:12746:42652;-7.986111111111112;-61.013888888888886;-61.013888888888886;-7.986111111111112;EPSG:4326;Brazil;AM;2000-10-06;2000;2000;2000;50;80;30;6.1;Não informado;;;1.26;;;;;;;carbon_content;6.1;g/kg;reported_bdsolos_carbono_organico_g_kg;ok;dup-001476;duplicate;removed_confirmed_duplicate:exact_scientific_match:bdsolos_embrapa
bdsolos_embrapa:bdsolos_public_carbono_organico:17838218754171b52c404d098383d76b33a0f69f6bbf10c.csv:800:12746:42670:80-145:carbon_content;bdsolos_embrapa;bdsolos_public_carbono_organico;800:12746:42670;-7.986111111111112;-61.013888888888886;-61.013888888888886;-7.986111111111112;EPSG:4326;Brazil;AM;2000-10-06;2000;2000;2000;80;145;65;1.8;Não informado;;;1.62;;;;;;;carbon_content;1.8;g/kg;reported_bdsolos_carbono_organico_g_kg;ok;dup-001477;duplicate;removed_confirmed_duplicate:exact_scientific_match:bdsolos_embrapa
bdsolos_embrapa:bdsolos_public_carbono_organico:17838218754171b52c404d098383d76b33a0f69f6bbf10c.csv:800:12746:42671:145-200:carbon_content;bdsolos_embrapa;bdsolos_public_carbono_organico;800:12746:42671;-7.986111111111112;-61.013888888888886;-61.013888888888886;-7.986111111111112;EPSG:4326;Brazil;AM;2000-10-06;2000;2000;2000;145;200;55;0.9;Não informado;;;1.64;;;;;;;carbon_content;0.9;g/kg;reported_bdsolos_carbono_organico_g_kg;ok;dup-001474;duplicate;removed_confirmed_duplicate:exact_scientific_match:bdsolos_embrapa
bdsolos_embrapa:bdsolos_public_carbono_organico:17838218754171b52c404d098383d76b33a0f69f6bbf10c.csv:800:12751:42673:0-8:carbon_content;bdsolos_embrapa;bdsolos_public_carbono_organico;800:12751:42673;-8.021472222222224;-60.94025;-60.94025;-8.021472222222224;EPSG:4326;Brazil;AM;2000-10-06;2000;2000;2000;0;8;8;32.7;Não informado;;;1.2;;;;;;;carbon_content;32.7;g/kg;reported_bdsolos_carbono_organico_g_kg;ok;dup-001478;duplicate;removed_confirmed_duplicate:exact_scientific_match:bdsolos_embrapa
bdsolos_embrapa:bdsolos_public_carbono_organico:17838218754171b52c404d098383d76b33a0f69f6bbf10c.csv:800:12751:42674:8-20:carbon_content;bdsolos_embrapa;bdsolos_public_carbono_organico;800:12751:42674;-8.021472222222224;-60.94025;-60.94025;-8.021472222222224;EPSG:4326;Brazil;AM;2000-10-06;2000;2000;2000;8;20;12;8.1;Não informado;;;1.35;0.01;;;;;;carbon_content;8.1;g/kg;reported_bdsolos_carbono_organico_g_kg;ok;dup-001482;duplicate;removed_confirmed_duplicate:exact_scientific_match:bdsolos_embrapa
bdsolos_embrapa:bdsolos_public_carbono_organico:17838218754171b52c404d098383d76b33a0f69f6bbf10c.csv:800:12751:42675:20-65:carbon_content;bdsolos_embrapa;bdsolos_public_carbono_organico;800:12751:42675;-8.021472222222224;-60.94025;-60.94025;-8.021472222222224;EPSG:4326;Brazil;AM;2000-10-06;2000;2000;2000;20;65;45;5.3;Não informado;;;1.33;;;;;;;carbon_content;5.3;g/kg;reported_bdsolos_carbono_organico_g_kg;ok;dup-001480;duplicate;removed_confirmed_duplicate:exact_scientific_match:bdsolos_embrapa
bdsolos_embrapa:bdsolos_public_carbono_organico:17838218754171b52c404d098383d76b33a0f69f6bbf10c.csv:800:12751:42676:65-105:carbon_content;bdsolos_embrapa;bdsolos_public_carbono_organico;800:12751:42676;-8.021472222222224;-60.94025;-60.94025;-8.021472222222224;EPSG:4326;Brazil;AM;2000-10-06;2000;2000;2000;65;105;40;4.7;Não informado;;;1.33;;;;;;;carbon_content;4.7;g/kg;reported_bdsolos_carbono_organico_g_kg;ok;dup-001481;duplicate;removed_confirmed_duplicate:exact_scientific_match:bdsolos_embrapa
bdsolos_embrapa:bdsolos_public_carbono_organico:17838218754171b52c404d098383d76b33a0f69f6bbf10c.csv:800:12751:42677:105-150:carbon_content;bdsolos_embrapa;bdsolos_public_carbono_organico;800:12751:42677;-8.021472222222224;-60.94025;-60.94025;-8.021472222222224;EPSG:4326;Brazil;AM;2000-10-06;2000;2000;2000;105;150;45;3.3;Não informado;;;1.33;;;;;;;carbon_content;3.3;g/kg;reported_bdsolos_carbono_organico_g_kg;ok;dup-001479;duplicate;removed_confirmed_duplicate:exact_scientific_match:bdsolos_embrapa
bdsolos_embrapa:bdsolos_public_carbono_organico:17838218754171b52c404d098383d76b33a0f69f6bbf10c.csv:800:12752:42678:0-20:carbon_content;bdsolos_embrapa;bdsolos_public_carbono_organico;800:12752:42678;-7.256;-60.628861111111114;-60.628861111111114;-7.256;EPSG:4326;Brazil;AM;2000-10-07;2000;2000;2000;0;20;20;9;Não informado;;;1.46;0.051;;;;;;carbon_content;9;g/kg;reported_bdsolos_carbono_organico_g_kg;ok;dup-001277;duplicate;removed_confirmed_duplicate:exact_scientific_match:bdsolos_embrapa
bdsolos_embrapa:bdsolos_public_carbono_organico:17838218754171b52c404d098383d76b33a0f69f6bbf10c.csv:800:12752:42679:20-50:carbon_content;bdsolos_embrapa;bdsolos_public_carbono_organico;800:12752:42679;-7.256;-60.628861111111114;-60.628861111111114;-7.256;EPSG:4326;Brazil;AM;2000-10-07;2000;2000;2000;20;50;30;3.4;Não informado;;;1.78;0.017;;;;;;carbon_content;3.4;g/kg;reported_bdsolos_carbono_organico_g_kg;ok;dup-001279;duplicate;removed_confirmed_duplicate:exact_scientific_match:bdsolos_embrapa
bdsolos_embrapa:bdsolos_public_carbono_organico:17838218754171b52c404d098383d76b33a0f69f6bbf10c.csv:800:12752:42680:50-89:carbon_content;bdsolos_embrapa;bdsolos_public_carbono_organico;800:12752:42680;-7.256;-60.628861111111114;-60.628861111111114;-7.256;EPSG:4326;Brazil;AM;2000-10-07;2000;2000;2000;50;89;39;2.4;Não informado;;;1.81;0.032;;;;;;carbon_content;2.4;g/kg;reported_bdsolos_carbono_organico_g_kg;ok;dup-001280;duplicate;removed_confirmed_duplicate:exact_scientific_match:bdsolos_embrapa
bdsolos_embrapa:bdsolos_public_carbono_organico:17838218754171b52c404d098383d76b33a0f69f6bbf10c.csv:800:12752:42681:89-153:carbon_content;bdsolos_embrapa;bdsolos_public_carbono_organico;800:12752:42681;-7.256;-60.628861111111114;-60.628861111111114;-7.256;EPSG:4326;Brazil;AM;2000-10-07;2000;2000;2000;89;153;64;1.8;Não informado;;;1.48;0.029;;;;;;carbon_content;1.8;g/kg;reported_bdsolos_carbono_organico_g_kg;ok;dup-001281;duplicate;removed_confirmed_duplicate:exact_scientific_match:bdsolos_embrapa
bdsolos_embrapa:bdsolos_public_carbono_organico:17838218754171b52c404d098383d76b33a0f69f6bbf10c.csv:800:12752:42682:153-200:carbon_content;bdsolos_embrapa;bdsolos_public_carbono_organico;800:12752:42682;-7.256;-60.628861111111114;-60.628861111111114;-7.256;EPSG:4326;Brazil;AM;2000-10-07;2000;2000;2000;153;200;47;1.3;Não informado;;;1.57;0.034;;;;;;carbon_content;1.3;g/kg;reported_bdsolos_carbono_organico_g_kg;ok;dup-001278;duplicate;removed_confirmed_duplicate:exact_scientific_match:bdsolos_embrapa
bdsolos_embrapa:bdsolos_public_carbono_organico:17838218754171b52c404d098383d76b33a0f69f6bbf10c.csv:800:12753:42683:0-12:carbon_content;bdsolos_embrapa;bdsolos_public_carbono_organico;800:12753:42683;-7.479916666666667;-60.544888888888885;-60.544888888888885;-7.479916666666667;EPSG:4326;Brazil;AM;2000-10-08;2000;2000;2000;0;12;12;8.3;Não informado;;;1.48;;;;;;;carbon_content;8.3;g/kg;reported_bdsolos_carbono_organico_g_kg;ok;dup-001323;duplicate;removed_confirmed_duplicate:exact_scientific_match:bdsolos_embrapa
bdsolos_embrapa:bdsolos_public_carbono_organico:17838218754171b52c404d098383d76b33a0f69f6bbf10c.csv:800:12753:42684:12-27:carbon_content;bdsolos_embrapa;bdsolos_public_carbono_organico;800:12753:42684;-7.479916666666667;-60.544888888888885;-60.544888888888885;-7.479916666666667;EPSG:4326;Brazil;AM;2000-10-08;2000;2000;2000;12;27;15;2.9;Não informado;;;1.59;;;;;;;carbon_content;2.9;g/kg;reported_bdsolos_carbono_organico_g_kg;ok;dup-001324;duplicate;removed_confirmed_duplicate:exact_scientific_match:bdsolos_embrapa
bdsolos_embrapa:bdsolos_public_carbono_organico:17838218754171b52c404d098383d76b33a0f69f6bbf10c.csv:800:12753:42685:27-76:carbon_content;bdsolos_embrapa;bdsolos_public_carbono_organico;800:12753:42685;-7.479916666666667;-60.544888888888885;-60.544888888888885;-7.479916666666667;EPSG:4326;Brazil;AM;2000-10-08;2000;2000;2000;27;76;49;1.7;Não informado;;;1.62;;;;;;;carbon_content;1.7;g/kg;reported_bdsolos_carbono_organico_g_kg;ok;dup-001326;duplicate;removed_confirmed_duplicate:exact_scientific_match:bdsolos_embrapa
bdsolos_embrapa:bdsolos_public_carbono_organico:17838218754171b52c404d098383d76b33a0f69f6bbf10c.csv:800:12753:42686:76-140:carbon_content;bdsolos_embrapa;bdsolos_public_carbono_organico;800:12753:42686;-7.479916666666667;-60.544888888888885;-60.544888888888885;-7.479916666666667;EPSG:4326;Brazil;AM;2000-10-08;2000;2000;2000;76;140;64;1.6;Não informado;;;1.46;;;;;;;carbon_content;1.6;g/kg;reported_bdsolos_carbono_organico_g_kg;ok;dup-001327;duplicate;removed_confirmed_duplicate:exact_scientific_match:bdsolos_embrapa
bdsolos_embrapa:bdsolos_public_carbono_organico:17838218754171b52c404d098383d76b33a0f69f6bbf10c.csv:800:12753:42687:140-200:carbon_content;bdsolos_embrapa;bdsolos_public_carbono_organico;800:12753:42687;-7.479916666666667;-60.544888888888885;-60.544888888888885;-7.479916666666667;EPSG:4326;Brazil;AM;2000-10-08;2000;2000;2000;140;200;60;1.3;Não informado;;;1.46;;;;;;;carbon_content;1.3;g/kg;reported_bdsolos_carbono_organico_g_kg;ok;dup-001325;duplicate;removed_confirmed_duplicate:exact_scientific_match:bdsolos_embrapa
bdsolos_embrapa:bdsolos_public_carbono_organico:17838218754171b52c404d098383d76b33a0f69f6bbf10c.csv:800:12754:42688:0-7:carbon_content;bdsolos_embrapa;bdsolos_public_carbono_organico;800:12754:42688;-7.460333333333334;-59.85613888888889;-59.85613888888889;-7.460333333333334;EPSG:4326;Brazil;AM;2000-10-09;2000;2000;2000;0;7;7;29.3;Não informado;;;1.15;0.077;;;;;;carbon_content;29.3;g/kg;reported_bdsolos_carbono_organico_g_kg;ok;dup-001317;duplicate;removed_confirmed_duplicate:exact_scientific_match:bdsolos_embrapa
bdsolos_embrapa:bdsolos_public_carbono_organico:17838218754171b52c404d098383d76b33a0f69f6bbf10c.csv:800:12754:42689:7-15:carbon_content;bdsolos_embrapa;bdsolos_public_carbono_organico;800:12754:42689;-7.460333333333334;-59.85613888888889;-59.85613888888889;-7.460333333333334;EPSG:4326;Brazil;AM;2000-10-09;2000;2000;2000;7;15;8;10.8;Não informado;;;1.13;0.049;;;;;;carbon_content;10.8;g/kg;reported_bdsolos_carbono_organico_g_kg;ok;dup-001321;duplicate;removed_confirmed_duplicate:exact_scientific_match:bdsolos_embrapa
bdsolos_embrapa:bdsolos_public_carbono_organico:17838218754171b52c404d098383d76b33a0f69f6bbf10c.csv:800:12754:42690:15-50:carbon_content;bdsolos_embrapa;bdsolos_public_carbono_organico;800:12754:42690;-7.460333333333334;-59.85613888888889;-59.85613888888889;-7.460333333333334;EPSG:4326;Brazil;AM;2000-10-09;2000;2000;2000;15;50;35;6.4;Não informado;;;1.34;0.056;;;;;;carbon_content;6.4;g/kg;reported_bdsolos_carbono_organico_g_kg;ok;dup-001319;duplicate;removed_confirmed_duplicate:exact_scientific_match:bdsolos_embrapa
bdsolos_embrapa:bdsolos_public_carbono_organico:17838218754171b52c404d098383d76b33a0f69f6bbf10c.csv:800:12754:42691:50-97:carbon_content;bdsolos_embrapa;bdsolos_public_carbono_organico;800:12754:42691;-7.460333333333334;-59.85613888888889;-59.85613888888889;-7.460333333333334;EPSG:4326;Brazil;AM;2000-10-09;2000;2000;2000;50;97;47;3;Não informado;;;1.48;0.056;;;;;;carbon_content;3;g/kg;reported_bdsolos_carbono_organico_g_kg;ok;dup-001320;duplicate;removed_confirmed_duplicate:exact_scientific_match:bdsolos_embrapa
bdsolos_embrapa:bdsolos_public_carbono_organico:17838218754171b52c404d098383d76b33a0f69f6bbf10c.csv:800:12754:42692:97-144:carbon_content;bdsolos_embrapa;bdsolos_public_carbono_organico;800:12754:42692;-7.460333333333334;-59.85613888888889;-59.85613888888889;-7.460333333333334;EPSG:4326;Brazil;AM;2000-10-09;2000;2000;2000;97;144;47;1.9;Não informado;;;1.55;0.058;;;;;;carbon_content;1.9;g/kg;reported_bdsolos_carbono_organico_g_kg;ok;dup-001322;duplicate;removed_confirmed_duplicate:exact_scientific_match:bdsolos_embrapa
bdsolos_embrapa:bdsolos_public_carbono_organico:17838218754171b52c404d098383d76b33a0f69f6bbf10c.csv:800:12754:42693:144-200:carbon_content;bdsolos_embrapa;bdsolos_public_carbono_organico;800:12754:42693;-7.460333333333334;-59.85613888888889;-59.85613888888889;-7.460333333333334;EPSG:4326;Brazil;AM;2000-10-09;2000;2000;2000;144;200;56;1.1;Não informado;;;1.51;0.063;;;;;;carbon_content;1.1;g/kg;reported_bdsolos_carbono_organico_g_kg;ok;dup-001318;duplicate;removed_confirmed_duplicate:exact_scientific_match:bdsolos_embrapa
bdsolos_embrapa:bdsolos_public_carbono_organico:17838218754171b52c404d098383d76b33a0f69f6bbf10c.csv:800:12756:42701:0-9:carbon_content;bdsolos_embrapa;bdsolos_public_carbono_organico;800:12756:42701;-7.270861111111111;-59.72825;-59.72825;-7.270861111111111;EPSG:4326;Brazil;AM;2000-10-09;2000;2000;2000;0;9;9;26;Não informado;;;0.95;;;;;;;carbon_content;26;g/kg;reported_bdsolos_carbono_organico_g_kg;ok;dup-001291;duplicate;removed_confirmed_duplicate:exact_scientific_match:bdsolos_embrapa
bdsolos_embrapa:bdsolos_public_carbono_organico:17838218754171b52c404d098383d76b33a0f69f6bbf10c.csv:800:12756:42702:9-23:carbon_content;bdsolos_embrapa;bdsolos_public_carbono_organico;800:12756:42702;-7.270861111111111;-59.72825;-59.72825;-7.270861111111111;EPSG:4326;Brazil;AM;2000-10-09;2000;2000;2000;9;23;14;7.9;Não informado;;;1.32;;;;;;;carbon_content;7.9;g/kg;reported_bdsolos_carbono_organico_g_kg;ok;dup-001295;duplicate;removed_confirmed_duplicate:exact_scientific_match:bdsolos_embrapa
bdsolos_embrapa:bdsolos_public_carbono_organico:17838218754171b52c404d098383d76b33a0f69f6bbf10c.csv:800:12756:42703:23-85:carbon_content;bdsolos_embrapa;bdsolos_public_carbono_organico;800:12756:42703;-7.270861111111111;-59.72825;-59.72825;-7.270861111111111;EPSG:4326;Brazil;AM;2000-10-09;2000;2000;2000;23;85;62;4.1;Não informado;;;1.13;;;;;;;carbon_content;4.1;g/kg;reported_bdsolos_carbono_organico_g_kg;ok;dup-001293;duplicate;removed_confirmed_duplicate:exact_scientific_match:bdsolos_embrapa
bdsolos_embrapa:bdsolos_public_carbono_organico:17838218754171b52c404d098383d76b33a0f69f6bbf10c.csv:800:12756:42704:85-135:carbon_content;bdsolos_embrapa;bdsolos_public_carbono_organico;800:12756:42704;-7.270861111111111;-59.72825;-59.72825;-7.270861111111111;EPSG:4326;Brazil;AM;2000-10-09;2000;2000;2000;85;135;50;3.4;Não informado;;;1.12;;;;;;;carbon_content;3.4;g/kg;reported_bdsolos_carbono_organico_g_kg;ok;dup-001294;duplicate;removed_confirmed_duplicate:exact_scientific_match:bdsolos_embrapa
bdsolos_embrapa:bdsolos_public_carbono_organico:17838218754171b52c404d098383d76b33a0f69f6bbf10c.csv:800:12756:42705:135-200:carbon_content;bdsolos_embrapa;bdsolos_public_carbono_organico;800:12756:42705;-7.270861111111111;-59.72825;-59.72825;-7.270861111111111;EPSG:4326;Brazil;AM;2000-10-09;2000;2000;2000;135;200;65;1.8;Não informado;;;1.18;;;;;;;carbon_content;1.8;g/kg;reported_bdsolos_carbono_organico_g_kg;ok;dup-001292;duplicate;removed_confirmed_duplicate:exact_scientific_match:bdsolos_embrapa
bdsolos_embrapa:bdsolos_public_carbono_organico:17838218754171b52c404d098383d76b33a0f69f6bbf10c.csv:800:12758:42710:0-7:carbon_content;bdsolos_embrapa;bdsolos_public_carbono_organico;800:12758:42710;-7.034305555555555;-60.028527777777775;-60.028527777777775;-7.034305555555555;EPSG:4326;Brazil;AM;2000-10-11;2000;2000;2000;0;7;7;15.9;Não informado;;;0.92;;;;;;;carbon_content;15.9;g/kg;reported_bdsolos_carbono_organico_g_kg;ok;dup-001232;duplicate;removed_confirmed_duplicate:exact_scientific_match:bdsolos_embrapa
bdsolos_embrapa:bdsolos_public_carbono_organico:17838218754171b52c404d098383d76b33a0f69f6bbf10c.csv:800:12758:42711:7-17:carbon_content;bdsolos_embrapa;bdsolos_public_carbono_organico;800:12758:42711;-7.034305555555555;-60.028527777777775;-60.028527777777775;-7.034305555555555;EPSG:4326;Brazil;AM;2000-10-11;2000;2000;2000;7;17;10;12.8;Não informado;;;0.87;;;;;;;carbon_content;12.8;g/kg;reported_bdsolos_carbono_organico_g_kg;ok;dup-001236;duplicate;removed_confirmed_duplicate:exact_scientific_match:bdsolos_embrapa
bdsolos_embrapa:bdsolos_public_carbono_organico:17838218754171b52c404d098383d76b33a0f69f6bbf10c.csv:800:12758:42712:17-56:carbon_content;bdsolos_embrapa;bdsolos_public_carbono_organico;800:12758:42712;-7.034305555555555;-60.028527777777775;-60.028527777777775;-7.034305555555555;EPSG:4326;Brazil;AM;2000-10-11;2000;2000;2000;17;56;39;8.3;Não informado;;;1.01;;;;;;;carbon_content;8.3;g/kg;reported_bdsolos_carbono_organico_g_kg;ok;dup-001234;duplicate;removed_confirmed_duplicate:exact_scientific_match:bdsolos_embrapa
bdsolos_embrapa:bdsolos_public_carbono_organico:17838218754171b52c404d098383d76b33a0f69f6bbf10c.csv:800:12758:42713:56-110:carbon_content;bdsolos_embrapa;bdsolos_public_carbono_organico;800:12758:42713;-7.034305555555555;-60.028527777777775;-60.028527777777775;-7.034305555555555;EPSG:4326;Brazil;AM;2000-10-11;2000;2000;2000;56;110;54;4.5;Não informado;;;1.05;;;;;;;carbon_content;4.5;g/kg;reported_bdsolos_carbono_organico_g_kg;ok;dup-001235;duplicate;removed_confirmed_duplicate:exact_scientific_match:bdsolos_embrapa
bdsolos_embrapa:bdsolos_public_carbono_organico:17838218754171b52c404d098383d76b33a0f69f6bbf10c.csv:800:12758:42714:110-180:carbon_content;bdsolos_embrapa;bdsolos_public_carbono_organico;800:12758:42714;-7.034305555555555;-60.028527777777775;-60.028527777777775;-7.034305555555555;EPSG:4326;Brazil;AM;2000-10-11;2000;2000;2000;110;180;70;3.6;Não informado;;;1.05;;;;;;;carbon_content;3.6;g/kg;reported_bdsolos_carbono_organico_g_kg;ok;dup-001233;duplicate;removed_confirmed_duplicate:exact_scientific_match:bdsolos_embrapa
bdsolos_embrapa:bdsolos_public_carbono_organico:17838218754171b52c404d098383d76b33a0f69f6bbf10c.csv:800:12759:42715:0-23:carbon_content;bdsolos_embrapa;bdsolos_public_carbono_organico;800:12759:42715;-7.193972222222222;-59.89533333333333;-59.89533333333333;-7.193972222222222;EPSG:4326;Brazil;AM;2000-10-11;2000;2000;2000;0;23;23;24;Não informado;;;1.05;;;;;;;carbon_content;24;g/kg;reported_bdsolos_carbono_organico_g_kg;ok;dup-001254;duplicate;removed_confirmed_duplicate:exact_scientific_match:bdsolos_embrapa
bdsolos_embrapa:bdsolos_public_carbono_organico:17838218754171b52c404d098383d76b33a0f69f6bbf10c.csv:800:12759:42716:23-45:carbon_content;bdsolos_embrapa;bdsolos_public_carbono_organico;800:12759:42716;-7.193972222222222;-59.89533333333333;-59.89533333333333;-7.193972222222222;EPSG:4326;Brazil;AM;2000-10-11;2000;2000;2000;23;45;22;12.1;Não informado;;;0.98;;;;;;;carbon_content;12.1;g/kg;reported_bdsolos_carbono_organico_g_kg;ok;dup-001257;duplicate;removed_confirmed_duplicate:exact_scientific_match:bdsolos_embrapa
bdsolos_embrapa:bdsolos_public_carbono_organico:17838218754171b52c404d098383d76b33a0f69f6bbf10c.csv:800:12759:42717:45-103:carbon_content;bdsolos_embrapa;bdsolos_public_carbono_organico;800:12759:42717;-7.193972222222222;-59.89533333333333;-59.89533333333333;-7.193972222222222;EPSG:4326;Brazil;AM;2000-10-11;2000;2000;2000;45;103;58;6.9;Não informado;;;1.12;;;;;;;carbon_content;6.9;g/kg;reported_bdsolos_carbono_organico_g_kg;ok;dup-001258;duplicate;removed_confirmed_duplicate:exact_scientific_match:bdsolos_embrapa
bdsolos_embrapa:bdsolos_public_carbono_organico:17838218754171b52c404d098383d76b33a0f69f6bbf10c.csv:800:12759:42718:103-163:carbon_content;bdsolos_embrapa;bdsolos_public_carbono_organico;800:12759:42718;-7.193972222222222;-59.89533333333333;-59.89533333333333;-7.193972222222222;EPSG:4326;Brazil;AM;2000-10-11;2000;2000;2000;103;163;60;4;Não informado;;;1.09;;;;;;;carbon_content;4;g/kg;reported_bdsolos_carbono_organico_g_kg;ok;dup-001255;duplicate;removed_confirmed_duplicate:exact_scientific_match:bdsolos_embrapa
bdsolos_embrapa:bdsolos_public_carbono_organico:17838218754171b52c404d098383d76b33a0f69f6bbf10c.csv:800:12759:42719:163-210:carbon_content;bdsolos_embrapa;bdsolos_public_carbono_organico;800:12759:42719;-7.193972222222222;-59.89533333333333;-59.89533333333333;-7.193972222222222;EPSG:4326;Brazil;AM;2000-10-11;2000;2000;2000;163;210;47;2.3;Não informado;;;1.14;;;;;;;carbon_content;2.3;g/kg;reported_bdsolos_carbono_organico_g_kg;ok;dup-001256;duplicate;removed_confirmed_duplicate:exact_scientific_match:bdsolos_embrapa
bdsolos_embrapa:bdsolos_public_carbono_organico:17838218754171b52c404d098383d76b33a0f69f6bbf10c.csv:800:12761:42724:0-40:carbon_content;bdsolos_embrapa;bdsolos_public_carbono_organico;800:12761:42724;-6.801916666666666;-60.04077777777778;-60.04077777777778;-6.801916666666666;EPSG:4326;Brazil;AM;2000-10-12;2000;2000;2000;0;40;40;11.4;Não informado;;;1.21;;;;;;;carbon_content;11.4;g/kg;reported_bdsolos_carbono_organico_g_kg;ok;dup-001167;duplicate;removed_confirmed_duplicate:exact_scientific_match:bdsolos_embrapa
bdsolos_embrapa:bdsolos_public_carbono_organico:17838218754171b52c404d098383d76b33a0f69f6bbf10c.csv:800:12761:42725:40-54:carbon_content;bdsolos_embrapa;bdsolos_public_carbono_organico;800:12761:42725;-6.801916666666666;-60.04077777777778;-60.04077777777778;-6.801916666666666;EPSG:4326;Brazil;AM;2000-10-12;2000;2000;2000;40;54;14;5.5;Não informado;;;1.38;;;;;;;carbon_content;5.5;g/kg;reported_bdsolos_carbono_organico_g_kg;ok;dup-001169;duplicate;removed_confirmed_duplicate:exact_scientific_match:bdsolos_embrapa
bdsolos_embrapa:bdsolos_public_carbono_organico:17838218754171b52c404d098383d76b33a0f69f6bbf10c.csv:800:12761:42726:54-72:carbon_content;bdsolos_embrapa;bdsolos_public_carbono_organico;800:12761:42726;-6.801916666666666;-60.04077777777778;-60.04077777777778;-6.801916666666666;EPSG:4326;Brazil;AM;2000-10-12;2000;2000;2000;54;72;18;4.2;Não informado;;;1.46;;;;;;;carbon_content;4.2;g/kg;reported_bdsolos_carbono_organico_g_kg;ok;dup-001170;duplicate;removed_confirmed_duplicate:exact_scientific_match:bdsolos_embrapa
bdsolos_embrapa:bdsolos_public_carbono_organico:17838218754171b52c404d098383d76b33a0f69f6bbf10c.csv:800:12761:42727:72-145:carbon_content;bdsolos_embrapa;bdsolos_public_carbono_organico;800:12761:42727;-6.801916666666666;-60.04077777777778;-60.04077777777778;-6.801916666666666;EPSG:4326;Brazil;AM;2000-10-12;2000;2000;2000;72;145;73;2.1;Não informado;;;1.46;;;;;;;carbon_content;2.1;g/kg;reported_bdsolos_carbono_organico_g_kg;ok;dup-001171;duplicate;removed_confirmed_duplicate:exact_scientific_match:bdsolos_embrapa
bdsolos_embrapa:bdsolos_public_carbono_organico:17838218754171b52c404d098383d76b33a0f69f6bbf10c.csv:800:12761:42728:145-200:carbon_content;bdsolos_embrapa;bdsolos_public_carbono_organico;800:12761:42728;-6.801916666666666;-60.04077777777778;-60.04077777777778;-6.801916666666666;EPSG:4326;Brazil;AM;2000-10-12;2000;2000;2000;145;200;55;1.6;Não informado;;;1.44;;;;;;;carbon_content;1.6;g/kg;reported_bdsolos_carbono_organico_g_kg;ok;dup-001168;duplicate;removed_confirmed_duplicate:exact_scientific_match:bdsolos_embrapa
bdsolos_embrapa:bdsolos_public_carbono_organico:17838218754171b52c404d098383d76b33a0f69f6bbf10c.csv:800:12763:42735:0-30:carbon_content;bdsolos_embrapa;bdsolos_public_carbono_organico;800:12763:42735;-6.877444444444445;-59.225500000000004;-59.225500000000004;-6.877444444444445;EPSG:4326;Brazil;AM;2000-10-16;2000;2000;2000;0;30;30;11.7;Não informado;;;1.21;;;;;;;carbon_content;11.7;g/kg;reported_bdsolos_carbono_organico_g_kg;ok;dup-001193;duplicate;removed_confirmed_duplicate:exact_scientific_match:bdsolos_embrapa
bdsolos_embrapa:bdsolos_public_carbono_organico:17838218754171b52c404d098383d76b33a0f69f6bbf10c.csv:800:12763:42736:30-50:carbon_content;bdsolos_embrapa;bdsolos_public_carbono_organico;800:12763:42736;-6.877444444444445;-59.225500000000004;-59.225500000000004;-6.877444444444445;EPSG:4326;Brazil;AM;2000-10-16;2000;2000;2000;30;50;20;6;Não informado;;;1.45;;;;;;;carbon_content;6;g/kg;reported_bdsolos_carbono_organico_g_kg;ok;dup-001195;duplicate;removed_confirmed_duplicate:exact_scientific_match:bdsolos_embrapa
bdsolos_embrapa:bdsolos_public_carbono_organico:17838218754171b52c404d098383d76b33a0f69f6bbf10c.csv:800:12763:42737:50-96:carbon_content;bdsolos_embrapa;bdsolos_public_carbono_organico;800:12763:42737;-6.877444444444445;-59.225500000000004;-59.225500000000004;-6.877444444444445;EPSG:4326;Brazil;AM;2000-10-16;2000;2000;2000;50;96;46;2.4;Não informado;;;1.43;0.018;;;;;;carbon_content;2.4;g/kg;reported_bdsolos_carbono_organico_g_kg;ok;dup-001196;duplicate;removed_confirmed_duplicate:exact_scientific_match:bdsolos_embrapa
bdsolos_embrapa:bdsolos_public_carbono_organico:17838218754171b52c404d098383d76b33a0f69f6bbf10c.csv:800:12763:42738:96-140:carbon_content;bdsolos_embrapa;bdsolos_public_carbono_organico;800:12763:42738;-6.877444444444445;-59.225500000000004;-59.225500000000004;-6.877444444444445;EPSG:4326;Brazil;AM;2000-10-16;2000;2000;2000;96;140;44;1.9;Não informado;;;1.56;0.085;;;;;;carbon_content;1.9;g/kg;reported_bdsolos_carbono_organico_g_kg;ok;dup-001197;duplicate;removed_confirmed_duplicate:exact_scientific_match:bdsolos_embrapa
bdsolos_embrapa:bdsolos_public_carbono_organico:17838218754171b52c404d098383d76b33a0f69f6bbf10c.csv:800:12763:42739:140-200:carbon_content;bdsolos_embrapa;bdsolos_public_carbono_organico;800:12763:42739;-6.877444444444445;-59.225500000000004;-59.225500000000004;-6.877444444444445;EPSG:4326;Brazil;AM;2000-10-16;2000;2000;2000;140;200;60;1.5;Não informado;;;1.64;0.039;;;;;;carbon_content;1.5;g/kg;reported_bdsolos_carbono_organico_g_kg;ok;dup-001194;duplicate;removed_confirmed_duplicate:exact_scientific_match:bdsolos_embrapa
bdsolos_embrapa:bdsolos_public_carbono_organico:17838218754171b52c404d098383d76b33a0f69f6bbf10c.csv:800:12785:42827:0-20:carbon_content;bdsolos_embrapa;bdsolos_public_carbono_organico;800:12785:42827;-6.512472222222223;-58.44625;-58.44625;-6.512472222222223;EPSG:4326;Brazil;AM;2000-10-19;2000;2000;2000;0;20;20;15.1;Não informado;;;0.99;0.201;;;;;;carbon_content;15.1;g/kg;reported_bdsolos_carbono_organico_g_kg;ok;dup-001124;duplicate;removed_confirmed_duplicate:exact_scientific_match:bdsolos_embrapa
bdsolos_embrapa:bdsolos_public_carbono_organico:17838218754171b52c404d098383d76b33a0f69f6bbf10c.csv:800:12785:42828:20-30:carbon_content;bdsolos_embrapa;bdsolos_public_carbono_organico;800:12785:42828;-6.512472222222223;-58.44625;-58.44625;-6.512472222222223;EPSG:4326;Brazil;AM;2000-10-19;2000;2000;2000;20;30;10;5.2;Não informado;;;1.47;0.265;;;;;;carbon_content;5.2;g/kg;reported_bdsolos_carbono_organico_g_kg;ok;dup-001126;duplicate;removed_confirmed_duplicate:exact_scientific_match:bdsolos_embrapa
bdsolos_embrapa:bdsolos_public_carbono_organico:17838218754171b52c404d098383d76b33a0f69f6bbf10c.csv:800:12785:42829:30-60:carbon_content;bdsolos_embrapa;bdsolos_public_carbono_organico;800:12785:42829;-6.512472222222223;-58.44625;-58.44625;-6.512472222222223;EPSG:4326;Brazil;AM;2000-10-19;2000;2000;2000;30;60;30;2.7;Não informado;;;1.06;0.264;;;;;;carbon_content;2.7;g/kg;reported_bdsolos_carbono_organico_g_kg;ok;dup-001127;duplicate;removed_confirmed_duplicate:exact_scientific_match:bdsolos_embrapa
bdsolos_embrapa:bdsolos_public_carbono_organico:17838218754171b52c404d098383d76b33a0f69f6bbf10c.csv:800:12785:42830:60-110:carbon_content;bdsolos_embrapa;bdsolos_public_carbono_organico;800:12785:42830;-6.512472222222223;-58.44625;-58.44625;-6.512472222222223;EPSG:4326;Brazil;AM;2000-10-19;2000;2000;2000;60;110;50;1.4;Não informado;;;1.42;0.015;;;;;;carbon_content;1.4;g/kg;reported_bdsolos_carbono_organico_g_kg;ok;dup-001128;duplicate;removed_confirmed_duplicate:exact_scientific_match:bdsolos_embrapa
bdsolos_embrapa:bdsolos_public_carbono_organico:17838218754171b52c404d098383d76b33a0f69f6bbf10c.csv:800:12785:42831:110-200:carbon_content;bdsolos_embrapa;bdsolos_public_carbono_organico;800:12785:42831;-6.512472222222223;-58.44625;-58.44625;-6.512472222222223;EPSG:4326;Brazil;AM;2000-10-19;2000;2000;2000;110;200;90;0.8;Não informado;;;1.35;;;;;;;carbon_content;0.8;g/kg;reported_bdsolos_carbono_organico_g_kg;ok;dup-001125;duplicate;removed_confirmed_duplicate:exact_scientific_match:bdsolos_embrapa
bdsolos_embrapa:bdsolos_public_carbono_organico:17838218754171b52c404d098383d76b33a0f69f6bbf10c.csv:800:12787:42836:0-13:carbon_content;bdsolos_embrapa;bdsolos_public_carbono_organico;800:12787:42836;-5.9911666666666665;-60.13761111111111;-60.13761111111111;-5.9911666666666665;EPSG:4326;Brazil;AM;2000-10-20;2000;2000;2000;0;13;13;12;Não informado;;;1.08;;;;;;;carbon_content;12;g/kg;reported_bdsolos_carbono_organico_g_kg;ok;dup-001084;duplicate;removed_confirmed_duplicate:exact_scientific_match:bdsolos_embrapa
bdsolos_embrapa:bdsolos_public_carbono_organico:17838218754171b52c404d098383d76b33a0f69f6bbf10c.csv:800:12787:42837:13-26:carbon_content;bdsolos_embrapa;bdsolos_public_carbono_organico;800:12787:42837;-5.9911666666666665;-60.13761111111111;-60.13761111111111;-5.9911666666666665;EPSG:4326;Brazil;AM;2000-10-20;2000;2000;2000;13;26;13;11.9;Não informado;;;1.26;;;;;;;carbon_content;11.9;g/kg;reported_bdsolos_carbono_organico_g_kg;ok;dup-001086;duplicate;removed_confirmed_duplicate:exact_scientific_match:bdsolos_embrapa
bdsolos_embrapa:bdsolos_public_carbono_organico:17838218754171b52c404d098383d76b33a0f69f6bbf10c.csv:800:12787:42838:26-69:carbon_content;bdsolos_embrapa;bdsolos_public_carbono_organico;800:12787:42838;-5.9911666666666665;-60.13761111111111;-60.13761111111111;-5.9911666666666665;EPSG:4326;Brazil;AM;2000-10-20;2000;2000;2000;26;69;43;6.5;Não informado;;;1.29;;;;;;;carbon_content;6.5;g/kg;reported_bdsolos_carbono_organico_g_kg;ok;dup-001087;duplicate;removed_confirmed_duplicate:exact_scientific_match:bdsolos_embrapa
bdsolos_embrapa:bdsolos_public_carbono_organico:17838218754171b52c404d098383d76b33a0f69f6bbf10c.csv:800:12787:42839:69-120:carbon_content;bdsolos_embrapa;bdsolos_public_carbono_organico;800:12787:42839;-5.9911666666666665;-60.13761111111111;-60.13761111111111;-5.9911666666666665;EPSG:4326;Brazil;AM;2000-10-20;2000;2000;2000;69;120;51;3.5;Não informado;;;1.21;;;;;;;carbon_content;3.5;g/kg;reported_bdsolos_carbono_organico_g_kg;ok;dup-001088;duplicate;removed_confirmed_duplicate:exact_scientific_match:bdsolos_embrapa
bdsolos_embrapa:bdsolos_public_carbono_organico:17838218754171b52c404d098383d76b33a0f69f6bbf10c.csv:800:12787:42840:120-200:carbon_content;bdsolos_embrapa;bdsolos_public_carbono_organico;800:12787:42840;-5.9911666666666665;-60.13761111111111;-60.13761111111111;-5.9911666666666665;EPSG:4326;Brazil;AM;2000-10-20;2000;2000;2000;120;200;80;2.8;Não informado;;;1.23;;;;;;;carbon_content;2.8;g/kg;reported_bdsolos_carbono_organico_g_kg;ok;dup-001085;duplicate;removed_confirmed_duplicate:exact_scientific_match:bdsolos_embrapa
bdsolos_embrapa:bdsolos_public_carbono_organico:17838218754171b52c404d098383d76b33a0f69f6bbf10c.csv:800:12788:42841:0-27:carbon_content;bdsolos_embrapa;bdsolos_public_carbono_organico;800:12788:42841;-6.492333333333334;-60.06088888888888;-60.06088888888888;-6.492333333333334;EPSG:4326;Brazil;AM;2000-10-20;2000;2000;2000;0;27;27;6.9;Não informado;;;1.51;;;;;;;carbon_content;6.9;g/kg;reported_bdsolos_carbono_organico_g_kg;ok;dup-001119;duplicate;removed_confirmed_duplicate:exact_scientific_match:bdsolos_embrapa
bdsolos_embrapa:bdsolos_public_carbono_organico:17838218754171b52c404d098383d76b33a0f69f6bbf10c.csv:800:12788:42842:27-60:carbon_content;bdsolos_embrapa;bdsolos_public_carbono_organico;800:12788:42842;-6.492333333333334;-60.06088888888888;-60.06088888888888;-6.492333333333334;EPSG:4326;Brazil;AM;2000-10-20;2000;2000;2000;27;60;33;5.7;Não informado;;;1.36;;;;;;;carbon_content;5.7;g/kg;reported_bdsolos_carbono_organico_g_kg;ok;dup-001121;duplicate;removed_confirmed_duplicate:exact_scientific_match:bdsolos_embrapa
bdsolos_embrapa:bdsolos_public_carbono_organico:17838218754171b52c404d098383d76b33a0f69f6bbf10c.csv:800:12788:42843:60-82:carbon_content;bdsolos_embrapa;bdsolos_public_carbono_organico;800:12788:42843;-6.492333333333334;-60.06088888888888;-60.06088888888888;-6.492333333333334;EPSG:4326;Brazil;AM;2000-10-20;2000;2000;2000;60;82;22;3.6;Não informado;;;1.38;;;;;;;carbon_content;3.6;g/kg;reported_bdsolos_carbono_organico_g_kg;ok;dup-001122;duplicate;removed_confirmed_duplicate:exact_scientific_match:bdsolos_embrapa
bdsolos_embrapa:bdsolos_public_carbono_organico:17838218754171b52c404d098383d76b33a0f69f6bbf10c.csv:800:12788:42844:82-120:carbon_content;bdsolos_embrapa;bdsolos_public_carbono_organico;800:12788:42844;-6.492333333333334;-60.06088888888888;-60.06088888888888;-6.492333333333334;EPSG:4326;Brazil;AM;2000-10-20;2000;2000;2000;82;120;38;2;Não informado;;;1.43;;;;;;;carbon_content;2;g/kg;reported_bdsolos_carbono_organico_g_kg;ok;dup-001123;duplicate;removed_confirmed_duplicate:exact_scientific_match:bdsolos_embrapa
bdsolos_embrapa:bdsolos_public_carbono_organico:17838218754171b52c404d098383d76b33a0f69f6bbf10c.csv:800:12788:42845:120-180:carbon_content;bdsolos_embrapa;bdsolos_public_carbono_organico;800:12788:42845;-6.492333333333334;-60.06088888888888;-60.06088888888888;-6.492333333333334;EPSG:4326;Brazil;AM;2000-10-20;2000;2000;2000;120;180;60;1.4;Não informado;;;1.44;;;;;;;carbon_content;1.4;g/kg;reported_bdsolos_carbono_organico_g_kg;ok;dup-001120;duplicate;removed_confirmed_duplicate:exact_scientific_match:bdsolos_embrapa
bdsolos_embrapa:bdsolos_public_carbono_organico:17838218754171b52c404d098383d76b33a0f69f6bbf10c.csv:800:12790:42853:16-36:carbon_content;bdsolos_embrapa;bdsolos_public_carbono_organico;800:12790:42853;-6.803944444444444;-62.60175;-62.60175;-6.803944444444444;EPSG:4326;Brazil;AM;1999-10-11;1999;1999;1999;16;36;20;7.8;Não informado;;;1.89;;;;;;;carbon_content;7.8;g/kg;reported_bdsolos_carbono_organico_g_kg;ok;dup-001180;duplicate;removed_confirmed_duplicate:exact_scientific_match:bdsolos_embrapa
bdsolos_embrapa:bdsolos_public_carbono_organico:17838218754171b52c404d098383d76b33a0f69f6bbf10c.csv:800:12790:42854:36-92:carbon_content;bdsolos_embrapa;bdsolos_public_carbono_organico;800:12790:42854;-6.803944444444444;-62.60175;-62.60175;-6.803944444444444;EPSG:4326;Brazil;AM;1999-10-11;1999;1999;1999;36;92;56;5.4;Não informado;;;1.9;;;;;;;carbon_content;5.4;g/kg;reported_bdsolos_carbono_organico_g_kg;ok;dup-001181;duplicate;removed_confirmed_duplicate:exact_scientific_match:bdsolos_embrapa
bdsolos_embrapa:bdsolos_public_carbono_organico:17838218754171b52c404d098383d76b33a0f69f6bbf10c.csv:800:12790:42855:92-200:carbon_content;bdsolos_embrapa;bdsolos_public_carbono_organico;800:12790:42855;-6.803944444444444;-62.60175;-62.60175;-6.803944444444444;EPSG:4326;Brazil;AM;1999-10-11;1999;1999;1999;92;200;108;4;Não informado;;;1.96;;;;;;;carbon_content;4;g/kg;reported_bdsolos_carbono_organico_g_kg;ok;dup-001182;duplicate;removed_confirmed_duplicate:exact_scientific_match:bdsolos_embrapa
bdsolos_embrapa:bdsolos_public_carbono_organico:17838218754171b52c404d098383d76b33a0f69f6bbf10c.csv:800:12791:42856:0-20:carbon_content;bdsolos_embrapa;bdsolos_public_carbono_organico;800:12791:42856;-6.422583333333334;-62.28075;-62.28075;-6.422583333333334;EPSG:4326;Brazil;AM;1999-10-12;1999;1999;1999;0;20;20;9.5;Não informado;;;1.05;;;;;;;carbon_content;9.5;g/kg;reported_bdsolos_carbono_organico_g_kg;ok;dup-001112;duplicate;removed_confirmed_duplicate:exact_scientific_match:bdsolos_embrapa
bdsolos_embrapa:bdsolos_public_carbono_organico:17838218754171b52c404d098383d76b33a0f69f6bbf10c.csv:800:12791:42857:20-35:carbon_content;bdsolos_embrapa;bdsolos_public_carbono_organico;800:12791:42857;-6.422583333333334;-62.28075;-62.28075;-6.422583333333334;EPSG:4326;Brazil;AM;1999-10-12;1999;1999;1999;20;35;15;5.9;Não informado;;;1.21;;;;;;;carbon_content;5.9;g/kg;reported_bdsolos_carbono_organico_g_kg;ok;dup-001115;duplicate;removed_confirmed_duplicate:exact_scientific_match:bdsolos_embrapa
bdsolos_embrapa:bdsolos_public_carbono_organico:17838218754171b52c404d098383d76b33a0f69f6bbf10c.csv:800:12791:42858:35-58:carbon_content;bdsolos_embrapa;bdsolos_public_carbono_organico;800:12791:42858;-6.422583333333334;-62.28075;-62.28075;-6.422583333333334;EPSG:4326;Brazil;AM;1999-10-12;1999;1999;1999;35;58;23;3.2;Não informado;;;1.24;;;;;;;carbon_content;3.2;g/kg;reported_bdsolos_carbono_organico_g_kg;ok;dup-001117;duplicate;removed_confirmed_duplicate:exact_scientific_match:bdsolos_embrapa
bdsolos_embrapa:bdsolos_public_carbono_organico:17838218754171b52c404d098383d76b33a0f69f6bbf10c.csv:800:12791:42859:58-102:carbon_content;bdsolos_embrapa;bdsolos_public_carbono_organico;800:12791:42859;-6.422583333333334;-62.28075;-62.28075;-6.422583333333334;EPSG:4326;Brazil;AM;1999-10-12;1999;1999;1999;58;102;44;2.8;Não informado;;;1.28;;;;;;;carbon_content;2.8;g/kg;reported_bdsolos_carbono_organico_g_kg;ok;dup-001118;duplicate;removed_confirmed_duplicate:exact_scientific_match:bdsolos_embrapa
bdsolos_embrapa:bdsolos_public_carbono_organico:17838218754171b52c404d098383d76b33a0f69f6bbf10c.csv:800:12791:42860:102-140:carbon_content;bdsolos_embrapa;bdsolos_public_carbono_organico;800:12791:42860;-6.422583333333334;-62.28075;-62.28075;-6.422583333333334;EPSG:4326;Brazil;AM;1999-10-12;1999;1999;1999;102;140;38;1.9;Não informado;;;1.31;;;;;;;carbon_content;1.9;g/kg;reported_bdsolos_carbono_organico_g_kg;ok;dup-001113;duplicate;removed_confirmed_duplicate:exact_scientific_match:bdsolos_embrapa
bdsolos_embrapa:bdsolos_public_carbono_organico:17838218754171b52c404d098383d76b33a0f69f6bbf10c.csv:800:12791:42861:140-200:carbon_content;bdsolos_embrapa;bdsolos_public_carbono_organico;800:12791:42861;-6.422583333333334;-62.28075;-62.28075;-6.422583333333334;EPSG:4326;Brazil;AM;1999-10-12;1999;1999;1999;140;200;60;1.3;Não informado;;;1.42;;;;;;;carbon_content;1.3;g/kg;reported_bdsolos_carbono_organico_g_kg;ok;dup-001114;duplicate;removed_confirmed_duplicate:exact_scientific_match:bdsolos_embrapa
bdsolos_embrapa:bdsolos_public_carbono_organico:17838218754171b52c404d098383d76b33a0f69f6bbf10c.csv:800:12792:42863:0-24:carbon_content;bdsolos_embrapa;bdsolos_public_carbono_organico;800:12792:42863;-6.0416944444444445;-61.725944444444444;-61.725944444444444;-6.0416944444444445;EPSG:4326;Brazil;AM;1999-10-14;1999;1999;1999;0;24;24;9.4;Não informado;;;1.93;;;;;;;carbon_content;9.4;g/kg;reported_bdsolos_carbono_organico_g_kg;ok;dup-001089;duplicate;removed_confirmed_duplicate:exact_scientific_match:bdsolos_embrapa
bdsolos_embrapa:bdsolos_public_carbono_organico:17838218754171b52c404d098383d76b33a0f69f6bbf10c.csv:800:12792:42864:24-48:carbon_content;bdsolos_embrapa;bdsolos_public_carbono_organico;800:12792:42864;-6.0416944444444445;-61.725944444444444;-61.725944444444444;-6.0416944444444445;EPSG:4326;Brazil;AM;1999-10-14;1999;1999;1999;24;48;24;3.3;Não informado;;;1.02;;;;;;;carbon_content;3.3;g/kg;reported_bdsolos_carbono_organico_g_kg;ok;dup-001092;duplicate;removed_confirmed_duplicate:exact_scientific_match:bdsolos_embrapa
bdsolos_embrapa:bdsolos_public_carbono_organico:17838218754171b52c404d098383d76b33a0f69f6bbf10c.csv:800:12792:42865:48-70:carbon_content;bdsolos_embrapa;bdsolos_public_carbono_organico;800:12792:42865;-6.0416944444444445;-61.725944444444444;-61.725944444444444;-6.0416944444444445;EPSG:4326;Brazil;AM;1999-10-14;1999;1999;1999;48;70;22;2.2;Não informado;;;2.1;;;;;;;carbon_content;2.2;g/kg;reported_bdsolos_carbono_organico_g_kg;ok;dup-001094;duplicate;removed_confirmed_duplicate:exact_scientific_match:bdsolos_embrapa
bdsolos_embrapa:bdsolos_public_carbono_organico:17838218754171b52c404d098383d76b33a0f69f6bbf10c.csv:800:12792:42866:70-110:carbon_content;bdsolos_embrapa;bdsolos_public_carbono_organico;800:12792:42866;-6.0416944444444445;-61.725944444444444;-61.725944444444444;-6.0416944444444445;EPSG:4326;Brazil;AM;1999-10-14;1999;1999;1999;70;110;40;2.8;Não informado;;;1.02;;;;;;;carbon_content;2.8;g/kg;reported_bdsolos_carbono_organico_g_kg;ok;dup-001095;duplicate;removed_confirmed_duplicate:exact_scientific_match:bdsolos_embrapa
bdsolos_embrapa:bdsolos_public_carbono_organico:17838218754171b52c404d098383d76b33a0f69f6bbf10c.csv:800:12792:42867:110-150:carbon_content;bdsolos_embrapa;bdsolos_public_carbono_organico;800:12792:42867;-6.0416944444444445;-61.725944444444444;-61.725944444444444;-6.0416944444444445;EPSG:4326;Brazil;AM;1999-10-14;1999;1999;1999;110;150;40;2.9;Não informado;;;2.01;;;;;;;carbon_content;2.9;g/kg;reported_bdsolos_carbono_organico_g_kg;ok;dup-001090;duplicate;removed_confirmed_duplicate:exact_scientific_match:bdsolos_embrapa
bdsolos_embrapa:bdsolos_public_carbono_organico:17838218754171b52c404d098383d76b33a0f69f6bbf10c.csv:800:12792:42868:150-200:carbon_content;bdsolos_embrapa;bdsolos_public_carbono_organico;800:12792:42868;-6.0416944444444445;-61.725944444444444;-61.725944444444444;-6.0416944444444445;EPSG:4326;Brazil;AM;1999-10-14;1999;1999;1999;150;200;50;3.1;Não informado;;;2.03;;;;;;;carbon_content;3.1;g/kg;reported_bdsolos_carbono_organico_g_kg;ok;dup-001091;duplicate;removed_confirmed_duplicate:exact_scientific_match:bdsolos_embrapa
bdsolos_embrapa:bdsolos_public_carbono_organico:17838218754171b52c404d098383d76b33a0f69f6bbf10c.csv:800:12792:42869:260-300:carbon_content;bdsolos_embrapa;bdsolos_public_carbono_organico;800:12792:42869;-6.0416944444444445;-61.725944444444444;-61.725944444444444;-6.0416944444444445;EPSG:4326;Brazil;AM;1999-10-14;1999;1999;1999;260;300;40;2.9;Não informado;;;2.04;;;;;;;carbon_content;2.9;g/kg;reported_bdsolos_carbono_organico_g_kg;ok;dup-001093;duplicate;removed_confirmed_duplicate:exact_scientific_match:bdsolos_embrapa
bdsolos_embrapa:bdsolos_public_carbono_organico:17838218754171b52c404d098383d76b33a0f69f6bbf10c.csv:800:12794:42875:0-17:carbon_content;bdsolos_embrapa;bdsolos_public_carbono_organico;800:12794:42875;-5.636416666666666;-61.05772222222222;-61.05772222222222;-5.636416666666666;EPSG:4326;Brazil;AM;1999-10-19;1999;1999;1999;0;17;17;28.2;Não informado;;;1.95;;;;;;;carbon_content;28.2;g/kg;reported_bdsolos_carbono_organico_g_kg;ok;dup-001037;duplicate;removed_confirmed_duplicate:exact_scientific_match:bdsolos_embrapa
bdsolos_embrapa:bdsolos_public_carbono_organico:17838218754171b52c404d098383d76b33a0f69f6bbf10c.csv:800:12794:42876:17-39:carbon_content;bdsolos_embrapa;bdsolos_public_carbono_organico;800:12794:42876;-5.636416666666666;-61.05772222222222;-61.05772222222222;-5.636416666666666;EPSG:4326;Brazil;AM;1999-10-19;1999;1999;1999;17;39;22;7.4;Não informado;;;2.14;;;;;;;carbon_content;7.4;g/kg;reported_bdsolos_carbono_organico_g_kg;ok;dup-001039;duplicate;removed_confirmed_duplicate:exact_scientific_match:bdsolos_embrapa
bdsolos_embrapa:bdsolos_public_carbono_organico:17838218754171b52c404d098383d76b33a0f69f6bbf10c.csv:800:12794:42877:39-82:carbon_content;bdsolos_embrapa;bdsolos_public_carbono_organico;800:12794:42877;-5.636416666666666;-61.05772222222222;-61.05772222222222;-5.636416666666666;EPSG:4326;Brazil;AM;1999-10-19;1999;1999;1999;39;82;43;4.8;Não informado;;;2.12;;;;;;;carbon_content;4.8;g/kg;reported_bdsolos_carbono_organico_g_kg;ok;dup-001041;duplicate;removed_confirmed_duplicate:exact_scientific_match:bdsolos_embrapa
bdsolos_embrapa:bdsolos_public_carbono_organico:17838218754171b52c404d098383d76b33a0f69f6bbf10c.csv:800:12794:42878:82-120:carbon_content;bdsolos_embrapa;bdsolos_public_carbono_organico;800:12794:42878;-5.636416666666666;-61.05772222222222;-61.05772222222222;-5.636416666666666;EPSG:4326;Brazil;AM;1999-10-19;1999;1999;1999;82;120;38;4.8;Não informado;;;2.08;;;;;;;carbon_content;4.8;g/kg;reported_bdsolos_carbono_organico_g_kg;ok;dup-001042;duplicate;removed_confirmed_duplicate:exact_scientific_match:bdsolos_embrapa
bdsolos_embrapa:bdsolos_public_carbono_organico:17838218754171b52c404d098383d76b33a0f69f6bbf10c.csv:800:12794:42879:120-200:carbon_content;bdsolos_embrapa;bdsolos_public_carbono_organico;800:12794:42879;-5.636416666666666;-61.05772222222222;-61.05772222222222;-5.636416666666666;EPSG:4326;Brazil;AM;1999-10-19;1999;1999;1999;120;200;80;2.5;Não informado;;;2.1;;;;;;;carbon_content;2.5;g/kg;reported_bdsolos_carbono_organico_g_kg;ok;dup-001038;duplicate;removed_confirmed_duplicate:exact_scientific_match:bdsolos_embrapa
bdsolos_embrapa:bdsolos_public_carbono_organico:17838218754171b52c404d098383d76b33a0f69f6bbf10c.csv:800:12795:42880:0-17:carbon_content;bdsolos_embrapa;bdsolos_public_carbono_organico;800:12795:42880;-5.633138888888889;-61.04997222222222;-61.04997222222222;-5.633138888888889;EPSG:4326;Brazil;AM;1999-10-20;1999;1999;1999;0;17;17;18.7;Não informado;;;2.08;;;;;;;carbon_content;18.7;g/kg;reported_bdsolos_carbono_organico_g_kg;ok;dup-001031;duplicate;removed_confirmed_duplicate:exact_scientific_match:bdsolos_embrapa
bdsolos_embrapa:bdsolos_public_carbono_organico:17838218754171b52c404d098383d76b33a0f69f6bbf10c.csv:800:12795:42881:17-29:carbon_content;bdsolos_embrapa;bdsolos_public_carbono_organico;800:12795:42881;-5.633138888888889;-61.04997222222222;-61.04997222222222;-5.633138888888889;EPSG:4326;Brazil;AM;1999-10-20;1999;1999;1999;17;29;12;11.6;Não informado;;;1.09;;;;;;;carbon_content;11.6;g/kg;reported_bdsolos_carbono_organico_g_kg;ok;dup-001033;duplicate;removed_confirmed_duplicate:exact_scientific_match:bdsolos_embrapa
bdsolos_embrapa:bdsolos_public_carbono_organico:17838218754171b52c404d098383d76b33a0f69f6bbf10c.csv:800:12795:42882:29-51:carbon_content;bdsolos_embrapa;bdsolos_public_carbono_organico;800:12795:42882;-5.633138888888889;-61.04997222222222;-61.04997222222222;-5.633138888888889;EPSG:4326;Brazil;AM;1999-10-20;1999;1999;1999;29;51;22;10.1;Não informado;;;2.1;;;;;;;carbon_content;10.1;g/kg;reported_bdsolos_carbono_organico_g_kg;ok;dup-001034;duplicate;removed_confirmed_duplicate:exact_scientific_match:bdsolos_embrapa
bdsolos_embrapa:bdsolos_public_carbono_organico:17838218754171b52c404d098383d76b33a0f69f6bbf10c.csv:800:12795:42883:51-80:carbon_content;bdsolos_embrapa;bdsolos_public_carbono_organico;800:12795:42883;-5.633138888888889;-61.04997222222222;-61.04997222222222;-5.633138888888889;EPSG:4326;Brazil;AM;1999-10-20;1999;1999;1999;51;80;29;6.7;Não informado;;;2.06;;;;;;;carbon_content;6.7;g/kg;reported_bdsolos_carbono_organico_g_kg;ok;dup-001035;duplicate;removed_confirmed_duplicate:exact_scientific_match:bdsolos_embrapa
bdsolos_embrapa:bdsolos_public_carbono_organico:17838218754171b52c404d098383d76b33a0f69f6bbf10c.csv:800:12795:42884:80-126:carbon_content;bdsolos_embrapa;bdsolos_public_carbono_organico;800:12795:42884;-5.633138888888889;-61.04997222222222;-61.04997222222222;-5.633138888888889;EPSG:4326;Brazil;AM;1999-10-20;1999;1999;1999;80;126;46;3.7;Não informado;;;2.04;;;;;;;carbon_content;3.7;g/kg;reported_bdsolos_carbono_organico_g_kg;ok;dup-001036;duplicate;removed_confirmed_duplicate:exact_scientific_match:bdsolos_embrapa
bdsolos_embrapa:bdsolos_public_carbono_organico:17838218754171b52c404d098383d76b33a0f69f6bbf10c.csv:800:12795:42885:126-200:carbon_content;bdsolos_embrapa;bdsolos_public_carbono_organico;800:12795:42885;-5.633138888888889;-61.04997222222222;-61.04997222222222;-5.633138888888889;EPSG:4326;Brazil;AM;1999-10-20;1999;1999;1999;126;200;74;2.8;Não informado;;;2.02;;;;;;;carbon_content;2.8;g/kg;reported_bdsolos_carbono_organico_g_kg;ok;dup-001032;duplicate;removed_confirmed_duplicate:exact_scientific_match:bdsolos_embrapa
bdsolos_embrapa:bdsolos_public_carbono_organico:17838218754171b52c404d098383d76b33a0f69f6bbf10c.csv:800:12811:42972:0-7:carbon_content;bdsolos_embrapa;bdsolos_public_carbono_organico;800:12811:42972;-5.578777777777778;-60.355333333333334;-60.355333333333334;-5.578777777777778;EPSG:4326;Brazil;AM;1999-10-24;1999;1999;1999;0;7;7;52.6;Não informado;;;1.01;;;;;;;carbon_content;52.6;g/kg;reported_bdsolos_carbono_organico_g_kg;ok;dup-001026;duplicate;removed_confirmed_duplicate:exact_scientific_match:bdsolos_embrapa
bdsolos_embrapa:bdsolos_public_carbono_organico:17838218754171b52c404d098383d76b33a0f69f6bbf10c.csv:800:12811:42973:7-22:carbon_content;bdsolos_embrapa;bdsolos_public_carbono_organico;800:12811:42973;-5.578777777777778;-60.355333333333334;-60.355333333333334;-5.578777777777778;EPSG:4326;Brazil;AM;1999-10-24;1999;1999;1999;7;22;15;12.2;Não informado;;;1.17;;;;;;;carbon_content;12.2;g/kg;reported_bdsolos_carbono_organico_g_kg;ok;dup-001029;duplicate;removed_confirmed_duplicate:exact_scientific_match:bdsolos_embrapa
bdsolos_embrapa:bdsolos_public_carbono_organico:17838218754171b52c404d098383d76b33a0f69f6bbf10c.csv:800:12811:42974:40-87:carbon_content;bdsolos_embrapa;bdsolos_public_carbono_organico;800:12811:42974;-5.578777777777778;-60.355333333333334;-60.355333333333334;-5.578777777777778;EPSG:4326;Brazil;AM;1999-10-24;1999;1999;1999;40;87;47;4.1;Não informado;;;1.08;;;;;;;carbon_content;4.1;g/kg;reported_bdsolos_carbono_organico_g_kg;ok;dup-001028;duplicate;removed_confirmed_duplicate:exact_scientific_match:bdsolos_embrapa
bdsolos_embrapa:bdsolos_public_carbono_organico:17838218754171b52c404d098383d76b33a0f69f6bbf10c.csv:800:12811:42975:87-137:carbon_content;bdsolos_embrapa;bdsolos_public_carbono_organico;800:12811:42975;-5.578777777777778;-60.355333333333334;-60.355333333333334;-5.578777777777778;EPSG:4326;Brazil;AM;1999-10-24;1999;1999;1999;87;137;50;2.9;Não informado;;;1.08;;;;;;;carbon_content;2.9;g/kg;reported_bdsolos_carbono_organico_g_kg;ok;dup-001030;duplicate;removed_confirmed_duplicate:exact_scientific_match:bdsolos_embrapa
bdsolos_embrapa:bdsolos_public_carbono_organico:17838218754171b52c404d098383d76b33a0f69f6bbf10c.csv:800:12811:42977:137-200:carbon_content;bdsolos_embrapa;bdsolos_public_carbono_organico;800:12811:42977;-5.578777777777778;-60.355333333333334;-60.355333333333334;-5.578777777777778;EPSG:4326;Brazil;AM;1999-10-24;1999;1999;1999;137;200;63;2.4;Não informado;;;1.07;;;;;;;carbon_content;2.4;g/kg;reported_bdsolos_carbono_organico_g_kg;ok;dup-001027;duplicate;removed_confirmed_duplicate:exact_scientific_match:bdsolos_embrapa
bdsolos_embrapa:bdsolos_public_carbono_organico:17838218754171b52c404d098383d76b33a0f69f6bbf10c.csv:811:13015:43928:0-10:carbon_content;bdsolos_embrapa;bdsolos_public_carbono_organico;811:13015:43928;-22.855555555555558;-42.01111111111111;-42.01111111111111;-22.855555555555558;EPSG:4326;Brazil;RJ;1989-05-27;1989;1989;1989;0;10;10;10.8;Não informado;;;;0.1;;;;;;carbon_content;10.8;g/kg;reported_bdsolos_carbono_organico_g_kg;ok;dup-000788;duplicate;removed_confirmed_duplicate:exact_scientific_match:bdsolos_embrapa
bdsolos_embrapa:bdsolos_public_carbono_organico:17838218754171b52c404d098383d76b33a0f69f6bbf10c.csv:811:13015:43929:20-60:carbon_content;bdsolos_embrapa;bdsolos_public_carbono_organico;811:13015:43929;-22.855555555555558;-42.01111111111111;-42.01111111111111;-22.855555555555558;EPSG:4326;Brazil;RJ;1989-05-27;1989;1989;1989;20;60;40;4.4;Não informado;;;;0.09;;;;;;carbon_content;4.4;g/kg;reported_bdsolos_carbono_organico_g_kg;ok;dup-000789;duplicate;removed_confirmed_duplicate:exact_scientific_match:bdsolos_embrapa
bdsolos_embrapa:bdsolos_public_carbono_organico:17838218754171b52c404d098383d76b33a0f69f6bbf10c.csv:811:13017:43933:0-17:carbon_content;bdsolos_embrapa;bdsolos_public_carbono_organico;811:13017:43933;-22.85138888888889;-42.01111111111111;-42.01111111111111;-22.85138888888889;EPSG:4326;Brazil;RJ;1998-10-28;1998;1998;1998;0;17;17;16.2;Não informado;;;1.24;0.037;;;;;;carbon_content;16.2;g/kg;reported_bdsolos_carbono_organico_g_kg;ok;dup-000785;duplicate;removed_confirmed_duplicate:exact_scientific_match:bdsolos_embrapa
bdsolos_embrapa:bdsolos_public_carbono_organico:17838218754171b52c404d098383d76b33a0f69f6bbf10c.csv:811:13017:43934:17-42:carbon_content;bdsolos_embrapa;bdsolos_public_carbono_organico;811:13017:43934;-22.85138888888889;-42.01111111111111;-42.01111111111111;-22.85138888888889;EPSG:4326;Brazil;RJ;1998-10-28;1998;1998;1998;17;42;25;7.9;Não informado;;;1.2;0.023;;;;;;carbon_content;7.9;g/kg;reported_bdsolos_carbono_organico_g_kg;ok;dup-000786;duplicate;removed_confirmed_duplicate:exact_scientific_match:bdsolos_embrapa
bdsolos_embrapa:bdsolos_public_carbono_organico:17838218754171b52c404d098383d76b33a0f69f6bbf10c.csv:811:13017:43935:42-70:carbon_content;bdsolos_embrapa;bdsolos_public_carbono_organico;811:13017:43935;-22.85138888888889;-42.01111111111111;-42.01111111111111;-22.85138888888889;EPSG:4326;Brazil;RJ;1998-10-28;1998;1998;1998;42;70;28;4.2;Não informado;;;1.5;0.07;;;;;;carbon_content;4.2;g/kg;reported_bdsolos_carbono_organico_g_kg;ok;dup-000787;duplicate;removed_confirmed_duplicate:exact_scientific_match:bdsolos_embrapa
bdsolos_embrapa:bdsolos_public_carbono_organico:17838218754171b52c404d098383d76b33a0f69f6bbf10c.csv:811:13037:43991:0-17:carbon_content;bdsolos_embrapa;bdsolos_public_carbono_organico;811:13037:43991;-22.607222222222223;-42.475833333333334;-42.475833333333334;-22.607222222222223;EPSG:4326;Brazil;RJ;1998-10-30;1998;1998;1998;0;17;17;11.1;Não informado;;;1.33;0.006;;;;;;carbon_content;11.1;g/kg;reported_bdsolos_carbono_organico_g_kg;ok;dup-000705;duplicate;removed_confirmed_duplicate:exact_scientific_match:bdsolos_embrapa
bdsolos_embrapa:bdsolos_public_carbono_organico:17838218754171b52c404d098383d76b33a0f69f6bbf10c.csv:811:13037:43992:17-29:carbon_content;bdsolos_embrapa;bdsolos_public_carbono_organico;811:13037:43992;-22.607222222222223;-42.475833333333334;-42.475833333333334;-22.607222222222223;EPSG:4326;Brazil;RJ;1998-10-30;1998;1998;1998;17;29;12;7;Não informado;;;1.54;0.067;;;;;;carbon_content;7;g/kg;reported_bdsolos_carbono_organico_g_kg;ok;dup-000706;duplicate;removed_confirmed_duplicate:exact_scientific_match:bdsolos_embrapa
bdsolos_embrapa:bdsolos_public_carbono_organico:17838218754171b52c404d098383d76b33a0f69f6bbf10c.csv:811:13037:43994:56-90:carbon_content;bdsolos_embrapa;bdsolos_public_carbono_organico;811:13037:43994;-22.607222222222223;-42.475833333333334;-42.475833333333334;-22.607222222222223;EPSG:4326;Brazil;RJ;1998-10-30;1998;1998;1998;56;90;34;3.4;Não informado;;;1.55;0.018;;;;;;carbon_content;3.4;g/kg;reported_bdsolos_carbono_organico_g_kg;ok;dup-000707;duplicate;removed_confirmed_duplicate:exact_scientific_match:bdsolos_embrapa
bdsolos_embrapa:bdsolos_public_carbono_organico:17838218754171b52c404d098383d76b33a0f69f6bbf10c.csv:811:13037:43995:90-125:carbon_content;bdsolos_embrapa;bdsolos_public_carbono_organico;811:13037:43995;-22.607222222222223;-42.475833333333334;-42.475833333333334;-22.607222222222223;EPSG:4326;Brazil;RJ;1998-10-30;1998;1998;1998;90;125;35;2.8;Não informado;;;1.53;0.012;;;;;;carbon_content;2.8;g/kg;reported_bdsolos_carbono_organico_g_kg;ok;dup-000708;duplicate;removed_confirmed_duplicate:exact_scientific_match:bdsolos_embrapa
bdsolos_embrapa:bdsolos_public_carbono_organico:17838218754171b52c404d098383d76b33a0f69f6bbf10c.csv:811:13069:44090:0-20:carbon_content;bdsolos_embrapa;bdsolos_public_carbono_organico;811:13069:44090;-22.681944444444447;-42.09166666666667;-42.09166666666667;-22.681944444444447;EPSG:4326;Brazil;RJ;1987-05-27;1987;1987;1987;0;20;20;17.4;Não informado;;;;0.07;;;;;;carbon_content;17.4;g/kg;reported_bdsolos_carbono_organico_g_kg;ok;dup-000744;duplicate;removed_confirmed_duplicate:exact_scientific_match:bdsolos_embrapa
bdsolos_embrapa:bdsolos_public_carbono_organico:17838218754171b52c404d098383d76b33a0f69f6bbf10c.csv:811:13069:44092:45-120:carbon_content;bdsolos_embrapa;bdsolos_public_carbono_organico;811:13069:44092;-22.681944444444447;-42.09166666666667;-42.09166666666667;-22.681944444444447;EPSG:4326;Brazil;RJ;1987-05-27;1987;1987;1987;45;120;75;4.3;Não informado;;;;0.03;;;;;;carbon_content;4.3;g/kg;reported_bdsolos_carbono_organico_g_kg;ok;dup-000747;duplicate;removed_confirmed_duplicate:exact_scientific_match:bdsolos_embrapa
bdsolos_embrapa:bdsolos_public_carbono_organico:17838218754171b52c404d098383d76b33a0f69f6bbf10c.csv:811:13069:44093:120-140:carbon_content;bdsolos_embrapa;bdsolos_public_carbono_organico;811:13069:44093;-22.681944444444447;-42.09166666666667;-42.09166666666667;-22.681944444444447;EPSG:4326;Brazil;RJ;1987-05-27;1987;1987;1987;120;140;20;3.2;Não informado;;;;0.02;;;;;;carbon_content;3.2;g/kg;reported_bdsolos_carbono_organico_g_kg;ok;dup-000745;duplicate;removed_confirmed_duplicate:exact_scientific_match:bdsolos_embrapa
bdsolos_embrapa:bdsolos_public_carbono_organico:17838218754171b52c404d098383d76b33a0f69f6bbf10c.csv:811:13071:44097:0-9:carbon_content;bdsolos_embrapa;bdsolos_public_carbono_organico;811:13071:44097;-22.53666666666667;-42.409166666666664;-42.409166666666664;-22.53666666666667;EPSG:4326;Brazil;RJ;1998-10-29;1998;1998;1998;0;9;9;32.5;Não informado;;;0.86;;;;;;;carbon_content;32.5;g/kg;reported_bdsolos_carbono_organico_g_kg;ok;dup-000654;duplicate;removed_confirmed_duplicate:exact_scientific_match:bdsolos_embrapa
bdsolos_embrapa:bdsolos_public_carbono_organico:17838218754171b52c404d098383d76b33a0f69f6bbf10c.csv:811:13071:44098:9-27:carbon_content;bdsolos_embrapa;bdsolos_public_carbono_organico;811:13071:44098;-22.53666666666667;-42.409166666666664;-42.409166666666664;-22.53666666666667;EPSG:4326;Brazil;RJ;1998-10-29;1998;1998;1998;9;27;18;15.8;Não informado;;;1.02;;;;;;;carbon_content;15.8;g/kg;reported_bdsolos_carbono_organico_g_kg;ok;dup-000657;duplicate;removed_confirmed_duplicate:exact_scientific_match:bdsolos_embrapa
bdsolos_embrapa:bdsolos_public_carbono_organico:17838218754171b52c404d098383d76b33a0f69f6bbf10c.csv:811:13071:44099:27-39:carbon_content;bdsolos_embrapa;bdsolos_public_carbono_organico;811:13071:44099;-22.53666666666667;-42.409166666666664;-42.409166666666664;-22.53666666666667;EPSG:4326;Brazil;RJ;1998-10-29;1998;1998;1998;27;39;12;5.4;Não informado;;;1.08;;;;;;;carbon_content;5.4;g/kg;reported_bdsolos_carbono_organico_g_kg;ok;dup-000655;duplicate;removed_confirmed_duplicate:exact_scientific_match:bdsolos_embrapa
bdsolos_embrapa:bdsolos_public_carbono_organico:17838218754171b52c404d098383d76b33a0f69f6bbf10c.csv:811:13071:44100:39-48:carbon_content;bdsolos_embrapa;bdsolos_public_carbono_organico;811:13071:44100;-22.53666666666667;-42.409166666666664;-42.409166666666664;-22.53666666666667;EPSG:4326;Brazil;RJ;1998-10-29;1998;1998;1998;39;48;9;5.6;Não informado;;;0.98;;;;;;;carbon_content;5.6;g/kg;reported_bdsolos_carbono_organico_g_kg;ok;dup-000656;duplicate;removed_confirmed_duplicate:exact_scientific_match:bdsolos_embrapa
bdsolos_embrapa:bdsolos_public_carbono_organico:17838218754171b52c404d098383d76b33a0f69f6bbf10c.csv:811:13072:44102:0-20:carbon_content;bdsolos_embrapa;bdsolos_public_carbono_organico;811:13072:44102;-22.666666666666668;-42.086111111111116;-42.086111111111116;-22.666666666666668;EPSG:4326;Brazil;RJ;1987-04-23;1987;1987;1987;0;20;20;13.5;Não informado;;;1.4;0.04;;;;;;carbon_content;13.5;g/kg;reported_bdsolos_carbono_organico_g_kg;ok;dup-000727;duplicate;removed_confirmed_duplicate:exact_scientific_match:bdsolos_embrapa
bdsolos_embrapa:bdsolos_public_carbono_organico:17838218754171b52c404d098383d76b33a0f69f6bbf10c.csv:811:13072:44106:135-160:carbon_content;bdsolos_embrapa;bdsolos_public_carbono_organico;811:13072:44106;-22.666666666666668;-42.086111111111116;-42.086111111111116;-22.666666666666668;EPSG:4326;Brazil;RJ;1987-04-23;1987;1987;1987;135;160;25;3.4;Não informado;;;1.56;0.02;;;;;;carbon_content;3.4;g/kg;reported_bdsolos_carbono_organico_g_kg;ok;dup-000728;duplicate;removed_confirmed_duplicate:exact_scientific_match:bdsolos_embrapa
bdsolos_embrapa:bdsolos_public_carbono_organico:17838218754171b52c404d098383d76b33a0f69f6bbf10c.csv:811:13074:44109:0-20:carbon_content;bdsolos_embrapa;bdsolos_public_carbono_organico;811:13074:44109;-22.662499999999998;-42.07638888888889;-42.07638888888889;-22.662499999999998;EPSG:4326;Brazil;RJ;1987-05-05;1987;1987;1987;0;20;20;10.6;Não informado;;;;;;;;;;carbon_content;10.6;g/kg;reported_bdsolos_carbono_organico_g_kg;ok;dup-000719;duplicate;removed_confirmed_duplicate:exact_scientific_match:bdsolos_embrapa
bdsolos_embrapa:bdsolos_public_carbono_organico:17838218754171b52c404d098383d76b33a0f69f6bbf10c.csv:811:13074:44110:20-70:carbon_content;bdsolos_embrapa;bdsolos_public_carbono_organico;811:13074:44110;-22.662499999999998;-42.07638888888889;-42.07638888888889;-22.662499999999998;EPSG:4326;Brazil;RJ;1987-05-05;1987;1987;1987;20;70;50;5.3;Não informado;;;;;;;;;;carbon_content;5.3;g/kg;reported_bdsolos_carbono_organico_g_kg;ok;dup-000720;duplicate;removed_confirmed_duplicate:exact_scientific_match:bdsolos_embrapa
bdsolos_embrapa:bdsolos_public_carbono_organico:17838218754171b52c404d098383d76b33a0f69f6bbf10c.csv:811:13074:44111:70-110:carbon_content;bdsolos_embrapa;bdsolos_public_carbono_organico;811:13074:44111;-22.662499999999998;-42.07638888888889;-42.07638888888889;-22.662499999999998;EPSG:4326;Brazil;RJ;1987-05-05;1987;1987;1987;70;110;40;2.9;Não informado;;;;;;;;;;carbon_content;2.9;g/kg;reported_bdsolos_carbono_organico_g_kg;ok;dup-000721;duplicate;removed_confirmed_duplicate:exact_scientific_match:bdsolos_embrapa
bdsolos_embrapa:bdsolos_public_carbono_organico:17838218754171b52c404d098383d76b33a0f69f6bbf10c.csv:811:13075:44112:0-10:carbon_content;bdsolos_embrapa;bdsolos_public_carbono_organico;811:13075:44112;-22.681944444444447;-42.06944444444445;-42.06944444444445;-22.681944444444447;EPSG:4326;Brazil;RJ;1987-04-24;1987;1987;1987;0;10;10;16.3;Não informado;;;;;;;;;;carbon_content;16.3;g/kg;reported_bdsolos_carbono_organico_g_kg;ok;dup-000740;duplicate;removed_confirmed_duplicate:exact_scientific_match:bdsolos_embrapa
bdsolos_embrapa:bdsolos_public_carbono_organico:17838218754171b52c404d098383d76b33a0f69f6bbf10c.csv:811:13075:44113:10-50:carbon_content;bdsolos_embrapa;bdsolos_public_carbono_organico;811:13075:44113;-22.681944444444447;-42.06944444444445;-42.06944444444445;-22.681944444444447;EPSG:4326;Brazil;RJ;1987-04-24;1987;1987;1987;10;50;40;3.7;Não informado;;;;;;;;;;carbon_content;3.7;g/kg;reported_bdsolos_carbono_organico_g_kg;ok;dup-000741;duplicate;removed_confirmed_duplicate:exact_scientific_match:bdsolos_embrapa
bdsolos_embrapa:bdsolos_public_carbono_organico:17838218754171b52c404d098383d76b33a0f69f6bbf10c.csv:811:13075:44114:50-80:carbon_content;bdsolos_embrapa;bdsolos_public_carbono_organico;811:13075:44114;-22.681944444444447;-42.06944444444445;-42.06944444444445;-22.681944444444447;EPSG:4326;Brazil;RJ;1987-04-24;1987;1987;1987;50;80;30;1.8;Não informado;;;;;;;;;;carbon_content;1.8;g/kg;reported_bdsolos_carbono_organico_g_kg;ok;dup-000742;duplicate;removed_confirmed_duplicate:exact_scientific_match:bdsolos_embrapa
bdsolos_embrapa:bdsolos_public_carbono_organico:17838218754171b52c404d098383d76b33a0f69f6bbf10c.csv:811:13075:44115:80-120:carbon_content;bdsolos_embrapa;bdsolos_public_carbono_organico;811:13075:44115;-22.681944444444447;-42.06944444444445;-42.06944444444445;-22.681944444444447;EPSG:4326;Brazil;RJ;1987-04-24;1987;1987;1987;80;120;40;1.4;Não informado;;;;;;;;;;carbon_content;1.4;g/kg;reported_bdsolos_carbono_organico_g_kg;ok;dup-000743;duplicate;removed_confirmed_duplicate:exact_scientific_match:bdsolos_embrapa
bdsolos_embrapa:bdsolos_public_carbono_organico:17838218754171b52c404d098383d76b33a0f69f6bbf10c.csv:811:13076:44116:0-15:carbon_content;bdsolos_embrapa;bdsolos_public_carbono_organico;811:13076:44116;-22.67361111111111;-42.0625;-42.0625;-22.67361111111111;EPSG:4326;Brazil;RJ;1987-05-28;1987;1987;1987;0;15;15;17.9;Não informado;;;;0.02;;;;;;carbon_content;17.9;g/kg;reported_bdsolos_carbono_organico_g_kg;ok;dup-000732;duplicate;removed_confirmed_duplicate:exact_scientific_match:bdsolos_embrapa
bdsolos_embrapa:bdsolos_public_carbono_organico:17838218754171b52c404d098383d76b33a0f69f6bbf10c.csv:811:13076:44117:15-40:carbon_content;bdsolos_embrapa;bdsolos_public_carbono_organico;811:13076:44117;-22.67361111111111;-42.0625;-42.0625;-22.67361111111111;EPSG:4326;Brazil;RJ;1987-05-28;1987;1987;1987;15;40;25;6.2;Não informado;;;;0.02;;;;;;carbon_content;6.2;g/kg;reported_bdsolos_carbono_organico_g_kg;ok;dup-000734;duplicate;removed_confirmed_duplicate:exact_scientific_match:bdsolos_embrapa
bdsolos_embrapa:bdsolos_public_carbono_organico:17838218754171b52c404d098383d76b33a0f69f6bbf10c.csv:811:13076:44118:40-65:carbon_content;bdsolos_embrapa;bdsolos_public_carbono_organico;811:13076:44118;-22.67361111111111;-42.0625;-42.0625;-22.67361111111111;EPSG:4326;Brazil;RJ;1987-05-28;1987;1987;1987;40;65;25;5.3;Não informado;;;;0.05;;;;;;carbon_content;5.3;g/kg;reported_bdsolos_carbono_organico_g_kg;ok;dup-000735;duplicate;removed_confirmed_duplicate:exact_scientific_match:bdsolos_embrapa
bdsolos_embrapa:bdsolos_public_carbono_organico:17838218754171b52c404d098383d76b33a0f69f6bbf10c.csv:811:13076:44119:65-100:carbon_content;bdsolos_embrapa;bdsolos_public_carbono_organico;811:13076:44119;-22.67361111111111;-42.0625;-42.0625;-22.67361111111111;EPSG:4326;Brazil;RJ;1987-05-28;1987;1987;1987;65;100;35;3.6;Não informado;;;;0.03;;;;;;carbon_content;3.6;g/kg;reported_bdsolos_carbono_organico_g_kg;ok;dup-000736;duplicate;removed_confirmed_duplicate:exact_scientific_match:bdsolos_embrapa
bdsolos_embrapa:bdsolos_public_carbono_organico:17838218754171b52c404d098383d76b33a0f69f6bbf10c.csv:811:13076:44120:100-150:carbon_content;bdsolos_embrapa;bdsolos_public_carbono_organico;811:13076:44120;-22.67361111111111;-42.0625;-42.0625;-22.67361111111111;EPSG:4326;Brazil;RJ;1987-05-28;1987;1987;1987;100;150;50;2.4;Não informado;;;;0.01;;;;;;carbon_content;2.4;g/kg;reported_bdsolos_carbono_organico_g_kg;ok;dup-000733;duplicate;removed_confirmed_duplicate:exact_scientific_match:bdsolos_embrapa
bdsolos_embrapa:bdsolos_public_carbono_organico:17838218754171b52c404d098383d76b33a0f69f6bbf10c.csv:811:13078:44125:0-25:carbon_content;bdsolos_embrapa;bdsolos_public_carbono_organico;811:13078:44125;-22.680555555555557;-42.05555555555555;-42.05555555555555;-22.680555555555557;EPSG:4326;Brazil;RJ;1987-06-24;1987;1987;1987;0;25;25;59.5;Não informado;;;;;;;;;;carbon_content;59.5;g/kg;reported_bdsolos_carbono_organico_g_kg;ok;dup-000737;duplicate;removed_confirmed_duplicate:exact_scientific_match:bdsolos_embrapa
bdsolos_embrapa:bdsolos_public_carbono_organico:17838218754171b52c404d098383d76b33a0f69f6bbf10c.csv:811:13078:44126:25-40:carbon_content;bdsolos_embrapa;bdsolos_public_carbono_organico;811:13078:44126;-22.680555555555557;-42.05555555555555;-42.05555555555555;-22.680555555555557;EPSG:4326;Brazil;RJ;1987-06-24;1987;1987;1987;25;40;15;6.5;Não informado;;;;;;;;;;carbon_content;6.5;g/kg;reported_bdsolos_carbono_organico_g_kg;ok;dup-000738;duplicate;removed_confirmed_duplicate:exact_scientific_match:bdsolos_embrapa
bdsolos_embrapa:bdsolos_public_carbono_organico:17838218754171b52c404d098383d76b33a0f69f6bbf10c.csv:811:13078:44127:40-80:carbon_content;bdsolos_embrapa;bdsolos_public_carbono_organico;811:13078:44127;-22.680555555555557;-42.05555555555555;-42.05555555555555;-22.680555555555557;EPSG:4326;Brazil;RJ;1987-06-24;1987;1987;1987;40;80;40;4.3;Não informado;;;;;;;;;;carbon_content;4.3;g/kg;reported_bdsolos_carbono_organico_g_kg;ok;dup-000739;duplicate;removed_confirmed_duplicate:exact_scientific_match:bdsolos_embrapa
bdsolos_embrapa:bdsolos_public_carbono_organico:17838218754171b52c404d098383d76b33a0f69f6bbf10c.csv:811:13084:44147:0-20:carbon_content;bdsolos_embrapa;bdsolos_public_carbono_organico;811:13084:44147;-22.68611111111111;-42.025;-42.025;-22.68611111111111;EPSG:4326;Brazil;RJ;1987-06-29;1987;1987;1987;0;20;20;61.6;Não informado;;;;;;;;;;carbon_content;61.6;g/kg;reported_bdsolos_carbono_organico_g_kg;ok;dup-000748;duplicate;removed_confirmed_duplicate:exact_scientific_match:bdsolos_embrapa
bdsolos_embrapa:bdsolos_public_carbono_organico:17838218754171b52c404d098383d76b33a0f69f6bbf10c.csv:811:13084:44148:20-40:carbon_content;bdsolos_embrapa;bdsolos_public_carbono_organico;811:13084:44148;-22.68611111111111;-42.025;-42.025;-22.68611111111111;EPSG:4326;Brazil;RJ;1987-06-29;1987;1987;1987;20;40;20;8.6;Não informado;;;;;;;;;;carbon_content;8.6;g/kg;reported_bdsolos_carbono_organico_g_kg;ok;dup-000749;duplicate;removed_confirmed_duplicate:exact_scientific_match:bdsolos_embrapa
bdsolos_embrapa:bdsolos_public_carbono_organico:17838218754171b52c404d098383d76b33a0f69f6bbf10c.csv:811:13084:44149:40-80:carbon_content;bdsolos_embrapa;bdsolos_public_carbono_organico;811:13084:44149;-22.68611111111111;-42.025;-42.025;-22.68611111111111;EPSG:4326;Brazil;RJ;1987-06-29;1987;1987;1987;40;80;40;4.9;Não informado;;;;;;;;;;carbon_content;4.9;g/kg;reported_bdsolos_carbono_organico_g_kg;ok;dup-000750;duplicate;removed_confirmed_duplicate:exact_scientific_match:bdsolos_embrapa
bdsolos_embrapa:bdsolos_public_carbono_organico:17838218754171b52c404d098383d76b33a0f69f6bbf10c.csv:811:13084:44150:80-120:carbon_content;bdsolos_embrapa;bdsolos_public_carbono_organico;811:13084:44150;-22.68611111111111;-42.025;-42.025;-22.68611111111111;EPSG:4326;Brazil;RJ;1987-06-29;1987;1987;1987;80;120;40;1.8;Não informado;;;;;;;;;;carbon_content;1.8;g/kg;reported_bdsolos_carbono_organico_g_kg;ok;dup-000751;duplicate;removed_confirmed_duplicate:exact_scientific_match:bdsolos_embrapa
bdsolos_embrapa:bdsolos_public_carbono_organico:17838218754171b52c404d098383d76b33a0f69f6bbf10c.csv:811:13090:44169:0-20:carbon_content;bdsolos_embrapa;bdsolos_public_carbono_organico;811:13090:44169;-22.568055555555556;-41.984722222222224;-41.984722222222224;-22.568055555555556;EPSG:4326;Brazil;RJ;1978-03-29;1978;1978;1978;0;20;20;13.1;Não informado;;;;;;;;;;carbon_content;13.1;g/kg;reported_bdsolos_carbono_organico_g_kg;ok;dup-000688;duplicate;removed_confirmed_duplicate:exact_scientific_match:bdsolos_embrapa
bdsolos_embrapa:bdsolos_public_carbono_organico:17838218754171b52c404d098383d76b33a0f69f6bbf10c.csv:811:13090:44170:20-30:carbon_content;bdsolos_embrapa;bdsolos_public_carbono_organico;811:13090:44170;-22.568055555555556;-41.984722222222224;-41.984722222222224;-22.568055555555556;EPSG:4326;Brazil;RJ;1978-03-29;1978;1978;1978;20;30;10;2.7;Não informado;;;;;;;;;;carbon_content;2.7;g/kg;reported_bdsolos_carbono_organico_g_kg;ok;dup-000690;duplicate;removed_confirmed_duplicate:exact_scientific_match:bdsolos_embrapa
bdsolos_embrapa:bdsolos_public_carbono_organico:17838218754171b52c404d098383d76b33a0f69f6bbf10c.csv:811:13090:44171:30-60:carbon_content;bdsolos_embrapa;bdsolos_public_carbono_organico;811:13090:44171;-22.568055555555556;-41.984722222222224;-41.984722222222224;-22.568055555555556;EPSG:4326;Brazil;RJ;1978-03-29;1978;1978;1978;30;60;30;0.7;Não informado;;;;;;;;;;carbon_content;0.7;g/kg;reported_bdsolos_carbono_organico_g_kg;ok;dup-000691;duplicate;removed_confirmed_duplicate:exact_scientific_match:bdsolos_embrapa
bdsolos_embrapa:bdsolos_public_carbono_organico:17838218754171b52c404d098383d76b33a0f69f6bbf10c.csv:811:13090:44172:60-125:carbon_content;bdsolos_embrapa;bdsolos_public_carbono_organico;811:13090:44172;-22.568055555555556;-41.984722222222224;-41.984722222222224;-22.568055555555556;EPSG:4326;Brazil;RJ;1978-03-29;1978;1978;1978;60;125;65;20.9;Não informado;;;;;;;;;;carbon_content;20.9;g/kg;reported_bdsolos_carbono_organico_g_kg;ok;dup-000692;duplicate;removed_confirmed_duplicate:exact_scientific_match:bdsolos_embrapa
bdsolos_embrapa:bdsolos_public_carbono_organico:17838218754171b52c404d098383d76b33a0f69f6bbf10c.csv:811:13090:44173:125-180:carbon_content;bdsolos_embrapa;bdsolos_public_carbono_organico;811:13090:44173;-22.568055555555556;-41.984722222222224;-41.984722222222224;-22.568055555555556;EPSG:4326;Brazil;RJ;1978-03-29;1978;1978;1978;125;180;55;12.9;Não informado;;;;;;;;;;carbon_content;12.9;g/kg;reported_bdsolos_carbono_organico_g_kg;ok;dup-000689;duplicate;removed_confirmed_duplicate:exact_scientific_match:bdsolos_embrapa
bdsolos_embrapa:bdsolos_public_carbono_organico:17838218754171b52c404d098383d76b33a0f69f6bbf10c.csv:811:13120:44277:0-10:carbon_content;bdsolos_embrapa;bdsolos_public_carbono_organico;811:13120:44277;-22.81388888888889;-42.11388888888889;-42.11388888888889;-22.81388888888889;EPSG:4326;Brazil;RJ;1989-05-30;1989;1989;1989;0;10;10;14.2;Não informado;;;;0.08;;;;;;carbon_content;14.2;g/kg;reported_bdsolos_carbono_organico_g_kg;ok;dup-000776;duplicate;removed_confirmed_duplicate:exact_scientific_match:bdsolos_embrapa
bdsolos_embrapa:bdsolos_public_carbono_organico:17838218754171b52c404d098383d76b33a0f69f6bbf10c.csv:811:13120:44278:15-50:carbon_content;bdsolos_embrapa;bdsolos_public_carbono_organico;811:13120:44278;-22.81388888888889;-42.11388888888889;-42.11388888888889;-22.81388888888889;EPSG:4326;Brazil;RJ;1989-05-30;1989;1989;1989;15;50;35;4.5;Não informado;;;;0.07;;;;;;carbon_content;4.5;g/kg;reported_bdsolos_carbono_organico_g_kg;ok;dup-000777;duplicate;removed_confirmed_duplicate:exact_scientific_match:bdsolos_embrapa
bdsolos_embrapa:bdsolos_public_carbono_organico:17838218754171b52c404d098383d76b33a0f69f6bbf10c.csv:817:13267:44799:0-10:carbon_content;bdsolos_embrapa;bdsolos_public_carbono_organico;817:13267:44799;-16.15;-58.016666666666666;-58.016666666666666;-16.15;EPSG:4326;Brazil;MT;1981-10-04;1981;1981;1981;0;10;10;11.2;Não informado;;;1.4;0.01;;;;;;carbon_content;11.2;g/kg;reported_bdsolos_carbono_organico_g_kg;ok;dup-000243;duplicate;removed_confirmed_duplicate:exact_scientific_match:bdsolos_embrapa
bdsolos_embrapa:bdsolos_public_carbono_organico:17838218754171b52c404d098383d76b33a0f69f6bbf10c.csv:817:13267:44800:10-25:carbon_content;bdsolos_embrapa;bdsolos_public_carbono_organico;817:13267:44800;-16.15;-58.016666666666666;-58.016666666666666;-16.15;EPSG:4326;Brazil;MT;1981-10-04;1981;1981;1981;10;25;15;6.5;Não informado;;;1.4;;;;;;;carbon_content;6.5;g/kg;reported_bdsolos_carbono_organico_g_kg;ok;dup-000244;duplicate;removed_confirmed_duplicate:exact_scientific_match:bdsolos_embrapa
bdsolos_embrapa:bdsolos_public_carbono_organico:17838218754171b52c404d098383d76b33a0f69f6bbf10c.csv:817:13267:44801:25-45:carbon_content;bdsolos_embrapa;bdsolos_public_carbono_organico;817:13267:44801;-16.15;-58.016666666666666;-58.016666666666666;-16.15;EPSG:4326;Brazil;MT;1981-10-04;1981;1981;1981;25;45;20;4.6;Não informado;;;1.42;0.01;;;;;;carbon_content;4.6;g/kg;reported_bdsolos_carbono_organico_g_kg;ok;dup-000246;duplicate;removed_confirmed_duplicate:exact_scientific_match:bdsolos_embrapa
bdsolos_embrapa:bdsolos_public_carbono_organico:17838218754171b52c404d098383d76b33a0f69f6bbf10c.csv:817:13267:44802:45-75:carbon_content;bdsolos_embrapa;bdsolos_public_carbono_organico;817:13267:44802;-16.15;-58.016666666666666;-58.016666666666666;-16.15;EPSG:4326;Brazil;MT;1981-10-04;1981;1981;1981;45;75;30;3.5;Não informado;;;1.42;0.01;;;;;;carbon_content;3.5;g/kg;reported_bdsolos_carbono_organico_g_kg;ok;dup-000247;duplicate;removed_confirmed_duplicate:exact_scientific_match:bdsolos_embrapa
bdsolos_embrapa:bdsolos_public_carbono_organico:17838218754171b52c404d098383d76b33a0f69f6bbf10c.csv:817:13267:44803:75-120:carbon_content;bdsolos_embrapa;bdsolos_public_carbono_organico;817:13267:44803;-16.15;-58.016666666666666;-58.016666666666666;-16.15;EPSG:4326;Brazil;MT;1981-10-04;1981;1981;1981;75;120;45;2.8;Não informado;;;1.43;0.01;;;;;;carbon_content;2.8;g/kg;reported_bdsolos_carbono_organico_g_kg;ok;dup-000248;duplicate;removed_confirmed_duplicate:exact_scientific_match:bdsolos_embrapa
bdsolos_embrapa:bdsolos_public_carbono_organico:17838218754171b52c404d098383d76b33a0f69f6bbf10c.csv:817:13267:44804:120-180:carbon_content;bdsolos_embrapa;bdsolos_public_carbono_organico;817:13267:44804;-16.15;-58.016666666666666;-58.016666666666666;-16.15;EPSG:4326;Brazil;MT;1981-10-04;1981;1981;1981;120;180;60;2.4;Não informado;;;;0.01;;;;;;carbon_content;2.4;g/kg;reported_bdsolos_carbono_organico_g_kg;ok;dup-000245;duplicate;removed_confirmed_duplicate:exact_scientific_match:bdsolos_embrapa
bdsolos_embrapa:bdsolos_public_carbono_organico:17838218754171b52c404d098383d76b33a0f69f6bbf10c.csv:800:12703:42437:0-15:carbon_content;bdsolos_embrapa;bdsolos_public_carbono_organico;800:12703:42437;-7.944333333333334;-63.146388888888886;-63.146388888888886;-7.944333333333334;EPSG:4326;Brazil;AM;2000-07-23;2000;2000;2000;0;15;15;8.9;Não informado;;;1.4;;;;;;;carbon_content;8.9;g/kg;reported_bdsolos_carbono_organico_g_kg;ok;dup-001454;duplicate;removed_confirmed_duplicate:exact_scientific_match:bdsolos_embrapa
bdsolos_embrapa:bdsolos_public_carbono_organico:17838218754171b52c404d098383d76b33a0f69f6bbf10c.csv:800:12703:42482:33-50:carbon_content;bdsolos_embrapa;bdsolos_public_carbono_organico;800:12703:42482;-7.944333333333334;-63.146388888888886;-63.146388888888886;-7.944333333333334;EPSG:4326;Brazil;AM;2000-07-23;2000;2000;2000;33;50;17;2.9;Não informado;;;1.62;0.013;;;;;;carbon_content;2.9;g/kg;reported_bdsolos_carbono_organico_g_kg;ok;dup-001456;duplicate;removed_confirmed_duplicate:exact_scientific_match:bdsolos_embrapa
bdsolos_embrapa:bdsolos_public_carbono_organico:17838218754171b52c404d098383d76b33a0f69f6bbf10c.csv:800:12703:42483:50-93:carbon_content;bdsolos_embrapa;bdsolos_public_carbono_organico;800:12703:42483;-7.944333333333334;-63.146388888888886;-63.146388888888886;-7.944333333333334;EPSG:4326;Brazil;AM;2000-07-23;2000;2000;2000;50;93;43;2.1;Não informado;;;1.52;0.01;;;;;;carbon_content;2.1;g/kg;reported_bdsolos_carbono_organico_g_kg;ok;dup-001457;duplicate;removed_confirmed_duplicate:exact_scientific_match:bdsolos_embrapa
bdsolos_embrapa:bdsolos_public_carbono_organico:17838218754171b52c404d098383d76b33a0f69f6bbf10c.csv:800:12703:42484:93-150:carbon_content;bdsolos_embrapa;bdsolos_public_carbono_organico;800:12703:42484;-7.944333333333334;-63.146388888888886;-63.146388888888886;-7.944333333333334;EPSG:4326;Brazil;AM;2000-07-23;2000;2000;2000;93;150;57;1.2;Não informado;;;1.68;0.011;;;;;;carbon_content;1.2;g/kg;reported_bdsolos_carbono_organico_g_kg;ok;dup-001458;duplicate;removed_confirmed_duplicate:exact_scientific_match:bdsolos_embrapa
bdsolos_embrapa:bdsolos_public_carbono_organico:17838218754171b52c404d098383d76b33a0f69f6bbf10c.csv:800:12725:42538:0-16:carbon_content;bdsolos_embrapa;bdsolos_public_carbono_organico;800:12725:42538;-8.021666666666668;-61.86377777777778;-61.86377777777778;-8.021666666666668;EPSG:4326;Brazil;AM;2000-09-26;2000;2000;2000;0;16;16;10.1;Não informado;;;1.44;0.23;;;;;;carbon_content;10.1;g/kg;reported_bdsolos_carbono_organico_g_kg;ok;dup-001483;duplicate;removed_confirmed_duplicate:exact_scientific_match:bdsolos_embrapa
bdsolos_embrapa:bdsolos_public_carbono_organico:17838218754171b52c404d098383d76b33a0f69f6bbf10c.csv:800:12725:42539:16-40:carbon_content;bdsolos_embrapa;bdsolos_public_carbono_organico;800:12725:42539;-8.021666666666668;-61.86377777777778;-61.86377777777778;-8.021666666666668;EPSG:4326;Brazil;AM;2000-09-26;2000;2000;2000;16;40;24;4.4;Não informado;;;1.4;0.385;;;;;;carbon_content;4.4;g/kg;reported_bdsolos_carbono_organico_g_kg;ok;dup-001485;duplicate;removed_confirmed_duplicate:exact_scientific_match:bdsolos_embrapa
bdsolos_embrapa:bdsolos_public_carbono_organico:17838218754171b52c404d098383d76b33a0f69f6bbf10c.csv:800:12725:42541:40-65:carbon_content;bdsolos_embrapa;bdsolos_public_carbono_organico;800:12725:42541;-8.021666666666668;-61.86377777777778;-61.86377777777778;-8.021666666666668;EPSG:4326;Brazil;AM;2000-09-26;2000;2000;2000;40;65;25;3.6;Não informado;;;1.63;0.216;;;;;;carbon_content;3.6;g/kg;reported_bdsolos_carbono_organico_g_kg;ok;dup-001486;duplicate;removed_confirmed_duplicate:exact_scientific_match:bdsolos_embrapa
bdsolos_embrapa:bdsolos_public_carbono_organico:17838218754171b52c404d098383d76b33a0f69f6bbf10c.csv:800:12725:42543:65-85:carbon_content;bdsolos_embrapa;bdsolos_public_carbono_organico;800:12725:42543;-8.021666666666668;-61.86377777777778;-61.86377777777778;-8.021666666666668;EPSG:4326;Brazil;AM;2000-09-26;2000;2000;2000;65;85;20;2.5;Não informado;;;1.74;0.408;;;;;;carbon_content;2.5;g/kg;reported_bdsolos_carbono_organico_g_kg;ok;dup-001487;duplicate;removed_confirmed_duplicate:exact_scientific_match:bdsolos_embrapa
bdsolos_embrapa:bdsolos_public_carbono_organico:17838218754171b52c404d098383d76b33a0f69f6bbf10c.csv:800:12725:42545:85-137:carbon_content;bdsolos_embrapa;bdsolos_public_carbono_organico;800:12725:42545;-8.021666666666668;-61.86377777777778;-61.86377777777778;-8.021666666666668;EPSG:4326;Brazil;AM;2000-09-26;2000;2000;2000;85;137;52;2.1;Não informado;;;1.5;0.217;;;;;;carbon_content;2.1;g/kg;reported_bdsolos_carbono_organico_g_kg;ok;dup-001488;duplicate;removed_confirmed_duplicate:exact_scientific_match:bdsolos_embrapa
bdsolos_embrapa:bdsolos_public_carbono_organico:17838218754171b52c404d098383d76b33a0f69f6bbf10c.csv:800:12725:42547:137-200:carbon_content;bdsolos_embrapa;bdsolos_public_carbono_organico;800:12725:42547;-8.021666666666668;-61.86377777777778;-61.86377777777778;-8.021666666666668;EPSG:4326;Brazil;AM;2000-09-26;2000;2000;2000;137;200;63;1.3;Não informado;;;1.4;0.223;;;;;;carbon_content;1.3;g/kg;reported_bdsolos_carbono_organico_g_kg;ok;dup-001484;duplicate;removed_confirmed_duplicate:exact_scientific_match:bdsolos_embrapa
bdsolos_embrapa:bdsolos_public_carbono_organico:17838218754171b52c404d098383d76b33a0f69f6bbf10c.csv:800:12730:42574:0-10:carbon_content;bdsolos_embrapa;bdsolos_public_carbono_organico;800:12730:42574;-7.938416666666667;-61.59838888888889;-61.59838888888889;-7.938416666666667;EPSG:4326;Brazil;AM;2000-09-26;2000;2000;2000;0;10;10;23.8;Não informado;;;1.25;0.283;;;;;;carbon_content;23.8;g/kg;reported_bdsolos_carbono_organico_g_kg;ok;dup-001450;duplicate;removed_confirmed_duplicate:exact_scientific_match:bdsolos_embrapa
bdsolos_embrapa:bdsolos_public_carbono_organico:17838218754171b52c404d098383d76b33a0f69f6bbf10c.csv:800:12730:42575:10-34:carbon_content;bdsolos_embrapa;bdsolos_public_carbono_organico;800:12730:42575;-7.938416666666667;-61.59838888888889;-61.59838888888889;-7.938416666666667;EPSG:4326;Brazil;AM;2000-09-26;2000;2000;2000;10;34;24;6;Não informado;;;1.71;0.227;;;;;;carbon_content;6;g/kg;reported_bdsolos_carbono_organico_g_kg;ok;dup-001451;duplicate;removed_confirmed_duplicate:exact_scientific_match:bdsolos_embrapa
bdsolos_embrapa:bdsolos_public_carbono_organico:17838218754171b52c404d098383d76b33a0f69f6bbf10c.csv:800:12730:42576:34-96:carbon_content;bdsolos_embrapa;bdsolos_public_carbono_organico;800:12730:42576;-7.938416666666667;-61.59838888888889;-61.59838888888889;-7.938416666666667;EPSG:4326;Brazil;AM;2000-09-26;2000;2000;2000;34;96;62;2.7;Não informado;;;1.57;0.223;;;;;;carbon_content;2.7;g/kg;reported_bdsolos_carbono_organico_g_kg;ok;dup-001452;duplicate;removed_confirmed_duplicate:exact_scientific_match:bdsolos_embrapa
bdsolos_embrapa:bdsolos_public_carbono_organico:17838218754171b52c404d098383d76b33a0f69f6bbf10c.csv:800:12739:42622:0-31:carbon_content;bdsolos_embrapa;bdsolos_public_carbono_organico;800:12739:42622;-7.8582222222222216;-61.297999999999995;-61.297999999999995;-7.8582222222222216;EPSG:4326;Brazil;AM;2000-10-04;2000;2000;2000;0;31;31;31.9;Não informado;;;1.16;0.012;;;;;;carbon_content;31.9;g/kg;reported_bdsolos_carbono_organico_g_kg;ok;dup-001423;duplicate;removed_confirmed_duplicate:exact_scientific_match:bdsolos_embrapa
bdsolos_embrapa:bdsolos_public_carbono_organico:17838218754171b52c404d098383d76b33a0f69f6bbf10c.csv:800:12739:42623:31-43:carbon_content;bdsolos_embrapa;bdsolos_public_carbono_organico;800:12739:42623;-7.8582222222222216;-61.297999999999995;-61.297999999999995;-7.8582222222222216;EPSG:4326;Brazil;AM;2000-10-04;2000;2000;2000;31;43;12;12.3;Não informado;;;1.43;0.008;;;;;;carbon_content;12.3;g/kg;reported_bdsolos_carbono_organico_g_kg;ok;dup-001425;duplicate;removed_confirmed_duplicate:exact_scientific_match:bdsolos_embrapa
bdsolos_embrapa:bdsolos_public_carbono_organico:17838218754171b52c404d098383d76b33a0f69f6bbf10c.csv:800:12739:42624:43-57:carbon_content;bdsolos_embrapa;bdsolos_public_carbono_organico;800:12739:42624;-7.8582222222222216;-61.297999999999995;-61.297999999999995;-7.8582222222222216;EPSG:4326;Brazil;AM;2000-10-04;2000;2000;2000;43;57;14;6.1;Não informado;;;1.44;0.005;;;;;;carbon_content;6.1;g/kg;reported_bdsolos_carbono_organico_g_kg;ok;dup-001426;duplicate;removed_confirmed_duplicate:exact_scientific_match:bdsolos_embrapa
bdsolos_embrapa:bdsolos_public_carbono_organico:17838218754171b52c404d098383d76b33a0f69f6bbf10c.csv:800:12739:42625:57-67:carbon_content;bdsolos_embrapa;bdsolos_public_carbono_organico;800:12739:42625;-7.8582222222222216;-61.297999999999995;-61.297999999999995;-7.8582222222222216;EPSG:4326;Brazil;AM;2000-10-04;2000;2000;2000;57;67;10;4.5;Não informado;;;1.66;;;;;;;carbon_content;4.5;g/kg;reported_bdsolos_carbono_organico_g_kg;ok;dup-001427;duplicate;removed_confirmed_duplicate:exact_scientific_match:bdsolos_embrapa
bdsolos_embrapa:bdsolos_public_carbono_organico:17838218754171b52c404d098383d76b33a0f69f6bbf10c.csv:800:12739:42626:67-130:carbon_content;bdsolos_embrapa;bdsolos_public_carbono_organico;800:12739:42626;-7.8582222222222216;-61.297999999999995;-61.297999999999995;-7.8582222222222216;EPSG:4326;Brazil;AM;2000-10-04;2000;2000;2000;67;130;63;2.9;Não informado;;;1.63;;;;;;;carbon_content;2.9;g/kg;reported_bdsolos_carbono_organico_g_kg;ok;dup-001428;duplicate;removed_confirmed_duplicate:exact_scientific_match:bdsolos_embrapa
bdsolos_embrapa:bdsolos_public_carbono_organico:17838218754171b52c404d098383d76b33a0f69f6bbf10c.csv:800:12739:42627:130-190:carbon_content;bdsolos_embrapa;bdsolos_public_carbono_organico;800:12739:42627;-7.8582222222222216;-61.297999999999995;-61.297999999999995;-7.8582222222222216;EPSG:4326;Brazil;AM;2000-10-04;2000;2000;2000;130;190;60;1.9;Não informado;;;1.52;;;;;;;carbon_content;1.9;g/kg;reported_bdsolos_carbono_organico_g_kg;ok;dup-001424;duplicate;removed_confirmed_duplicate:exact_scientific_match:bdsolos_embrapa
bdsolos_embrapa:bdsolos_public_carbono_organico:17838218754171b52c404d098383d76b33a0f69f6bbf10c.csv:800:12740:42628:0-10:carbon_content;bdsolos_embrapa;bdsolos_public_carbono_organico;800:12740:42628;-7.842083333333333;-61.28630555555555;-61.28630555555555;-7.842083333333333;EPSG:4326;Brazil;AM;2000-10-05;2000;2000;2000;0;10;10;17.3;Não informado;;;1.39;;;;;;;carbon_content;17.3;g/kg;reported_bdsolos_carbono_organico_g_kg;ok;dup-001409;duplicate;removed_confirmed_duplicate:exact_scientific_match:bdsolos_embrapa
bdsolos_embrapa:bdsolos_public_carbono_organico:17838218754171b52c404d098383d76b33a0f69f6bbf10c.csv:800:12740:42629:10-23:carbon_content;bdsolos_embrapa;bdsolos_public_carbono_organico;800:12740:42629;-7.842083333333333;-61.28630555555555;-61.28630555555555;-7.842083333333333;EPSG:4326;Brazil;AM;2000-10-05;2000;2000;2000;10;23;13;9.8;Não informado;;;1.53;;;;;;;carbon_content;9.8;g/kg;reported_bdsolos_carbono_organico_g_kg;ok;dup-001410;duplicate;removed_confirmed_duplicate:exact_scientific_match:bdsolos_embrapa
bdsolos_embrapa:bdsolos_public_carbono_organico:17838218754171b52c404d098383d76b33a0f69f6bbf10c.csv:800:12740:42641:23-54:carbon_content;bdsolos_embrapa;bdsolos_public_carbono_organico;800:12740:42641;-7.842083333333333;-61.28630555555555;-61.28630555555555;-7.842083333333333;EPSG:4326;Brazil;AM;2000-10-05;2000;2000;2000;23;54;31;67;Não informado;;;1.57;;;;;;;carbon_content;67;g/kg;reported_bdsolos_carbono_organico_g_kg;ok;dup-001412;duplicate;removed_confirmed_duplicate:exact_scientific_match:bdsolos_embrapa
bdsolos_embrapa:bdsolos_public_carbono_organico:17838218754171b52c404d098383d76b33a0f69f6bbf10c.csv:800:12740:42642:54-100:carbon_content;bdsolos_embrapa;bdsolos_public_carbono_organico;800:12740:42642;-7.842083333333333;-61.28630555555555;-61.28630555555555;-7.842083333333333;EPSG:4326;Brazil;AM;2000-10-05;2000;2000;2000;54;100;46;3.1;Não informado;;;1.47;;;;;;;carbon_content;3.1;g/kg;reported_bdsolos_carbono_organico_g_kg;ok;dup-001413;duplicate;removed_confirmed_duplicate:exact_scientific_match:bdsolos_embrapa
bdsolos_embrapa:bdsolos_public_carbono_organico:17838218754171b52c404d098383d76b33a0f69f6bbf10c.csv:800:12740:42643:100-180:carbon_content;bdsolos_embrapa;bdsolos_public_carbono_organico;800:12740:42643;-7.842083333333333;-61.28630555555555;-61.28630555555555;-7.842083333333333;EPSG:4326;Brazil;AM;2000-10-05;2000;2000;2000;100;180;80;2.2;Não informado;;;1.41;;;;;;;carbon_content;2.2;g/kg;reported_bdsolos_carbono_organico_g_kg;ok;dup-001411;duplicate;removed_confirmed_duplicate:exact_scientific_match:bdsolos_embrapa
bdsolos_embrapa:bdsolos_public_carbono_organico:17838218754171b52c404d098383d76b33a0f69f6bbf10c.csv:800:12755:42694:0-7:carbon_content;bdsolos_embrapa;bdsolos_public_carbono_organico;800:12755:42694;-7.382305555555555;-59.854055555555554;-59.854055555555554;-7.382305555555555;EPSG:4326;Brazil;AM;2000-10-09;2000;2000;2000;0;7;7;53.8;Não informado;;;0.8;;;;;;;carbon_content;53.8;g/kg;reported_bdsolos_carbono_organico_g_kg;ok;dup-001303;duplicate;removed_confirmed_duplicate:exact_scientific_match:bdsolos_embrapa
bdsolos_embrapa:bdsolos_public_carbono_organico:17838218754171b52c404d098383d76b33a0f69f6bbf10c.csv:800:12755:42695:7-19:carbon_content;bdsolos_embrapa;bdsolos_public_carbono_organico;800:12755:42695;-7.382305555555555;-59.854055555555554;-59.854055555555554;-7.382305555555555;EPSG:4326;Brazil;AM;2000-10-09;2000;2000;2000;7;19;12;14.7;Não informado;;;1.26;;;;;;;carbon_content;14.7;g/kg;reported_bdsolos_carbono_organico_g_kg;ok;dup-001308;duplicate;removed_confirmed_duplicate:exact_scientific_match:bdsolos_embrapa
bdsolos_embrapa:bdsolos_public_carbono_organico:17838218754171b52c404d098383d76b33a0f69f6bbf10c.csv:800:12755:42696:19-40:carbon_content;bdsolos_embrapa;bdsolos_public_carbono_organico;800:12755:42696;-7.382305555555555;-59.854055555555554;-59.854055555555554;-7.382305555555555;EPSG:4326;Brazil;AM;2000-10-09;2000;2000;2000;19;40;21;10.1;Não informado;;;1.11;;;;;;;carbon_content;10.1;g/kg;reported_bdsolos_carbono_organico_g_kg;ok;dup-001306;duplicate;removed_confirmed_duplicate:exact_scientific_match:bdsolos_embrapa
bdsolos_embrapa:bdsolos_public_carbono_organico:17838218754171b52c404d098383d76b33a0f69f6bbf10c.csv:800:12755:42697:40-89:carbon_content;bdsolos_embrapa;bdsolos_public_carbono_organico;800:12755:42697;-7.382305555555555;-59.854055555555554;-59.854055555555554;-7.382305555555555;EPSG:4326;Brazil;AM;2000-10-09;2000;2000;2000;40;89;49;5.4;Não informado;;;1.09;;;;;;;carbon_content;5.4;g/kg;reported_bdsolos_carbono_organico_g_kg;ok;dup-001307;duplicate;removed_confirmed_duplicate:exact_scientific_match:bdsolos_embrapa
bdsolos_embrapa:bdsolos_public_carbono_organico:17838218754171b52c404d098383d76b33a0f69f6bbf10c.csv:800:12755:42698:89-123:carbon_content;bdsolos_embrapa;bdsolos_public_carbono_organico;800:12755:42698;-7.382305555555555;-59.854055555555554;-59.854055555555554;-7.382305555555555;EPSG:4326;Brazil;AM;2000-10-09;2000;2000;2000;89;123;34;4.6;Não informado;;;1.28;0.014;;;;;;carbon_content;4.6;g/kg;reported_bdsolos_carbono_organico_g_kg;ok;dup-001309;duplicate;removed_confirmed_duplicate:exact_scientific_match:bdsolos_embrapa
bdsolos_embrapa:bdsolos_public_carbono_organico:17838218754171b52c404d098383d76b33a0f69f6bbf10c.csv:800:12755:42699:123-164:carbon_content;bdsolos_embrapa;bdsolos_public_carbono_organico;800:12755:42699;-7.382305555555555;-59.854055555555554;-59.854055555555554;-7.382305555555555;EPSG:4326;Brazil;AM;2000-10-09;2000;2000;2000;123;164;41;3.7;Não informado;;;1.23;0.137;;;;;;carbon_content;3.7;g/kg;reported_bdsolos_carbono_organico_g_kg;ok;dup-001304;duplicate;removed_confirmed_duplicate:exact_scientific_match:bdsolos_embrapa
bdsolos_embrapa:bdsolos_public_carbono_organico:17838218754171b52c404d098383d76b33a0f69f6bbf10c.csv:800:12755:42700:164-205:carbon_content;bdsolos_embrapa;bdsolos_public_carbono_organico;800:12755:42700;-7.382305555555555;-59.854055555555554;-59.854055555555554;-7.382305555555555;EPSG:4326;Brazil;AM;2000-10-09;2000;2000;2000;164;205;41;1.7;Não informado;;;1.22;;;;;;;carbon_content;1.7;g/kg;reported_bdsolos_carbono_organico_g_kg;ok;dup-001305;duplicate;removed_confirmed_duplicate:exact_scientific_match:bdsolos_embrapa
bdsolos_embrapa:bdsolos_public_carbono_organico:17838218754171b52c404d098383d76b33a0f69f6bbf10c.csv:800:12757:42706:0-20:carbon_content;bdsolos_embrapa;bdsolos_public_carbono_organico;800:12757:42706;-7.05075;-60.051361111111106;-60.051361111111106;-7.05075;EPSG:4326;Brazil;AM;2000-10-11;2000;2000;2000;0;20;20;37.5;Não informado;;;1.03;;;;;;;carbon_content;37.5;g/kg;reported_bdsolos_carbono_organico_g_kg;ok;dup-001241;duplicate;removed_confirmed_duplicate:exact_scientific_match:bdsolos_embrapa
bdsolos_embrapa:bdsolos_public_carbono_organico:17838218754171b52c404d098383d76b33a0f69f6bbf10c.csv:800:12757:42707:20-45:carbon_content;bdsolos_embrapa;bdsolos_public_carbono_organico;800:12757:42707;-7.05075;-60.051361111111106;-60.051361111111106;-7.05075;EPSG:4326;Brazil;AM;2000-10-11;2000;2000;2000;20;45;25;23.3;Não informado;;;0.9;0.067;;;;;;carbon_content;23.3;g/kg;reported_bdsolos_carbono_organico_g_kg;ok;dup-001242;duplicate;removed_confirmed_duplicate:exact_scientific_match:bdsolos_embrapa
bdsolos_embrapa:bdsolos_public_carbono_organico:17838218754171b52c404d098383d76b33a0f69f6bbf10c.csv:800:12757:42708:45-74:carbon_content;bdsolos_embrapa;bdsolos_public_carbono_organico;800:12757:42708;-7.05075;-60.051361111111106;-60.051361111111106;-7.05075;EPSG:4326;Brazil;AM;2000-10-11;2000;2000;2000;45;74;29;12.6;Não informado;;;1.01;0.054;;;;;;carbon_content;12.6;g/kg;reported_bdsolos_carbono_organico_g_kg;ok;dup-001243;duplicate;removed_confirmed_duplicate:exact_scientific_match:bdsolos_embrapa
bdsolos_embrapa:bdsolos_public_carbono_organico:17838218754171b52c404d098383d76b33a0f69f6bbf10c.csv:800:12764:42740:0-20:carbon_content;bdsolos_embrapa;bdsolos_public_carbono_organico;800:12764:42740;-6.801916666666666;-60.04077777777778;-60.04077777777778;-6.801916666666666;EPSG:4326;Brazil;AM;2000-10-17;2000;2000;2000;0;20;20;16.6;Não informado;;;1.17;;;;;;;carbon_content;16.6;g/kg;reported_bdsolos_carbono_organico_g_kg;ok;dup-001172;duplicate;removed_confirmed_duplicate:exact_scientific_match:bdsolos_embrapa
bdsolos_embrapa:bdsolos_public_carbono_organico:17838218754171b52c404d098383d76b33a0f69f6bbf10c.csv:800:12764:42741:20-50:carbon_content;bdsolos_embrapa;bdsolos_public_carbono_organico;800:12764:42741;-6.801916666666666;-60.04077777777778;-60.04077777777778;-6.801916666666666;EPSG:4326;Brazil;AM;2000-10-17;2000;2000;2000;20;50;30;5.9;Não informado;;;1.29;;;;;;;carbon_content;5.9;g/kg;reported_bdsolos_carbono_organico_g_kg;ok;dup-001175;duplicate;removed_confirmed_duplicate:exact_scientific_match:bdsolos_embrapa
bdsolos_embrapa:bdsolos_public_carbono_organico:17838218754171b52c404d098383d76b33a0f69f6bbf10c.csv:800:12764:42742:50-60:carbon_content;bdsolos_embrapa;bdsolos_public_carbono_organico;800:12764:42742;-6.801916666666666;-60.04077777777778;-60.04077777777778;-6.801916666666666;EPSG:4326;Brazil;AM;2000-10-17;2000;2000;2000;50;60;10;2.5;Não informado;;;1.38;;;;;;;carbon_content;2.5;g/kg;reported_bdsolos_carbono_organico_g_kg;ok;dup-001176;duplicate;removed_confirmed_duplicate:exact_scientific_match:bdsolos_embrapa
bdsolos_embrapa:bdsolos_public_carbono_organico:17838218754171b52c404d098383d76b33a0f69f6bbf10c.csv:800:12764:42743:60-74:carbon_content;bdsolos_embrapa;bdsolos_public_carbono_organico;800:12764:42743;-6.801916666666666;-60.04077777777778;-60.04077777777778;-6.801916666666666;EPSG:4326;Brazil;AM;2000-10-17;2000;2000;2000;60;74;14;2.6;Não informado;;;1.38;;;;;;;carbon_content;2.6;g/kg;reported_bdsolos_carbono_organico_g_kg;ok;dup-001177;duplicate;removed_confirmed_duplicate:exact_scientific_match:bdsolos_embrapa
bdsolos_embrapa:bdsolos_public_carbono_organico:17838218754171b52c404d098383d76b33a0f69f6bbf10c.csv:800:12764:42744:74-113:carbon_content;bdsolos_embrapa;bdsolos_public_carbono_organico;800:12764:42744;-6.801916666666666;-60.04077777777778;-60.04077777777778;-6.801916666666666;EPSG:4326;Brazil;AM;2000-10-17;2000;2000;2000;74;113;39;2.3;Não informado;;;1.51;;;;;;;carbon_content;2.3;g/kg;reported_bdsolos_carbono_organico_g_kg;ok;dup-001178;duplicate;removed_confirmed_duplicate:exact_scientific_match:bdsolos_embrapa
bdsolos_embrapa:bdsolos_public_carbono_organico:17838218754171b52c404d098383d76b33a0f69f6bbf10c.csv:800:12764:42820:113-150:carbon_content;bdsolos_embrapa;bdsolos_public_carbono_organico;800:12764:42820;-6.801916666666666;-60.04077777777778;-60.04077777777778;-6.801916666666666;EPSG:4326;Brazil;AM;2000-10-17;2000;2000;2000;113;150;37;1.4;Não informado;;;1.53;;;;;;;carbon_content;1.4;g/kg;reported_bdsolos_carbono_organico_g_kg;ok;dup-001173;duplicate;removed_confirmed_duplicate:exact_scientific_match:bdsolos_embrapa
bdsolos_embrapa:bdsolos_public_carbono_organico:17838218754171b52c404d098383d76b33a0f69f6bbf10c.csv:800:12764:42821:150-180:carbon_content;bdsolos_embrapa;bdsolos_public_carbono_organico;800:12764:42821;-6.801916666666666;-60.04077777777778;-60.04077777777778;-6.801916666666666;EPSG:4326;Brazil;AM;2000-10-17;2000;2000;2000;150;180;30;1.1;Não informado;;;1.46;;;;;;;carbon_content;1.1;g/kg;reported_bdsolos_carbono_organico_g_kg;ok;dup-001174;duplicate;removed_confirmed_duplicate:exact_scientific_match:bdsolos_embrapa
bdsolos_embrapa:bdsolos_public_carbono_organico:17838218754171b52c404d098383d76b33a0f69f6bbf10c.csv:800:12784:42822:0-30:carbon_content;bdsolos_embrapa;bdsolos_public_carbono_organico;800:12784:42822;-6.968527777777778;-59.9135;-59.9135;-6.968527777777778;EPSG:4326;Brazil;AM;2000-10-17;2000;2000;2000;0;30;30;17.4;Não informado;;;0.99;;;;;;;carbon_content;17.4;g/kg;reported_bdsolos_carbono_organico_g_kg;ok;dup-001211;duplicate;removed_confirmed_duplicate:exact_scientific_match:bdsolos_embrapa
bdsolos_embrapa:bdsolos_public_carbono_organico:17838218754171b52c404d098383d76b33a0f69f6bbf10c.csv:800:12784:42823:30-43:carbon_content;bdsolos_embrapa;bdsolos_public_carbono_organico;800:12784:42823;-6.968527777777778;-59.9135;-59.9135;-6.968527777777778;EPSG:4326;Brazil;AM;2000-10-17;2000;2000;2000;30;43;13;19.9;Não informado;;;0.9;;;;;;;carbon_content;19.9;g/kg;reported_bdsolos_carbono_organico_g_kg;ok;dup-001213;duplicate;removed_confirmed_duplicate:exact_scientific_match:bdsolos_embrapa
bdsolos_embrapa:bdsolos_public_carbono_organico:17838218754171b52c404d098383d76b33a0f69f6bbf10c.csv:800:12784:42824:43-80:carbon_content;bdsolos_embrapa;bdsolos_public_carbono_organico;800:12784:42824;-6.968527777777778;-59.9135;-59.9135;-6.968527777777778;EPSG:4326;Brazil;AM;2000-10-17;2000;2000;2000;43;80;37;12.4;Não informado;;;1.08;;;;;;;carbon_content;12.4;g/kg;reported_bdsolos_carbono_organico_g_kg;ok;dup-001214;duplicate;removed_confirmed_duplicate:exact_scientific_match:bdsolos_embrapa
bdsolos_embrapa:bdsolos_public_carbono_organico:17838218754171b52c404d098383d76b33a0f69f6bbf10c.csv:800:12784:42825:80-132:carbon_content;bdsolos_embrapa;bdsolos_public_carbono_organico;800:12784:42825;-6.968527777777778;-59.9135;-59.9135;-6.968527777777778;EPSG:4326;Brazil;AM;2000-10-17;2000;2000;2000;80;132;52;10.5;Não informado;;;1.02;;;;;;;carbon_content;10.5;g/kg;reported_bdsolos_carbono_organico_g_kg;ok;dup-001215;duplicate;removed_confirmed_duplicate:exact_scientific_match:bdsolos_embrapa
bdsolos_embrapa:bdsolos_public_carbono_organico:17838218754171b52c404d098383d76b33a0f69f6bbf10c.csv:800:12784:42826:132-190:carbon_content;bdsolos_embrapa;bdsolos_public_carbono_organico;800:12784:42826;-6.968527777777778;-59.9135;-59.9135;-6.968527777777778;EPSG:4326;Brazil;AM;2000-10-17;2000;2000;2000;132;190;58;3.4;Não informado;;;1.17;;;;;;;carbon_content;3.4;g/kg;reported_bdsolos_carbono_organico_g_kg;ok;dup-001212;duplicate;removed_confirmed_duplicate:exact_scientific_match:bdsolos_embrapa
bdsolos_embrapa:bdsolos_public_carbono_organico:17838218754171b52c404d098383d76b33a0f69f6bbf10c.csv:800:12786:42832:0-18:carbon_content;bdsolos_embrapa;bdsolos_public_carbono_organico;800:12786:42832;-6.592972222222222;-58.610305555555556;-58.610305555555556;-6.592972222222222;EPSG:4326;Brazil;AM;2000-10-19;2000;2000;2000;0;18;18;5.9;Não informado;;;1.51;0.056;;;;;;carbon_content;5.9;g/kg;reported_bdsolos_carbono_organico_g_kg;ok;dup-001132;duplicate;removed_confirmed_duplicate:exact_scientific_match:bdsolos_embrapa
bdsolos_embrapa:bdsolos_public_carbono_organico:17838218754171b52c404d098383d76b33a0f69f6bbf10c.csv:800:12786:42833:18-64:carbon_content;bdsolos_embrapa;bdsolos_public_carbono_organico;800:12786:42833;-6.592972222222222;-58.610305555555556;-58.610305555555556;-6.592972222222222;EPSG:4326;Brazil;AM;2000-10-19;2000;2000;2000;18;64;46;3;Não informado;;;1.5;0.065;;;;;;carbon_content;3;g/kg;reported_bdsolos_carbono_organico_g_kg;ok;dup-001134;duplicate;removed_confirmed_duplicate:exact_scientific_match:bdsolos_embrapa
bdsolos_embrapa:bdsolos_public_carbono_organico:17838218754171b52c404d098383d76b33a0f69f6bbf10c.csv:800:12786:42834:64-150:carbon_content;bdsolos_embrapa;bdsolos_public_carbono_organico;800:12786:42834;-6.592972222222222;-58.610305555555556;-58.610305555555556;-6.592972222222222;EPSG:4326;Brazil;AM;2000-10-19;2000;2000;2000;64;150;86;1.2;Não informado;;;1.39;0.067;;;;;;carbon_content;1.2;g/kg;reported_bdsolos_carbono_organico_g_kg;ok;dup-001135;duplicate;removed_confirmed_duplicate:exact_scientific_match:bdsolos_embrapa
bdsolos_embrapa:bdsolos_public_carbono_organico:17838218754171b52c404d098383d76b33a0f69f6bbf10c.csv:800:12786:42835:150-210:carbon_content;bdsolos_embrapa;bdsolos_public_carbono_organico;800:12786:42835;-6.592972222222222;-58.610305555555556;-58.610305555555556;-6.592972222222222;EPSG:4326;Brazil;AM;2000-10-19;2000;2000;2000;150;210;60;1;Não informado;;;1.47;0.058;;;;;;carbon_content;1;g/kg;reported_bdsolos_carbono_organico_g_kg;ok;dup-001133;duplicate;removed_confirmed_duplicate:exact_scientific_match:bdsolos_embrapa
bdsolos_embrapa:bdsolos_public_carbono_organico:17838218754171b52c404d098383d76b33a0f69f6bbf10c.csv:800:12789:42846:0-20:carbon_content;bdsolos_embrapa;bdsolos_public_carbono_organico;800:12789:42846;-5.828194444444444;-61.30358333333333;-61.30358333333333;-5.828194444444444;EPSG:4326;Brazil;AM;1999-10-16;1999;1999;1999;0;20;20;11.1;Não informado;;;1.33;;;;;;;carbon_content;11.1;g/kg;reported_bdsolos_carbono_organico_g_kg;ok;dup-001063;duplicate;removed_confirmed_duplicate:exact_scientific_match:bdsolos_embrapa
bdsolos_embrapa:bdsolos_public_carbono_organico:17838218754171b52c404d098383d76b33a0f69f6bbf10c.csv:800:12789:42847:20-43:carbon_content;bdsolos_embrapa;bdsolos_public_carbono_organico;800:12789:42847;-5.828194444444444;-61.30358333333333;-61.30358333333333;-5.828194444444444;EPSG:4326;Brazil;AM;1999-10-16;1999;1999;1999;20;43;23;7.1;Não informado;;;1.35;;;;;;;carbon_content;7.1;g/kg;reported_bdsolos_carbono_organico_g_kg;ok;dup-001065;duplicate;removed_confirmed_duplicate:exact_scientific_match:bdsolos_embrapa
bdsolos_embrapa:bdsolos_public_carbono_organico:17838218754171b52c404d098383d76b33a0f69f6bbf10c.csv:800:12789:42848:43-55:carbon_content;bdsolos_embrapa;bdsolos_public_carbono_organico;800:12789:42848;-5.828194444444444;-61.30358333333333;-61.30358333333333;-5.828194444444444;EPSG:4326;Brazil;AM;1999-10-16;1999;1999;1999;43;55;12;4.2;Não informado;;;1.3;;;;;;;carbon_content;4.2;g/kg;reported_bdsolos_carbono_organico_g_kg;ok;dup-001067;duplicate;removed_confirmed_duplicate:exact_scientific_match:bdsolos_embrapa
bdsolos_embrapa:bdsolos_public_carbono_organico:17838218754171b52c404d098383d76b33a0f69f6bbf10c.csv:800:12789:42849:55-100:carbon_content;bdsolos_embrapa;bdsolos_public_carbono_organico;800:12789:42849;-5.828194444444444;-61.30358333333333;-61.30358333333333;-5.828194444444444;EPSG:4326;Brazil;AM;1999-10-16;1999;1999;1999;55;100;45;2.1;Não informado;;;1.24;;;;;;;carbon_content;2.1;g/kg;reported_bdsolos_carbono_organico_g_kg;ok;dup-001068;duplicate;removed_confirmed_duplicate:exact_scientific_match:bdsolos_embrapa
bdsolos_embrapa:bdsolos_public_carbono_organico:17838218754171b52c404d098383d76b33a0f69f6bbf10c.csv:800:12789:42850:100-210:carbon_content;bdsolos_embrapa;bdsolos_public_carbono_organico;800:12789:42850;-5.828194444444444;-61.30358333333333;-61.30358333333333;-5.828194444444444;EPSG:4326;Brazil;AM;1999-10-16;1999;1999;1999;100;210;110;1;Não informado;;;1.3;0.019;;;;;;carbon_content;1;g/kg;reported_bdsolos_carbono_organico_g_kg;ok;dup-001064;duplicate;removed_confirmed_duplicate:exact_scientific_match:bdsolos_embrapa
bdsolos_embrapa:bdsolos_public_carbono_organico:17838218754171b52c404d098383d76b33a0f69f6bbf10c.csv:800:12793:42870:0-10:carbon_content;bdsolos_embrapa;bdsolos_public_carbono_organico;800:12793:42870;-5.878472222222222;-61.39072222222222;-61.39072222222222;-5.878472222222222;EPSG:4326;Brazil;AM;1999-10-15;1999;1999;1999;0;10;10;28.8;Não informado;;;1.83;;;;;;;carbon_content;28.8;g/kg;reported_bdsolos_carbono_organico_g_kg;ok;dup-001074;duplicate;removed_confirmed_duplicate:exact_scientific_match:bdsolos_embrapa
bdsolos_embrapa:bdsolos_public_carbono_organico:17838218754171b52c404d098383d76b33a0f69f6bbf10c.csv:800:12793:42871:10-22:carbon_content;bdsolos_embrapa;bdsolos_public_carbono_organico;800:12793:42871;-5.878472222222222;-61.39072222222222;-61.39072222222222;-5.878472222222222;EPSG:4326;Brazil;AM;1999-10-15;1999;1999;1999;10;22;12;10.2;Não informado;;;2;;;;;;;carbon_content;10.2;g/kg;reported_bdsolos_carbono_organico_g_kg;ok;dup-001075;duplicate;removed_confirmed_duplicate:exact_scientific_match:bdsolos_embrapa
bdsolos_embrapa:bdsolos_public_carbono_organico:17838218754171b52c404d098383d76b33a0f69f6bbf10c.csv:800:12793:42872:22-54:carbon_content;bdsolos_embrapa;bdsolos_public_carbono_organico;800:12793:42872;-5.878472222222222;-61.39072222222222;-61.39072222222222;-5.878472222222222;EPSG:4326;Brazil;AM;1999-10-15;1999;1999;1999;22;54;32;3.9;Não informado;;;2.02;;;;;;;carbon_content;3.9;g/kg;reported_bdsolos_carbono_organico_g_kg;ok;dup-001076;duplicate;removed_confirmed_duplicate:exact_scientific_match:bdsolos_embrapa
bdsolos_embrapa:bdsolos_public_carbono_organico:17838218754171b52c404d098383d76b33a0f69f6bbf10c.csv:800:12793:42873:54-86:carbon_content;bdsolos_embrapa;bdsolos_public_carbono_organico;800:12793:42873;-5.878472222222222;-61.39072222222222;-61.39072222222222;-5.878472222222222;EPSG:4326;Brazil;AM;1999-10-15;1999;1999;1999;54;86;32;3;Não informado;;;2.01;;;;;;;carbon_content;3;g/kg;reported_bdsolos_carbono_organico_g_kg;ok;dup-001077;duplicate;removed_confirmed_duplicate:exact_scientific_match:bdsolos_embrapa
bdsolos_embrapa:bdsolos_public_carbono_organico:17838218754171b52c404d098383d76b33a0f69f6bbf10c.csv:800:12793:42874:86-150:carbon_content;bdsolos_embrapa;bdsolos_public_carbono_organico;800:12793:42874;-5.878472222222222;-61.39072222222222;-61.39072222222222;-5.878472222222222;EPSG:4326;Brazil;AM;1999-10-15;1999;1999;1999;86;150;64;1.7;Não informado;;;2.07;;;;;;;carbon_content;1.7;g/kg;reported_bdsolos_carbono_organico_g_kg;ok;dup-001078;duplicate;removed_confirmed_duplicate:exact_scientific_match:bdsolos_embrapa
bdsolos_embrapa:bdsolos_public_carbono_organico:17838218754171b52c404d098383d76b33a0f69f6bbf10c.csv:800:12796:42886:0-20:carbon_content;bdsolos_embrapa;bdsolos_public_carbono_organico;800:12796:42886;-5.6608888888888895;-61.08330555555556;-61.08330555555556;-5.6608888888888895;EPSG:4326;Brazil;AM;1999-10-20;1999;1999;1999;0;20;20;9.8;Não informado;;;2.12;;;;;;;carbon_content;9.8;g/kg;reported_bdsolos_carbono_organico_g_kg;ok;dup-001043;duplicate;removed_confirmed_duplicate:exact_scientific_match:bdsolos_embrapa
bdsolos_embrapa:bdsolos_public_carbono_organico:17838218754171b52c404d098383d76b33a0f69f6bbf10c.csv:800:12796:42887:20-50:carbon_content;bdsolos_embrapa;bdsolos_public_carbono_organico;800:12796:42887;-5.6608888888888895;-61.08330555555556;-61.08330555555556;-5.6608888888888895;EPSG:4326;Brazil;AM;1999-10-20;1999;1999;1999;20;50;30;1.9;Não informado;;;2.25;0.034;;;;;;carbon_content;1.9;g/kg;reported_bdsolos_carbono_organico_g_kg;ok;dup-001046;duplicate;removed_confirmed_duplicate:exact_scientific_match:bdsolos_embrapa
bdsolos_embrapa:bdsolos_public_carbono_organico:17838218754171b52c404d098383d76b33a0f69f6bbf10c.csv:800:12796:42888:50-100:carbon_content;bdsolos_embrapa;bdsolos_public_carbono_organico;800:12796:42888;-5.6608888888888895;-61.08330555555556;-61.08330555555556;-5.6608888888888895;EPSG:4326;Brazil;AM;1999-10-20;1999;1999;1999;50;100;50;1.6;Não informado;;;2.09;;;;;;;carbon_content;1.6;g/kg;reported_bdsolos_carbono_organico_g_kg;ok;dup-001047;duplicate;removed_confirmed_duplicate:exact_scientific_match:bdsolos_embrapa
bdsolos_embrapa:bdsolos_public_carbono_organico:17838218754171b52c404d098383d76b33a0f69f6bbf10c.csv:800:12796:42889:100-180:carbon_content;bdsolos_embrapa;bdsolos_public_carbono_organico;800:12796:42889;-5.6608888888888895;-61.08330555555556;-61.08330555555556;-5.6608888888888895;EPSG:4326;Brazil;AM;1999-10-20;1999;1999;1999;100;180;80;0.8;Não informado;;;2.11;;;;;;;carbon_content;0.8;g/kg;reported_bdsolos_carbono_organico_g_kg;ok;dup-001044;duplicate;removed_confirmed_duplicate:exact_scientific_match:bdsolos_embrapa
bdsolos_embrapa:bdsolos_public_carbono_organico:17838218754171b52c404d098383d76b33a0f69f6bbf10c.csv:800:12796:42890:180-300:carbon_content;bdsolos_embrapa;bdsolos_public_carbono_organico;800:12796:42890;-5.6608888888888895;-61.08330555555556;-61.08330555555556;-5.6608888888888895;EPSG:4326;Brazil;AM;1999-10-20;1999;1999;1999;180;300;120;0.4;Não informado;;;2.2;;;;;;;carbon_content;0.4;g/kg;reported_bdsolos_carbono_organico_g_kg;ok;dup-001045;duplicate;removed_confirmed_duplicate:exact_scientific_match:bdsolos_embrapa
bdsolos_embrapa:bdsolos_public_carbono_organico:17838218754171b52c404d098383d76b33a0f69f6bbf10c.csv:800:12809:42927:0-20:carbon_content;bdsolos_embrapa;bdsolos_public_carbono_organico;800:12809:42927;-4.906944444444445;-60.05219444444444;-60.05219444444444;-4.906944444444445;EPSG:4326;Brazil;AM;1999-10-21;1999;1999;1999;0;20;20;17.2;Não informado;;;1.24;;;;;;;carbon_content;17.2;g/kg;reported_bdsolos_carbono_organico_g_kg;ok;dup-000984;duplicate;removed_confirmed_duplicate:exact_scientific_match:bdsolos_embrapa
bdsolos_embrapa:bdsolos_public_carbono_organico:17838218754171b52c404d098383d76b33a0f69f6bbf10c.csv:800:12809:42928:20-35:carbon_content;bdsolos_embrapa;bdsolos_public_carbono_organico;800:12809:42928;-4.906944444444445;-60.05219444444444;-60.05219444444444;-4.906944444444445;EPSG:4326;Brazil;AM;1999-10-21;1999;1999;1999;20;35;15;7.7;Não informado;;;1.25;;;;;;;carbon_content;7.7;g/kg;reported_bdsolos_carbono_organico_g_kg;ok;dup-000986;duplicate;removed_confirmed_duplicate:exact_scientific_match:bdsolos_embrapa
bdsolos_embrapa:bdsolos_public_carbono_organico:17838218754171b52c404d098383d76b33a0f69f6bbf10c.csv:800:12809:42929:35-57:carbon_content;bdsolos_embrapa;bdsolos_public_carbono_organico;800:12809:42929;-4.906944444444445;-60.05219444444444;-60.05219444444444;-4.906944444444445;EPSG:4326;Brazil;AM;1999-10-21;1999;1999;1999;35;57;22;4.8;Não informado;;;1.21;;;;;;;carbon_content;4.8;g/kg;reported_bdsolos_carbono_organico_g_kg;ok;dup-000987;duplicate;removed_confirmed_duplicate:exact_scientific_match:bdsolos_embrapa
bdsolos_embrapa:bdsolos_public_carbono_organico:17838218754171b52c404d098383d76b33a0f69f6bbf10c.csv:800:12809:42930:57-120:carbon_content;bdsolos_embrapa;bdsolos_public_carbono_organico;800:12809:42930;-4.906944444444445;-60.05219444444444;-60.05219444444444;-4.906944444444445;EPSG:4326;Brazil;AM;1999-10-21;1999;1999;1999;57;120;63;3.1;Não informado;;;1.2;;;;;;;carbon_content;3.1;g/kg;reported_bdsolos_carbono_organico_g_kg;ok;dup-000988;duplicate;removed_confirmed_duplicate:exact_scientific_match:bdsolos_embrapa
bdsolos_embrapa:bdsolos_public_carbono_organico:17838218754171b52c404d098383d76b33a0f69f6bbf10c.csv:800:12810:42932:0-20:carbon_content;bdsolos_embrapa;bdsolos_public_carbono_organico;800:12810:42932;-5.806638888888889;-60.242444444444445;-60.242444444444445;-5.806638888888889;EPSG:4326;Brazil;AM;1999-10-23;1999;1999;1999;0;20;20;17;Não informado;;;1.1;;;;;;;carbon_content;17;g/kg;reported_bdsolos_carbono_organico_g_kg;ok;dup-001057;duplicate;removed_confirmed_duplicate:exact_scientific_match:bdsolos_embrapa
bdsolos_embrapa:bdsolos_public_carbono_organico:17838218754171b52c404d098383d76b33a0f69f6bbf10c.csv:800:12810:42933:20-35:carbon_content;bdsolos_embrapa;bdsolos_public_carbono_organico;800:12810:42933;-5.806638888888889;-60.242444444444445;-60.242444444444445;-5.806638888888889;EPSG:4326;Brazil;AM;1999-10-23;1999;1999;1999;20;35;15;6.3;Não informado;;;1.17;;;;;;;carbon_content;6.3;g/kg;reported_bdsolos_carbono_organico_g_kg;ok;dup-001060;duplicate;removed_confirmed_duplicate:exact_scientific_match:bdsolos_embrapa
bdsolos_embrapa:bdsolos_public_carbono_organico:17838218754171b52c404d098383d76b33a0f69f6bbf10c.csv:800:12810:42934:35-62:carbon_content;bdsolos_embrapa;bdsolos_public_carbono_organico;800:12810:42934;-5.806638888888889;-60.242444444444445;-60.242444444444445;-5.806638888888889;EPSG:4326;Brazil;AM;1999-10-23;1999;1999;1999;35;62;27;5;Não informado;;;1.19;;;;;;;carbon_content;5;g/kg;reported_bdsolos_carbono_organico_g_kg;ok;dup-001061;duplicate;removed_confirmed_duplicate:exact_scientific_match:bdsolos_embrapa
bdsolos_embrapa:bdsolos_public_carbono_organico:17838218754171b52c404d098383d76b33a0f69f6bbf10c.csv:800:12810:42935:62-110:carbon_content;bdsolos_embrapa;bdsolos_public_carbono_organico;800:12810:42935;-5.806638888888889;-60.242444444444445;-60.242444444444445;-5.806638888888889;EPSG:4326;Brazil;AM;1999-10-23;1999;1999;1999;62;110;48;3.5;Não informado;;;1.21;;;;;;;carbon_content;3.5;g/kg;reported_bdsolos_carbono_organico_g_kg;ok;dup-001062;duplicate;removed_confirmed_duplicate:exact_scientific_match:bdsolos_embrapa
bdsolos_embrapa:bdsolos_public_carbono_organico:17838218754171b52c404d098383d76b33a0f69f6bbf10c.csv:800:12810:42936:110-150:carbon_content;bdsolos_embrapa;bdsolos_public_carbono_organico;800:12810:42936;-5.806638888888889;-60.242444444444445;-60.242444444444445;-5.806638888888889;EPSG:4326;Brazil;AM;1999-10-23;1999;1999;1999;110;150;40;2.9;Não informado;;;1.2;;;;;;;carbon_content;2.9;g/kg;reported_bdsolos_carbono_organico_g_kg;ok;dup-001058;duplicate;removed_confirmed_duplicate:exact_scientific_match:bdsolos_embrapa
bdsolos_embrapa:bdsolos_public_carbono_organico:17838218754171b52c404d098383d76b33a0f69f6bbf10c.csv:800:12810:42969:150-200:carbon_content;bdsolos_embrapa;bdsolos_public_carbono_organico;800:12810:42969;-5.806638888888889;-60.242444444444445;-60.242444444444445;-5.806638888888889;EPSG:4326;Brazil;AM;1999-10-23;1999;1999;1999;150;200;50;2.3;Não informado;;;1.18;;;;;;;carbon_content;2.3;g/kg;reported_bdsolos_carbono_organico_g_kg;ok;dup-001059;duplicate;removed_confirmed_duplicate:exact_scientific_match:bdsolos_embrapa
bdsolos_embrapa:bdsolos_public_carbono_organico:17838218754171b52c404d098383d76b33a0f69f6bbf10c.csv:800:12812:42979:0-35:carbon_content;bdsolos_embrapa;bdsolos_public_carbono_organico;800:12812:42979;-6.234138888888889;-62.24538888888889;-62.24538888888889;-6.234138888888889;EPSG:4326;Brazil;AM;1999-10-13;1999;1999;1999;0;35;35;33.4;Não informado;;;1.02;;;;;;;carbon_content;33.4;g/kg;reported_bdsolos_carbono_organico_g_kg;ok;dup-001103;duplicate;removed_confirmed_duplicate:exact_scientific_match:bdsolos_embrapa
bdsolos_embrapa:bdsolos_public_carbono_organico:17838218754171b52c404d098383d76b33a0f69f6bbf10c.csv:800:12812:42981:35-50:carbon_content;bdsolos_embrapa;bdsolos_public_carbono_organico;800:12812:42981;-6.234138888888889;-62.24538888888889;-62.24538888888889;-6.234138888888889;EPSG:4326;Brazil;AM;1999-10-13;1999;1999;1999;35;50;15;15.2;Não informado;;;1.26;0.008;;;;;;carbon_content;15.2;g/kg;reported_bdsolos_carbono_organico_g_kg;ok;dup-001106;duplicate;removed_confirmed_duplicate:exact_scientific_match:bdsolos_embrapa
bdsolos_embrapa:bdsolos_public_carbono_organico:17838218754171b52c404d098383d76b33a0f69f6bbf10c.csv:800:12812:42982:50-63:carbon_content;bdsolos_embrapa;bdsolos_public_carbono_organico;800:12812:42982;-6.234138888888889;-62.24538888888889;-62.24538888888889;-6.234138888888889;EPSG:4326;Brazil;AM;1999-10-13;1999;1999;1999;50;63;13;10.1;Não informado;;;1.36;;;;;;;carbon_content;10.1;g/kg;reported_bdsolos_carbono_organico_g_kg;ok;dup-001107;duplicate;removed_confirmed_duplicate:exact_scientific_match:bdsolos_embrapa
bdsolos_embrapa:bdsolos_public_carbono_organico:17838218754171b52c404d098383d76b33a0f69f6bbf10c.csv:800:12812:42983:63-98:carbon_content;bdsolos_embrapa;bdsolos_public_carbono_organico;800:12812:42983;-6.234138888888889;-62.24538888888889;-62.24538888888889;-6.234138888888889;EPSG:4326;Brazil;AM;1999-10-13;1999;1999;1999;63;98;35;4.8;Não informado;;;1.37;;;;;;;carbon_content;4.8;g/kg;reported_bdsolos_carbono_organico_g_kg;ok;dup-001108;duplicate;removed_confirmed_duplicate:exact_scientific_match:bdsolos_embrapa
bdsolos_embrapa:bdsolos_public_carbono_organico:17838218754171b52c404d098383d76b33a0f69f6bbf10c.csv:800:12812:42984:98-146:carbon_content;bdsolos_embrapa;bdsolos_public_carbono_organico;800:12812:42984;-6.234138888888889;-62.24538888888889;-62.24538888888889;-6.234138888888889;EPSG:4326;Brazil;AM;1999-10-13;1999;1999;1999;98;146;48;2.7;Não informado;;;1.28;;;;;;;carbon_content;2.7;g/kg;reported_bdsolos_carbono_organico_g_kg;ok;dup-001109;duplicate;removed_confirmed_duplicate:exact_scientific_match:bdsolos_embrapa
bdsolos_embrapa:bdsolos_public_carbono_organico:17838218754171b52c404d098383d76b33a0f69f6bbf10c.csv:800:12812:42985:146-220:carbon_content;bdsolos_embrapa;bdsolos_public_carbono_organico;800:12812:42985;-6.234138888888889;-62.24538888888889;-62.24538888888889;-6.234138888888889;EPSG:4326;Brazil;AM;1999-10-13;1999;1999;1999;146;220;74;2.1;Não informado;;;1.29;;;;;;;carbon_content;2.1;g/kg;reported_bdsolos_carbono_organico_g_kg;ok;dup-001104;duplicate;removed_confirmed_duplicate:exact_scientific_match:bdsolos_embrapa
bdsolos_embrapa:bdsolos_public_carbono_organico:17838218754171b52c404d098383d76b33a0f69f6bbf10c.csv:800:12812:42986:220-300:carbon_content;bdsolos_embrapa;bdsolos_public_carbono_organico;800:12812:42986;-6.234138888888889;-62.24538888888889;-62.24538888888889;-6.234138888888889;EPSG:4326;Brazil;AM;1999-10-13;1999;1999;1999;220;300;80;1.6;Não informado;;;1.19;;;;;;;carbon_content;1.6;g/kg;reported_bdsolos_carbono_organico_g_kg;ok;dup-001105;duplicate;removed_confirmed_duplicate:exact_scientific_match:bdsolos_embrapa
bdsolos_embrapa:bdsolos_public_carbono_organico:17838218754171b52c404d098383d76b33a0f69f6bbf10c.csv:811:13013:43923:45-70:carbon_content;bdsolos_embrapa;bdsolos_public_carbono_organico;811:13013:43923;-22.868055555555557;-42.018055555555556;-42.018055555555556;-22.868055555555557;EPSG:4326;Brazil;RJ;1989-05-27;1989;1989;1989;45;70;25;5.1;Não informado;;;;0.02;;;;;;carbon_content;5.1;g/kg;reported_bdsolos_carbono_organico_g_kg;ok;dup-000807;duplicate;removed_confirmed_duplicate:exact_scientific_match:bdsolos_embrapa
bdsolos_embrapa:bdsolos_public_carbono_organico:17838218754171b52c404d098383d76b33a0f69f6bbf10c.csv:811:13027:43958:0-10:carbon_content;bdsolos_embrapa;bdsolos_public_carbono_organico;811:13027:43958;-22.551111111111112;-42.28472222222222;-42.28472222222222;-22.551111111111112;EPSG:4326;Brazil;RJ;1998-10-27;1998;1998;1998;0;10;10;21.1;Não informado;;;1.25;0.032;;;;;;carbon_content;21.1;g/kg;reported_bdsolos_carbono_organico_g_kg;ok;dup-000671;duplicate;removed_confirmed_duplicate:exact_scientific_match:bdsolos_embrapa
bdsolos_embrapa:bdsolos_public_carbono_organico:17838218754171b52c404d098383d76b33a0f69f6bbf10c.csv:811:13027:43959:10-16:carbon_content;bdsolos_embrapa;bdsolos_public_carbono_organico;811:13027:43959;-22.551111111111112;-42.28472222222222;-42.28472222222222;-22.551111111111112;EPSG:4326;Brazil;RJ;1998-10-27;1998;1998;1998;10;16;6;14.1;Não informado;;;1.21;0.053;;;;;;carbon_content;14.1;g/kg;reported_bdsolos_carbono_organico_g_kg;ok;dup-000672;duplicate;removed_confirmed_duplicate:exact_scientific_match:bdsolos_embrapa
bdsolos_embrapa:bdsolos_public_carbono_organico:17838218754171b52c404d098383d76b33a0f69f6bbf10c.csv:811:13027:43960:16-35:carbon_content;bdsolos_embrapa;bdsolos_public_carbono_organico;811:13027:43960;-22.551111111111112;-42.28472222222222;-42.28472222222222;-22.551111111111112;EPSG:4326;Brazil;RJ;1998-10-27;1998;1998;1998;16;35;19;7;Não informado;;;1.34;0.043;;;;;;carbon_content;7;g/kg;reported_bdsolos_carbono_organico_g_kg;ok;dup-000674;duplicate;removed_confirmed_duplicate:exact_scientific_match:bdsolos_embrapa
bdsolos_embrapa:bdsolos_public_carbono_organico:17838218754171b52c404d098383d76b33a0f69f6bbf10c.csv:811:13027:43961:35-65:carbon_content;bdsolos_embrapa;bdsolos_public_carbono_organico;811:13027:43961;-22.551111111111112;-42.28472222222222;-42.28472222222222;-22.551111111111112;EPSG:4326;Brazil;RJ;1998-10-27;1998;1998;1998;35;65;30;6.2;Não informado;;;1.32;0.04;;;;;;carbon_content;6.2;g/kg;reported_bdsolos_carbono_organico_g_kg;ok;dup-000675;duplicate;removed_confirmed_duplicate:exact_scientific_match:bdsolos_embrapa
bdsolos_embrapa:bdsolos_public_carbono_organico:17838218754171b52c404d098383d76b33a0f69f6bbf10c.csv:811:13027:43962:65-100:carbon_content;bdsolos_embrapa;bdsolos_public_carbono_organico;811:13027:43962;-22.551111111111112;-42.28472222222222;-42.28472222222222;-22.551111111111112;EPSG:4326;Brazil;RJ;1998-10-27;1998;1998;1998;65;100;35;4;Não informado;;;1.28;0.057;;;;;;carbon_content;4;g/kg;reported_bdsolos_carbono_organico_g_kg;ok;dup-000676;duplicate;removed_confirmed_duplicate:exact_scientific_match:bdsolos_embrapa
bdsolos_embrapa:bdsolos_public_carbono_organico:17838218754171b52c404d098383d76b33a0f69f6bbf10c.csv:811:13027:43963:100-150:carbon_content;bdsolos_embrapa;bdsolos_public_carbono_organico;811:13027:43963;-22.551111111111112;-42.28472222222222;-42.28472222222222;-22.551111111111112;EPSG:4326;Brazil;RJ;1998-10-27;1998;1998;1998;100;150;50;3.5;Não informado;;;1.34;0.071;;;;;;carbon_content;3.5;g/kg;reported_bdsolos_carbono_organico_g_kg;ok;dup-000673;duplicate;removed_confirmed_duplicate:exact_scientific_match:bdsolos_embrapa
bdsolos_embrapa:bdsolos_public_carbono_organico:17838218754171b52c404d098383d76b33a0f69f6bbf10c.csv:811:13036:43989:0-10:carbon_content;bdsolos_embrapa;bdsolos_public_carbono_organico;811:13036:43989;-22.63611111111111;-42.395833333333336;-42.395833333333336;-22.63611111111111;EPSG:4326;Brazil;RJ;1991-09-24;1991;1991;1991;0;10;10;18.2;Não informado;;;;0.07;;;;;;carbon_content;18.2;g/kg;reported_bdsolos_carbono_organico_g_kg;ok;dup-000717;duplicate;removed_confirmed_duplicate:exact_scientific_match:bdsolos_embrapa
bdsolos_embrapa:bdsolos_public_carbono_organico:17838218754171b52c404d098383d76b33a0f69f6bbf10c.csv:811:13036:43990:40-80:carbon_content;bdsolos_embrapa;bdsolos_public_carbono_organico;811:13036:43990;-22.63611111111111;-42.395833333333336;-42.395833333333336;-22.63611111111111;EPSG:4326;Brazil;RJ;1991-09-24;1991;1991;1991;40;80;40;8.4;Não informado;;;;0.03;;;;;;carbon_content;8.4;g/kg;reported_bdsolos_carbono_organico_g_kg;ok;dup-000718;duplicate;removed_confirmed_duplicate:exact_scientific_match:bdsolos_embrapa
bdsolos_embrapa:bdsolos_public_carbono_organico:17838218754171b52c404d098383d76b33a0f69f6bbf10c.csv:811:13056:44053:0-12:carbon_content;bdsolos_embrapa;bdsolos_public_carbono_organico;811:13056:44053;-22.522222222222222;-42.02916666666667;-42.02916666666667;-22.522222222222222;EPSG:4326;Brazil;RJ;1998-10-26;1998;1998;1998;0;12;12;17.6;Não informado;;;1.37;0.023;;;;;;carbon_content;17.6;g/kg;reported_bdsolos_carbono_organico_g_kg;ok;dup-000650;duplicate;removed_confirmed_duplicate:exact_scientific_match:bdsolos_embrapa
bdsolos_embrapa:bdsolos_public_carbono_organico:17838218754171b52c404d098383d76b33a0f69f6bbf10c.csv:811:13056:44054:12-32:carbon_content;bdsolos_embrapa;bdsolos_public_carbono_organico;811:13056:44054;-22.522222222222222;-42.02916666666667;-42.02916666666667;-22.522222222222222;EPSG:4326;Brazil;RJ;1998-10-26;1998;1998;1998;12;32;20;6.4;Não informado;;;1.43;0.015;;;;;;carbon_content;6.4;g/kg;reported_bdsolos_carbono_organico_g_kg;ok;dup-000651;duplicate;removed_confirmed_duplicate:exact_scientific_match:bdsolos_embrapa
bdsolos_embrapa:bdsolos_public_carbono_organico:17838218754171b52c404d098383d76b33a0f69f6bbf10c.csv:811:13056:44055:32-68:carbon_content;bdsolos_embrapa;bdsolos_public_carbono_organico;811:13056:44055;-22.522222222222222;-42.02916666666667;-42.02916666666667;-22.522222222222222;EPSG:4326;Brazil;RJ;1998-10-26;1998;1998;1998;32;68;36;4.6;Não informado;;;1.28;0.018;;;;;;carbon_content;4.6;g/kg;reported_bdsolos_carbono_organico_g_kg;ok;dup-000652;duplicate;removed_confirmed_duplicate:exact_scientific_match:bdsolos_embrapa
bdsolos_embrapa:bdsolos_public_carbono_organico:17838218754171b52c404d098383d76b33a0f69f6bbf10c.csv:811:13056:44056:68-127:carbon_content;bdsolos_embrapa;bdsolos_public_carbono_organico;811:13056:44056;-22.522222222222222;-42.02916666666667;-42.02916666666667;-22.522222222222222;EPSG:4326;Brazil;RJ;1998-10-26;1998;1998;1998;68;127;59;5;Não informado;;;1.1;0.011;;;;;;carbon_content;5;g/kg;reported_bdsolos_carbono_organico_g_kg;ok;dup-000653;duplicate;removed_confirmed_duplicate:exact_scientific_match:bdsolos_embrapa
bdsolos_embrapa:bdsolos_public_carbono_organico:17838218754171b52c404d098383d76b33a0f69f6bbf10c.csv:811:13070:44094:0-10:carbon_content;bdsolos_embrapa;bdsolos_public_carbono_organico;811:13070:44094;-22.702777777777776;-42.08888888888889;-42.08888888888889;-22.702777777777776;EPSG:4326;Brazil;RJ;1987-06-23;1987;1987;1987;0;10;10;51.4;Não informado;;;;;;;;;;carbon_content;51.4;g/kg;reported_bdsolos_carbono_organico_g_kg;ok;dup-000752;duplicate;removed_confirmed_duplicate:exact_scientific_match:bdsolos_embrapa
bdsolos_embrapa:bdsolos_public_carbono_organico:17838218754171b52c404d098383d76b33a0f69f6bbf10c.csv:811:13070:44095:10-50:carbon_content;bdsolos_embrapa;bdsolos_public_carbono_organico;811:13070:44095;-22.702777777777776;-42.08888888888889;-42.08888888888889;-22.702777777777776;EPSG:4326;Brazil;RJ;1987-06-23;1987;1987;1987;10;50;40;15.9;Não informado;;;;;;;;;;carbon_content;15.9;g/kg;reported_bdsolos_carbono_organico_g_kg;ok;dup-000753;duplicate;removed_confirmed_duplicate:exact_scientific_match:bdsolos_embrapa
bdsolos_embrapa:bdsolos_public_carbono_organico:17838218754171b52c404d098383d76b33a0f69f6bbf10c.csv:811:13070:44096:50-90:carbon_content;bdsolos_embrapa;bdsolos_public_carbono_organico;811:13070:44096;-22.702777777777776;-42.08888888888889;-42.08888888888889;-22.702777777777776;EPSG:4326;Brazil;RJ;1987-06-23;1987;1987;1987;50;90;40;8.2;Não informado;;;;;;;;;;carbon_content;8.2;g/kg;reported_bdsolos_carbono_organico_g_kg;ok;dup-000754;duplicate;removed_confirmed_duplicate:exact_scientific_match:bdsolos_embrapa
bdsolos_embrapa:bdsolos_public_carbono_organico:17838218754171b52c404d098383d76b33a0f69f6bbf10c.csv:811:13079:44128:0-25:carbon_content;bdsolos_embrapa;bdsolos_public_carbono_organico;811:13079:44128;-22.73611111111111;-42.05555555555555;-42.05555555555555;-22.73611111111111;EPSG:4326;Brazil;RJ;1987-04-23;1987;1987;1987;0;25;25;6.8;Não informado;;;1.41;0.04;;;;;;carbon_content;6.8;g/kg;reported_bdsolos_carbono_organico_g_kg;ok;dup-000755;duplicate;removed_confirmed_duplicate:exact_scientific_match:bdsolos_embrapa
bdsolos_embrapa:bdsolos_public_carbono_organico:17838218754171b52c404d098383d76b33a0f69f6bbf10c.csv:811:13079:44129:25-45:carbon_content;bdsolos_embrapa;bdsolos_public_carbono_organico;811:13079:44129;-22.73611111111111;-42.05555555555555;-42.05555555555555;-22.73611111111111;EPSG:4326;Brazil;RJ;1987-04-23;1987;1987;1987;25;45;20;3.5;Não informado;;;1.5;0.04;;;;;;carbon_content;3.5;g/kg;reported_bdsolos_carbono_organico_g_kg;ok;dup-000757;duplicate;removed_confirmed_duplicate:exact_scientific_match:bdsolos_embrapa
bdsolos_embrapa:bdsolos_public_carbono_organico:17838218754171b52c404d098383d76b33a0f69f6bbf10c.csv:811:13079:44130:45-70:carbon_content;bdsolos_embrapa;bdsolos_public_carbono_organico;811:13079:44130;-22.73611111111111;-42.05555555555555;-42.05555555555555;-22.73611111111111;EPSG:4326;Brazil;RJ;1987-04-23;1987;1987;1987;45;70;25;2.8;Não informado;;;1.57;0.06;;;;;;carbon_content;2.8;g/kg;reported_bdsolos_carbono_organico_g_kg;ok;dup-000758;duplicate;removed_confirmed_duplicate:exact_scientific_match:bdsolos_embrapa
bdsolos_embrapa:bdsolos_public_carbono_organico:17838218754171b52c404d098383d76b33a0f69f6bbf10c.csv:811:13079:44132:170-210:carbon_content;bdsolos_embrapa;bdsolos_public_carbono_organico;811:13079:44132;-22.73611111111111;-42.05555555555555;-42.05555555555555;-22.73611111111111;EPSG:4326;Brazil;RJ;1987-04-23;1987;1987;1987;170;210;40;2.1;Não informado;;;;0.03;;;;;;carbon_content;2.1;g/kg;reported_bdsolos_carbono_organico_g_kg;ok;dup-000756;duplicate;removed_confirmed_duplicate:exact_scientific_match:bdsolos_embrapa
bdsolos_embrapa:bdsolos_public_carbono_organico:17838218754171b52c404d098383d76b33a0f69f6bbf10c.csv:811:13104:44219:0-9:carbon_content;bdsolos_embrapa;bdsolos_public_carbono_organico;811:13104:44219;-22.605;-42.38;-42.38;-22.605;EPSG:4326;Brazil;RJ;1998-10-28;1998;1998;1998;0;9;9;17.2;Não informado;;;1.26;;;;;;;carbon_content;17.2;g/kg;reported_bdsolos_carbono_organico_g_kg;ok;dup-000700;duplicate;removed_confirmed_duplicate:exact_scientific_match:bdsolos_embrapa
bdsolos_embrapa:bdsolos_public_carbono_organico:17838218754171b52c404d098383d76b33a0f69f6bbf10c.csv:811:13104:44220:9-25:carbon_content;bdsolos_embrapa;bdsolos_public_carbono_organico;811:13104:44220;-22.605;-42.38;-42.38;-22.605;EPSG:4326;Brazil;RJ;1998-10-28;1998;1998;1998;9;25;16;6.5;Não informado;;;1.5;0.019;;;;;;carbon_content;6.5;g/kg;reported_bdsolos_carbono_organico_g_kg;ok;dup-000704;duplicate;removed_confirmed_duplicate:exact_scientific_match:bdsolos_embrapa
bdsolos_embrapa:bdsolos_public_carbono_organico:17838218754171b52c404d098383d76b33a0f69f6bbf10c.csv:811:13104:44221:25-62:carbon_content;bdsolos_embrapa;bdsolos_public_carbono_organico;811:13104:44221;-22.605;-42.38;-42.38;-22.605;EPSG:4326;Brazil;RJ;1998-10-28;1998;1998;1998;25;62;37;1.8;Não informado;;;1.66;0.023;;;;;;carbon_content;1.8;g/kg;reported_bdsolos_carbono_organico_g_kg;ok;dup-000702;duplicate;removed_confirmed_duplicate:exact_scientific_match:bdsolos_embrapa
bdsolos_embrapa:bdsolos_public_carbono_organico:17838218754171b52c404d098383d76b33a0f69f6bbf10c.csv:811:13104:44222:62-110:carbon_content;bdsolos_embrapa;bdsolos_public_carbono_organico;811:13104:44222;-22.605;-42.38;-42.38;-22.605;EPSG:4326;Brazil;RJ;1998-10-28;1998;1998;1998;62;110;48;2;Não informado;;;;0.025;;;;;;carbon_content;2;g/kg;reported_bdsolos_carbono_organico_g_kg;ok;dup-000703;duplicate;removed_confirmed_duplicate:exact_scientific_match:bdsolos_embrapa
bdsolos_embrapa:bdsolos_public_carbono_organico:17838218754171b52c404d098383d76b33a0f69f6bbf10c.csv:811:13104:44223:110-150:carbon_content;bdsolos_embrapa;bdsolos_public_carbono_organico;811:13104:44223;-22.605;-42.38;-42.38;-22.605;EPSG:4326;Brazil;RJ;1998-10-28;1998;1998;1998;110;150;40;1.8;Não informado;;;;0.013;;;;;;carbon_content;1.8;g/kg;reported_bdsolos_carbono_organico_g_kg;ok;dup-000701;duplicate;removed_confirmed_duplicate:exact_scientific_match:bdsolos_embrapa
bdsolos_embrapa:bdsolos_public_carbono_organico:17838218754171b52c404d098383d76b33a0f69f6bbf10c.csv:811:13108:44232:0-11:carbon_content;bdsolos_embrapa;bdsolos_public_carbono_organico;811:13108:44232;-22.93888888888889;-42.23888888888889;-42.23888888888889;-22.93888888888889;EPSG:4326;Brazil;RJ;1998-11-04;1998;1998;1998;0;11;11;2.5;Não informado;;;1.5;;;;;;;carbon_content;2.5;g/kg;reported_bdsolos_carbono_organico_g_kg;ok;dup-000818;duplicate;removed_confirmed_duplicate:exact_scientific_match:bdsolos_embrapa
bdsolos_embrapa:bdsolos_public_carbono_organico:17838218754171b52c404d098383d76b33a0f69f6bbf10c.csv:811:13108:44233:11-58:carbon_content;bdsolos_embrapa;bdsolos_public_carbono_organico;811:13108:44233;-22.93888888888889;-42.23888888888889;-42.23888888888889;-22.93888888888889;EPSG:4326;Brazil;RJ;1998-11-04;1998;1998;1998;11;58;47;0.8;Não informado;;;1.54;;;;;;;carbon_content;0.8;g/kg;reported_bdsolos_carbono_organico_g_kg;ok;dup-000819;duplicate;removed_confirmed_duplicate:exact_scientific_match:bdsolos_embrapa
bdsolos_embrapa:bdsolos_public_carbono_organico:17838218754171b52c404d098383d76b33a0f69f6bbf10c.csv:811:13108:44234:58-115:carbon_content;bdsolos_embrapa;bdsolos_public_carbono_organico;811:13108:44234;-22.93888888888889;-42.23888888888889;-42.23888888888889;-22.93888888888889;EPSG:4326;Brazil;RJ;1998-11-04;1998;1998;1998;58;115;57;0.4;Não informado;;;1.4;;;;;;;carbon_content;0.4;g/kg;reported_bdsolos_carbono_organico_g_kg;ok;dup-000821;duplicate;removed_confirmed_duplicate:exact_scientific_match:bdsolos_embrapa
bdsolos_embrapa:bdsolos_public_carbono_organico:17838218754171b52c404d098383d76b33a0f69f6bbf10c.csv:811:13108:44235:115-150:carbon_content;bdsolos_embrapa;bdsolos_public_carbono_organico;811:13108:44235;-22.93888888888889;-42.23888888888889;-42.23888888888889;-22.93888888888889;EPSG:4326;Brazil;RJ;1998-11-04;1998;1998;1998;115;150;35;0.6;Não informado;;;1.44;;;;;;;carbon_content;0.6;g/kg;reported_bdsolos_carbono_organico_g_kg;ok;dup-000820;duplicate;removed_confirmed_duplicate:exact_scientific_match:bdsolos_embrapa
bdsolos_embrapa:bdsolos_public_carbono_organico:17838218754171b52c404d098383d76b33a0f69f6bbf10c.csv:811:13122:44284:0-20:carbon_content;bdsolos_embrapa;bdsolos_public_carbono_organico;811:13122:44284;-22.833333333333332;-42.083333333333336;-42.083333333333336;-22.833333333333332;EPSG:4326;Brazil;RJ;1978-03-30;1978;1978;1978;0;20;20;4.1;Não informado;;;;;;;;;;carbon_content;4.1;g/kg;reported_bdsolos_carbono_organico_g_kg;ok;dup-000778;duplicate;removed_confirmed_duplicate:exact_scientific_match:bdsolos_embrapa
bdsolos_embrapa:bdsolos_public_carbono_organico:17838218754171b52c404d098383d76b33a0f69f6bbf10c.csv:811:13122:44286:46-70:carbon_content;bdsolos_embrapa;bdsolos_public_carbono_organico;811:13122:44286;-22.833333333333332;-42.083333333333336;-42.083333333333336;-22.833333333333332;EPSG:4326;Brazil;RJ;1978-03-30;1978;1978;1978;46;70;24;1.5;Não informado;;;;0.02;;;;;;carbon_content;1.5;g/kg;reported_bdsolos_carbono_organico_g_kg;ok;dup-000783;duplicate;removed_confirmed_duplicate:exact_scientific_match:bdsolos_embrapa
bdsolos_embrapa:bdsolos_public_carbono_organico:17838218754171b52c404d098383d76b33a0f69f6bbf10c.csv:811:13122:44288:100-175:carbon_content;bdsolos_embrapa;bdsolos_public_carbono_organico;811:13122:44288;-22.833333333333332;-42.083333333333336;-42.083333333333336;-22.833333333333332;EPSG:4326;Brazil;RJ;1978-03-30;1978;1978;1978;100;175;75;0.4;Não informado;;;;0.01;;;;;;carbon_content;0.4;g/kg;reported_bdsolos_carbono_organico_g_kg;ok;dup-000780;duplicate;removed_confirmed_duplicate:exact_scientific_match:bdsolos_embrapa
bdsolos_embrapa:bdsolos_public_carbono_organico:17838218754171b52c404d098383d76b33a0f69f6bbf10c.csv:817:13268:44805:0-10:carbon_content;bdsolos_embrapa;bdsolos_public_carbono_organico;817:13268:44805;-14.616666666666667;-57.53333333333333;-57.53333333333333;-14.616666666666667;EPSG:4326;Brazil;MT;1981-10-09;1981;1981;1981;0;10;10;46.7;Não informado;;;1;;;;;;;carbon_content;46.7;g/kg;reported_bdsolos_carbono_organico_g_kg;ok;dup-000180;duplicate;removed_confirmed_duplicate:exact_scientific_match:bdsolos_embrapa
bdsolos_embrapa:bdsolos_public_carbono_organico:17838218754171b52c404d098383d76b33a0f69f6bbf10c.csv:817:13268:44806:10-20:carbon_content;bdsolos_embrapa;bdsolos_public_carbono_organico;817:13268:44806;-14.616666666666667;-57.53333333333333;-57.53333333333333;-14.616666666666667;EPSG:4326;Brazil;MT;1981-10-09;1981;1981;1981;10;20;10;23.7;Não informado;;;1.13;;;;;;;carbon_content;23.7;g/kg;reported_bdsolos_carbono_organico_g_kg;ok;dup-000181;duplicate;removed_confirmed_duplicate:exact_scientific_match:bdsolos_embrapa
bdsolos_embrapa:bdsolos_public_carbono_organico:17838218754171b52c404d098383d76b33a0f69f6bbf10c.csv:817:13268:44807:20-45:carbon_content;bdsolos_embrapa;bdsolos_public_carbono_organico;817:13268:44807;-14.616666666666667;-57.53333333333333;-57.53333333333333;-14.616666666666667;EPSG:4326;Brazil;MT;1981-10-09;1981;1981;1981;20;45;25;15;Não informado;;;1.18;;;;;;;carbon_content;15;g/kg;reported_bdsolos_carbono_organico_g_kg;ok;dup-000182;duplicate;removed_confirmed_duplicate:exact_scientific_match:bdsolos_embrapa
bdsolos_embrapa:bdsolos_public_carbono_organico:17838218754171b52c404d098383d76b33a0f69f6bbf10c.csv:817:13268:44808:45-85:carbon_content;bdsolos_embrapa;bdsolos_public_carbono_organico;817:13268:44808;-14.616666666666667;-57.53333333333333;-57.53333333333333;-14.616666666666667;EPSG:4326;Brazil;MT;1981-10-09;1981;1981;1981;45;85;40;11.1;Não informado;;;1.11;;;;;;;carbon_content;11.1;g/kg;reported_bdsolos_carbono_organico_g_kg;ok;dup-000183;duplicate;removed_confirmed_duplicate:exact_scientific_match:bdsolos_embrapa
bdsolos_embrapa:bdsolos_public_carbono_organico:17838218754171b52c404d098383d76b33a0f69f6bbf10c.csv:817:13268:44809:85-130:carbon_content;bdsolos_embrapa;bdsolos_public_carbono_organico;817:13268:44809;-14.616666666666667;-57.53333333333333;-57.53333333333333;-14.616666666666667;EPSG:4326;Brazil;MT;1981-10-09;1981;1981;1981;85;130;45;8.4;Não informado;;;1.1;;;;;;;carbon_content;8.4;g/kg;reported_bdsolos_carbono_organico_g_kg;ok;dup-000184;duplicate;removed_confirmed_duplicate:exact_scientific_match:bdsolos_embrapa
bdsolos_embrapa:bdsolos_public_carbono_organico:17838218834171bbbe92df50cfecbc67822275b17e67962.csv:829:13898:46121:0-8:carbon_content;bdsolos_embrapa;bdsolos_public_carbono_organico;829:13898:46121;-8.336944444444445;-61.748666666666665;-61.748666666666665;-8.336944444444445;EPSG:4326;Brazil;AM;1999-08-31;1999;1999;1999;0;8;8;2.7;Não informado;;;1.6;;;;;;;carbon_content;2.7;g/kg;reported_bdsolos_carbono_organico_g_kg;ok;dup-001539;duplicate;removed_confirmed_duplicate:exact_scientific_match:bdsolos_embrapa
bdsolos_embrapa:bdsolos_public_carbono_organico:17838218834171bbbe92df50cfecbc67822275b17e67962.csv:829:13898:46122:8-23:carbon_content;bdsolos_embrapa;bdsolos_public_carbono_organico;829:13898:46122;-8.336944444444445;-61.748666666666665;-61.748666666666665;-8.336944444444445;EPSG:4326;Brazil;AM;1999-08-31;1999;1999;1999;8;23;15;1.2;Não informado;;;1.68;;;;;;;carbon_content;1.2;g/kg;reported_bdsolos_carbono_organico_g_kg;ok;dup-001542;duplicate;removed_confirmed_duplicate:exact_scientific_match:bdsolos_embrapa
bdsolos_embrapa:bdsolos_public_carbono_organico:17838218834171bbbe92df50cfecbc67822275b17e67962.csv:829:13898:46124:40-87:carbon_content;bdsolos_embrapa;bdsolos_public_carbono_organico;829:13898:46124;-8.336944444444445;-61.748666666666665;-61.748666666666665;-8.336944444444445;EPSG:4326;Brazil;AM;1999-08-31;1999;1999;1999;40;87;47;1.3;Não informado;;;1.36;;;;;;;carbon_content;1.3;g/kg;reported_bdsolos_carbono_organico_g_kg;ok;dup-001541;duplicate;removed_confirmed_duplicate:exact_scientific_match:bdsolos_embrapa
bdsolos_embrapa:bdsolos_public_carbono_organico:17838218834171bbbe92df50cfecbc67822275b17e67962.csv:829:13898:46125:87-132:carbon_content;bdsolos_embrapa;bdsolos_public_carbono_organico;829:13898:46125;-8.336944444444445;-61.748666666666665;-61.748666666666665;-8.336944444444445;EPSG:4326;Brazil;AM;1999-08-31;1999;1999;1999;87;132;45;0.5;Não informado;;;1.31;;;;;;;carbon_content;0.5;g/kg;reported_bdsolos_carbono_organico_g_kg;ok;dup-001543;duplicate;removed_confirmed_duplicate:exact_scientific_match:bdsolos_embrapa
bdsolos_embrapa:bdsolos_public_carbono_organico:17838218834171bbbe92df50cfecbc67822275b17e67962.csv:829:13898:46126:132-150:carbon_content;bdsolos_embrapa;bdsolos_public_carbono_organico;829:13898:46126;-8.336944444444445;-61.748666666666665;-61.748666666666665;-8.336944444444445;EPSG:4326;Brazil;AM;1999-08-31;1999;1999;1999;132;150;18;0.6;Não informado;;;1.29;;;;;;;carbon_content;0.6;g/kg;reported_bdsolos_carbono_organico_g_kg;ok;dup-001540;duplicate;removed_confirmed_duplicate:exact_scientific_match:bdsolos_embrapa
bdsolos_embrapa:bdsolos_public_carbono_organico:17838218834171bbbe92df50cfecbc67822275b17e67962.csv:829:13899:46127:0-14:carbon_content;bdsolos_embrapa;bdsolos_public_carbono_organico;829:13899:46127;-7.859416666666666;-61.29961111111111;-61.29961111111111;-7.859416666666666;EPSG:4326;Brazil;AM;1999-09-02;1999;1999;1999;0;14;14;28.5;Não informado;;;1.26;;;;;;;carbon_content;28.5;g/kg;reported_bdsolos_carbono_organico_g_kg;ok;dup-001429;duplicate;removed_confirmed_duplicate:exact_scientific_match:bdsolos_embrapa
bdsolos_embrapa:bdsolos_public_carbono_organico:17838218834171bbbe92df50cfecbc67822275b17e67962.csv:829:13899:46128:14-26:carbon_content;bdsolos_embrapa;bdsolos_public_carbono_organico;829:13899:46128;-7.859416666666666;-61.29961111111111;-61.29961111111111;-7.859416666666666;EPSG:4326;Brazil;AM;1999-09-02;1999;1999;1999;14;26;12;20.8;Não informado;;;1.23;0.037;;;;;;carbon_content;20.8;g/kg;reported_bdsolos_carbono_organico_g_kg;ok;dup-001431;duplicate;removed_confirmed_duplicate:exact_scientific_match:bdsolos_embrapa
bdsolos_embrapa:bdsolos_public_carbono_organico:17838218834171bbbe92df50cfecbc67822275b17e67962.csv:829:13899:46129:26-50:carbon_content;bdsolos_embrapa;bdsolos_public_carbono_organico;829:13899:46129;-7.859416666666666;-61.29961111111111;-61.29961111111111;-7.859416666666666;EPSG:4326;Brazil;AM;1999-09-02;1999;1999;1999;26;50;24;12.7;Não informado;;;1.4;0.014;;;;;;carbon_content;12.7;g/kg;reported_bdsolos_carbono_organico_g_kg;ok;dup-001432;duplicate;removed_confirmed_duplicate:exact_scientific_match:bdsolos_embrapa
bdsolos_embrapa:bdsolos_public_carbono_organico:17838218834171bbbe92df50cfecbc67822275b17e67962.csv:829:13899:46130:50-70:carbon_content;bdsolos_embrapa;bdsolos_public_carbono_organico;829:13899:46130;-7.859416666666666;-61.29961111111111;-61.29961111111111;-7.859416666666666;EPSG:4326;Brazil;AM;1999-09-02;1999;1999;1999;50;70;20;6;Não informado;;;1.46;;;;;;;carbon_content;6;g/kg;reported_bdsolos_carbono_organico_g_kg;ok;dup-001433;duplicate;removed_confirmed_duplicate:exact_scientific_match:bdsolos_embrapa
bdsolos_embrapa:bdsolos_public_carbono_organico:17838218834171bbbe92df50cfecbc67822275b17e67962.csv:829:13899:46131:70-113:carbon_content;bdsolos_embrapa;bdsolos_public_carbono_organico;829:13899:46131;-7.859416666666666;-61.29961111111111;-61.29961111111111;-7.859416666666666;EPSG:4326;Brazil;AM;1999-09-02;1999;1999;1999;70;113;43;3.3;Não informado;;;1.46;;;;;;;carbon_content;3.3;g/kg;reported_bdsolos_carbono_organico_g_kg;ok;dup-001434;duplicate;removed_confirmed_duplicate:exact_scientific_match:bdsolos_embrapa
bdsolos_embrapa:bdsolos_public_carbono_organico:17838218834171bbbe92df50cfecbc67822275b17e67962.csv:829:13899:46132:113-140:carbon_content;bdsolos_embrapa;bdsolos_public_carbono_organico;829:13899:46132;-7.859416666666666;-61.29961111111111;-61.29961111111111;-7.859416666666666;EPSG:4326;Brazil;AM;1999-09-02;1999;1999;1999;113;140;27;2.5;Não informado;;;1.44;;;;;;;carbon_content;2.5;g/kg;reported_bdsolos_carbono_organico_g_kg;ok;dup-001430;duplicate;removed_confirmed_duplicate:exact_scientific_match:bdsolos_embrapa
bdsolos_embrapa:bdsolos_public_carbono_organico:17838218834171bbbe92df50cfecbc67822275b17e67962.csv:829:13900:46135:0-8:carbon_content;bdsolos_embrapa;bdsolos_public_carbono_organico;829:13900:46135;-7.484666666666667;-63.77388888888889;-63.77388888888889;-7.484666666666667;EPSG:4326;Brazil;AM;1999-08-26;1999;1999;1999;0;8;8;44.7;Não informado;;;0.88;;;;;;;carbon_content;44.7;g/kg;reported_bdsolos_carbono_organico_g_kg;ok;dup-001328;duplicate;removed_confirmed_duplicate:exact_scientific_match:bdsolos_embrapa
bdsolos_embrapa:bdsolos_public_carbono_organico:17838218834171bbbe92df50cfecbc67822275b17e67962.csv:829:13900:46136:8-15:carbon_content;bdsolos_embrapa;bdsolos_public_carbono_organico;829:13900:46136;-7.484666666666667;-63.77388888888889;-63.77388888888889;-7.484666666666667;EPSG:4326;Brazil;AM;1999-08-26;1999;1999;1999;8;15;7;15.7;Não informado;;;1.31;0.003;;;;;;carbon_content;15.7;g/kg;reported_bdsolos_carbono_organico_g_kg;ok;dup-001333;duplicate;removed_confirmed_duplicate:exact_scientific_match:bdsolos_embrapa
bdsolos_embrapa:bdsolos_public_carbono_organico:17838218834171bbbe92df50cfecbc67822275b17e67962.csv:829:13900:46137:15-25:carbon_content;bdsolos_embrapa;bdsolos_public_carbono_organico;829:13900:46137;-7.484666666666667;-63.77388888888889;-63.77388888888889;-7.484666666666667;EPSG:4326;Brazil;AM;1999-08-26;1999;1999;1999;15;25;10;10.6;Não informado;;;1.3;0.003;;;;;;carbon_content;10.6;g/kg;reported_bdsolos_carbono_organico_g_kg;ok;dup-001330;duplicate;removed_confirmed_duplicate:exact_scientific_match:bdsolos_embrapa
bdsolos_embrapa:bdsolos_public_carbono_organico:17838218834171bbbe92df50cfecbc67822275b17e67962.csv:829:13900:46138:25-50:carbon_content;bdsolos_embrapa;bdsolos_public_carbono_organico;829:13900:46138;-7.484666666666667;-63.77388888888889;-63.77388888888889;-7.484666666666667;EPSG:4326;Brazil;AM;1999-08-26;1999;1999;1999;25;50;25;6;Não informado;;;1.44;0.008;;;;;;carbon_content;6;g/kg;reported_bdsolos_carbono_organico_g_kg;ok;dup-001331;duplicate;removed_confirmed_duplicate:exact_scientific_match:bdsolos_embrapa
bdsolos_embrapa:bdsolos_public_carbono_organico:17838218834171bbbe92df50cfecbc67822275b17e67962.csv:829:13900:46139:50-80:carbon_content;bdsolos_embrapa;bdsolos_public_carbono_organico;829:13900:46139;-7.484666666666667;-63.77388888888889;-63.77388888888889;-7.484666666666667;EPSG:4326;Brazil;AM;1999-08-26;1999;1999;1999;50;80;30;4;Não informado;;;1.43;0.025;;;;;;carbon_content;4;g/kg;reported_bdsolos_carbono_organico_g_kg;ok;dup-001332;duplicate;removed_confirmed_duplicate:exact_scientific_match:bdsolos_embrapa
bdsolos_embrapa:bdsolos_public_carbono_organico:17838218834171bbbe92df50cfecbc67822275b17e67962.csv:829:13900:46140:80-110:carbon_content;bdsolos_embrapa;bdsolos_public_carbono_organico;829:13900:46140;-7.484666666666667;-63.77388888888889;-63.77388888888889;-7.484666666666667;EPSG:4326;Brazil;AM;1999-08-26;1999;1999;1999;80;110;30;3.4;Não informado;;;1.35;0.013;;;;;;carbon_content;3.4;g/kg;reported_bdsolos_carbono_organico_g_kg;ok;dup-001334;duplicate;removed_confirmed_duplicate:exact_scientific_match:bdsolos_embrapa
bdsolos_embrapa:bdsolos_public_carbono_organico:17838218834171bbbe92df50cfecbc67822275b17e67962.csv:829:13900:46141:110-250:carbon_content;bdsolos_embrapa;bdsolos_public_carbono_organico;829:13900:46141;-7.484666666666667;-63.77388888888889;-63.77388888888889;-7.484666666666667;EPSG:4326;Brazil;AM;1999-08-26;1999;1999;1999;110;250;140;2.4;Não informado;;;1.34;0.007;;;;;;carbon_content;2.4;g/kg;reported_bdsolos_carbono_organico_g_kg;ok;dup-001329;duplicate;removed_confirmed_duplicate:exact_scientific_match:bdsolos_embrapa
bdsolos_embrapa:bdsolos_public_carbono_organico:17838218834171bbbe92df50cfecbc67822275b17e67962.csv:829:13901:46142:0-26:carbon_content;bdsolos_embrapa;bdsolos_public_carbono_organico;829:13901:46142;-7.597361111111111;-62.72955555555556;-62.72955555555556;-7.597361111111111;EPSG:4326;Brazil;AM;1999-08-30;1999;1999;1999;0;26;26;7.4;Não informado;;;1.66;;;;;;;carbon_content;7.4;g/kg;reported_bdsolos_carbono_organico_g_kg;ok;dup-001346;duplicate;removed_confirmed_duplicate:exact_scientific_match:bdsolos_embrapa
bdsolos_embrapa:bdsolos_public_carbono_organico:17838218834171bbbe92df50cfecbc67822275b17e67962.csv:829:13901:46143:26-40:carbon_content;bdsolos_embrapa;bdsolos_public_carbono_organico;829:13901:46143;-7.597361111111111;-62.72955555555556;-62.72955555555556;-7.597361111111111;EPSG:4326;Brazil;AM;1999-08-30;1999;1999;1999;26;40;14;2.7;Não informado;;;1.76;0.009;;;;;;carbon_content;2.7;g/kg;reported_bdsolos_carbono_organico_g_kg;ok;dup-001350;duplicate;removed_confirmed_duplicate:exact_scientific_match:bdsolos_embrapa
bdsolos_embrapa:bdsolos_public_carbono_organico:17838218834171bbbe92df50cfecbc67822275b17e67962.csv:829:13901:46144:40-110:carbon_content;bdsolos_embrapa;bdsolos_public_carbono_organico;829:13901:46144;-7.597361111111111;-62.72955555555556;-62.72955555555556;-7.597361111111111;EPSG:4326;Brazil;AM;1999-08-30;1999;1999;1999;40;110;70;0.3;Não informado;;;1.83;0.009;;;;;;carbon_content;0.3;g/kg;reported_bdsolos_carbono_organico_g_kg;ok;dup-001351;duplicate;removed_confirmed_duplicate:exact_scientific_match:bdsolos_embrapa
bdsolos_embrapa:bdsolos_public_carbono_organico:17838218834171bbbe92df50cfecbc67822275b17e67962.csv:829:13901:46145:110-190:carbon_content;bdsolos_embrapa;bdsolos_public_carbono_organico;829:13901:46145;-7.597361111111111;-62.72955555555556;-62.72955555555556;-7.597361111111111;EPSG:4326;Brazil;AM;1999-08-30;1999;1999;1999;110;190;80;0.3;Não informado;;;1.86;0.022;;;;;;carbon_content;0.3;g/kg;reported_bdsolos_carbono_organico_g_kg;ok;dup-001347;duplicate;removed_confirmed_duplicate:exact_scientific_match:bdsolos_embrapa
bdsolos_embrapa:bdsolos_public_carbono_organico:17838218834171bbbe92df50cfecbc67822275b17e67962.csv:829:13901:46146:190-240:carbon_content;bdsolos_embrapa;bdsolos_public_carbono_organico;829:13901:46146;-7.597361111111111;-62.72955555555556;-62.72955555555556;-7.597361111111111;EPSG:4326;Brazil;AM;1999-08-30;1999;1999;1999;190;240;50;0.2;Não informado;;;1.66;0.013;;;;;;carbon_content;0.2;g/kg;reported_bdsolos_carbono_organico_g_kg;ok;dup-001348;duplicate;removed_confirmed_duplicate:exact_scientific_match:bdsolos_embrapa
bdsolos_embrapa:bdsolos_public_carbono_organico:17838218834171bbbe92df50cfecbc67822275b17e67962.csv:829:13901:46147:240-270:carbon_content;bdsolos_embrapa;bdsolos_public_carbono_organico;829:13901:46147;-7.597361111111111;-62.72955555555556;-62.72955555555556;-7.597361111111111;EPSG:4326;Brazil;AM;1999-08-30;1999;1999;1999;240;270;30;3.4;Não informado;;;1.51;0.006;;;;;;carbon_content;3.4;g/kg;reported_bdsolos_carbono_organico_g_kg;ok;dup-001349;duplicate;removed_confirmed_duplicate:exact_scientific_match:bdsolos_embrapa
bdsolos_embrapa:bdsolos_public_carbono_organico:17838218834171bbbe92df50cfecbc67822275b17e67962.csv:829:13903:46166:0-10:carbon_content;bdsolos_embrapa;bdsolos_public_carbono_organico;829:13903:46166;-7.246222222222222;-59.924527777777776;-59.924527777777776;-7.246222222222222;EPSG:4326;Brazil;AM;1999-09-04;1999;1999;1999;0;10;10;39.2;Não informado;;;1;;;;;;;carbon_content;39.2;g/kg;reported_bdsolos_carbono_organico_g_kg;ok;dup-001272;duplicate;removed_confirmed_duplicate:exact_scientific_match:bdsolos_embrapa
bdsolos_embrapa:bdsolos_public_carbono_organico:17838218834171bbbe92df50cfecbc67822275b17e67962.csv:829:13903:46167:10-27:carbon_content;bdsolos_embrapa;bdsolos_public_carbono_organico;829:13903:46167;-7.246222222222222;-59.924527777777776;-59.924527777777776;-7.246222222222222;EPSG:4326;Brazil;AM;1999-09-04;1999;1999;1999;10;27;17;4.7;Não informado;;;1.11;;;;;;;carbon_content;4.7;g/kg;reported_bdsolos_carbono_organico_g_kg;ok;dup-001273;duplicate;removed_confirmed_duplicate:exact_scientific_match:bdsolos_embrapa
bdsolos_embrapa:bdsolos_public_carbono_organico:17838218834171bbbe92df50cfecbc67822275b17e67962.csv:829:13903:46168:27-59:carbon_content;bdsolos_embrapa;bdsolos_public_carbono_organico;829:13903:46168;-7.246222222222222;-59.924527777777776;-59.924527777777776;-7.246222222222222;EPSG:4326;Brazil;AM;1999-09-04;1999;1999;1999;27;59;32;3.7;Não informado;;;1.14;0.02;;;;;;carbon_content;3.7;g/kg;reported_bdsolos_carbono_organico_g_kg;ok;dup-001274;duplicate;removed_confirmed_duplicate:exact_scientific_match:bdsolos_embrapa
bdsolos_embrapa:bdsolos_public_carbono_organico:17838218834171bbbe92df50cfecbc67822275b17e67962.csv:829:13903:46169:59-90:carbon_content;bdsolos_embrapa;bdsolos_public_carbono_organico;829:13903:46169;-7.246222222222222;-59.924527777777776;-59.924527777777776;-7.246222222222222;EPSG:4326;Brazil;AM;1999-09-04;1999;1999;1999;59;90;31;3.1;Não informado;;;1.1;0.031;;;;;;carbon_content;3.1;g/kg;reported_bdsolos_carbono_organico_g_kg;ok;dup-001275;duplicate;removed_confirmed_duplicate:exact_scientific_match:bdsolos_embrapa
bdsolos_embrapa:bdsolos_public_carbono_organico:17838218834171bbbe92df50cfecbc67822275b17e67962.csv:829:13903:46170:90-200:carbon_content;bdsolos_embrapa;bdsolos_public_carbono_organico;829:13903:46170;-7.246222222222222;-59.924527777777776;-59.924527777777776;-7.246222222222222;EPSG:4326;Brazil;AM;1999-09-04;1999;1999;1999;90;200;110;1.9;Não informado;;;1.08;0.105;;;;;;carbon_content;1.9;g/kg;reported_bdsolos_carbono_organico_g_kg;ok;dup-001276;duplicate;removed_confirmed_duplicate:exact_scientific_match:bdsolos_embrapa
bdsolos_embrapa:bdsolos_public_carbono_organico:17838218834171bbbe92df50cfecbc67822275b17e67962.csv:829:13904:46172:0-15:carbon_content;bdsolos_embrapa;bdsolos_public_carbono_organico;829:13904:46172;-7.944333333333334;-63.146388888888886;-63.146388888888886;-7.944333333333334;EPSG:4326;Brazil;AM;2000-07-23;2000;2000;2000;0;15;15;8.9;Não informado;;;1.4;;;;;;;carbon_content;8.9;g/kg;reported_bdsolos_carbono_organico_g_kg;ok;dup-001454;duplicate;removed_confirmed_duplicate:exact_scientific_match:bdsolos_embrapa
bdsolos_embrapa:bdsolos_public_carbono_organico:17838218834171bbbe92df50cfecbc67822275b17e67962.csv:829:13904:46173:15-33:carbon_content;bdsolos_embrapa;bdsolos_public_carbono_organico;829:13904:46173;-7.944333333333334;-63.146388888888886;-63.146388888888886;-7.944333333333334;EPSG:4326;Brazil;AM;2000-07-23;2000;2000;2000;15;33;18;4;Não informado;;;1.53;;;;;;;carbon_content;4;g/kg;reported_bdsolos_carbono_organico_g_kg;ok;dup-001455;duplicate;removed_confirmed_duplicate:exact_scientific_match:bdsolos_embrapa
bdsolos_embrapa:bdsolos_public_carbono_organico:17838218834171bbbe92df50cfecbc67822275b17e67962.csv:829:13904:46174:33-50:carbon_content;bdsolos_embrapa;bdsolos_public_carbono_organico;829:13904:46174;-7.944333333333334;-63.146388888888886;-63.146388888888886;-7.944333333333334;EPSG:4326;Brazil;AM;2000-07-23;2000;2000;2000;33;50;17;2.9;Não informado;;;1.62;0.013;;;;;;carbon_content;2.9;g/kg;reported_bdsolos_carbono_organico_g_kg;ok;dup-001456;duplicate;removed_confirmed_duplicate:exact_scientific_match:bdsolos_embrapa
bdsolos_embrapa:bdsolos_public_carbono_organico:17838218834171bbbe92df50cfecbc67822275b17e67962.csv:829:13904:46175:50-93:carbon_content;bdsolos_embrapa;bdsolos_public_carbono_organico;829:13904:46175;-7.944333333333334;-63.146388888888886;-63.146388888888886;-7.944333333333334;EPSG:4326;Brazil;AM;2000-07-23;2000;2000;2000;50;93;43;2.1;Não informado;;;1.52;0.01;;;;;;carbon_content;2.1;g/kg;reported_bdsolos_carbono_organico_g_kg;ok;dup-001457;duplicate;removed_confirmed_duplicate:exact_scientific_match:bdsolos_embrapa
bdsolos_embrapa:bdsolos_public_carbono_organico:17838218834171bbbe92df50cfecbc67822275b17e67962.csv:829:13905:46180:60-80:carbon_content;bdsolos_embrapa;bdsolos_public_carbono_organico;829:13905:46180;-7.57236111111111;-63.27111111111111;-63.27111111111111;-7.57236111111111;EPSG:4326;Brazil;AM;2000-09-23;2000;2000;2000;60;80;20;3.8;Não informado;;;1.33;0.018;;;;;;carbon_content;3.8;g/kg;reported_bdsolos_carbono_organico_g_kg;ok;dup-001345;duplicate;removed_confirmed_duplicate:exact_scientific_match:bdsolos_embrapa
bdsolos_embrapa:bdsolos_public_carbono_organico:17838218834171bbbe92df50cfecbc67822275b17e67962.csv:829:13908:46188:0-10:carbon_content;bdsolos_embrapa;bdsolos_public_carbono_organico;829:13908:46188;-7.938416666666667;-61.59838888888889;-61.59838888888889;-7.938416666666667;EPSG:4326;Brazil;AM;2000-09-26;2000;2000;2000;0;10;10;23.8;Não informado;;;1.25;0.283;;;;;;carbon_content;23.8;g/kg;reported_bdsolos_carbono_organico_g_kg;ok;dup-001450;duplicate;removed_confirmed_duplicate:exact_scientific_match:bdsolos_embrapa
bdsolos_embrapa:bdsolos_public_carbono_organico:17838218834171bbbe92df50cfecbc67822275b17e67962.csv:829:13908:46189:10-34:carbon_content;bdsolos_embrapa;bdsolos_public_carbono_organico;829:13908:46189;-7.938416666666667;-61.59838888888889;-61.59838888888889;-7.938416666666667;EPSG:4326;Brazil;AM;2000-09-26;2000;2000;2000;10;34;24;6;Não informado;;;1.71;0.227;;;;;;carbon_content;6;g/kg;reported_bdsolos_carbono_organico_g_kg;ok;dup-001451;duplicate;removed_confirmed_duplicate:exact_scientific_match:bdsolos_embrapa
bdsolos_embrapa:bdsolos_public_carbono_organico:17838218834171bbbe92df50cfecbc67822275b17e67962.csv:829:13908:46190:34-96:carbon_content;bdsolos_embrapa;bdsolos_public_carbono_organico;829:13908:46190;-7.938416666666667;-61.59838888888889;-61.59838888888889;-7.938416666666667;EPSG:4326;Brazil;AM;2000-09-26;2000;2000;2000;34;96;62;2.7;Não informado;;;1.57;0.223;;;;;;carbon_content;2.7;g/kg;reported_bdsolos_carbono_organico_g_kg;ok;dup-001452;duplicate;removed_confirmed_duplicate:exact_scientific_match:bdsolos_embrapa
bdsolos_embrapa:bdsolos_public_carbono_organico:17838218834171bbbe92df50cfecbc67822275b17e67962.csv:829:13908:46191:96-125:carbon_content;bdsolos_embrapa;bdsolos_public_carbono_organico;829:13908:46191;-7.938416666666667;-61.59838888888889;-61.59838888888889;-7.938416666666667;EPSG:4326;Brazil;AM;2000-09-26;2000;2000;2000;96;125;29;2.4;Não informado;;;0;0.238;;;;;;carbon_content;2.4;g/kg;reported_bdsolos_carbono_organico_g_kg;ok;dup-001453;duplicate;removed_confirmed_duplicate:exact_scientific_match:bdsolos_embrapa
bdsolos_embrapa:bdsolos_public_carbono_organico:17838218834171bbbe92df50cfecbc67822275b17e67962.csv:829:13909:46192:0-12:carbon_content;bdsolos_embrapa;bdsolos_public_carbono_organico;829:13909:46192;-8.090722222222222;-61.52772222222222;-61.52772222222222;-8.090722222222222;EPSG:4326;Brazil;AM;2000-09-27;2000;2000;2000;0;12;12;23.4;Não informado;;;1.14;0.116;;;;;;carbon_content;23.4;g/kg;reported_bdsolos_carbono_organico_g_kg;ok;dup-001500;duplicate;removed_confirmed_duplicate:exact_scientific_match:bdsolos_embrapa
bdsolos_embrapa:bdsolos_public_carbono_organico:17838218834171bbbe92df50cfecbc67822275b17e67962.csv:829:13909:46193:12-32:carbon_content;bdsolos_embrapa;bdsolos_public_carbono_organico;829:13909:46193;-8.090722222222222;-61.52772222222222;-61.52772222222222;-8.090722222222222;EPSG:4326;Brazil;AM;2000-09-27;2000;2000;2000;12;32;20;9.9;Não informado;;;1.17;0.124;;;;;;carbon_content;9.9;g/kg;reported_bdsolos_carbono_organico_g_kg;ok;dup-001502;duplicate;removed_confirmed_duplicate:exact_scientific_match:bdsolos_embrapa
bdsolos_embrapa:bdsolos_public_carbono_organico:17838218834171bbbe92df50cfecbc67822275b17e67962.csv:829:13909:46194:32-57:carbon_content;bdsolos_embrapa;bdsolos_public_carbono_organico;829:13909:46194;-8.090722222222222;-61.52772222222222;-61.52772222222222;-8.090722222222222;EPSG:4326;Brazil;AM;2000-09-27;2000;2000;2000;32;57;25;7;Não informado;;;1.24;0.215;;;;;;carbon_content;7;g/kg;reported_bdsolos_carbono_organico_g_kg;ok;dup-001503;duplicate;removed_confirmed_duplicate:exact_scientific_match:bdsolos_embrapa
bdsolos_embrapa:bdsolos_public_carbono_organico:17838218834171bbbe92df50cfecbc67822275b17e67962.csv:829:13909:46195:57-100:carbon_content;bdsolos_embrapa;bdsolos_public_carbono_organico;829:13909:46195;-8.090722222222222;-61.52772222222222;-61.52772222222222;-8.090722222222222;EPSG:4326;Brazil;AM;2000-09-27;2000;2000;2000;57;100;43;2.9;Não informado;;;1.26;0.026;;;;;;carbon_content;2.9;g/kg;reported_bdsolos_carbono_organico_g_kg;ok;dup-001504;duplicate;removed_confirmed_duplicate:exact_scientific_match:bdsolos_embrapa
bdsolos_embrapa:bdsolos_public_carbono_organico:17838218834171bbbe92df50cfecbc67822275b17e67962.csv:829:13910:46199:32-53:carbon_content;bdsolos_embrapa;bdsolos_public_carbono_organico;829:13910:46199;-8.07086111111111;-61.522;-61.522;-8.07086111111111;EPSG:4326;Brazil;AM;2000-09-27;2000;2000;2000;32;53;21;3.9;Não informado;;;1.57;0.332;;;;;;carbon_content;3.9;g/kg;reported_bdsolos_carbono_organico_g_kg;ok;dup-001490;duplicate;removed_confirmed_duplicate:exact_scientific_match:bdsolos_embrapa
bdsolos_embrapa:bdsolos_public_carbono_organico:17838218834171bbbe92df50cfecbc67822275b17e67962.csv:829:13910:46200:53-96:carbon_content;bdsolos_embrapa;bdsolos_public_carbono_organico;829:13910:46200;-8.07086111111111;-61.522;-61.522;-8.07086111111111;EPSG:4326;Brazil;AM;2000-09-27;2000;2000;2000;53;96;43;3.1;Não informado;;;1.58;0.263;;;;;;carbon_content;3.1;g/kg;reported_bdsolos_carbono_organico_g_kg;ok;dup-001491;duplicate;removed_confirmed_duplicate:exact_scientific_match:bdsolos_embrapa
bdsolos_embrapa:bdsolos_public_carbono_organico:17838218834171bbbe92df50cfecbc67822275b17e67962.csv:829:13910:46201:96-132:carbon_content;bdsolos_embrapa;bdsolos_public_carbono_organico;829:13910:46201;-8.07086111111111;-61.522;-61.522;-8.07086111111111;EPSG:4326;Brazil;AM;2000-09-27;2000;2000;2000;96;132;36;2.9;Não informado;;;1.73;0.351;;;;;;carbon_content;2.9;g/kg;reported_bdsolos_carbono_organico_g_kg;ok;dup-001492;duplicate;removed_confirmed_duplicate:exact_scientific_match:bdsolos_embrapa
bdsolos_embrapa:bdsolos_public_carbono_organico:17838218834171bbbe92df50cfecbc67822275b17e67962.csv:829:13910:46202:132-180:carbon_content;bdsolos_embrapa;bdsolos_public_carbono_organico;829:13910:46202;-8.07086111111111;-61.522;-61.522;-8.07086111111111;EPSG:4326;Brazil;AM;2000-09-27;2000;2000;2000;132;180;48;2.3;Não informado;;;1.56;0.305;;;;;;carbon_content;2.3;g/kg;reported_bdsolos_carbono_organico_g_kg;ok;dup-001489;duplicate;removed_confirmed_duplicate:exact_scientific_match:bdsolos_embrapa
bdsolos_embrapa:bdsolos_public_carbono_organico:17838218834171bbbe92df50cfecbc67822275b17e67962.csv:829:13911:46203:0-35:carbon_content;bdsolos_embrapa;bdsolos_public_carbono_organico;829:13911:46203;-7.880111111111112;-61.542361111111106;-61.542361111111106;-7.880111111111112;EPSG:4326;Brazil;AM;2000-09-28;2000;2000;2000;0;35;35;44.8;Não informado;;;0.94;0.061;;;;;;carbon_content;44.8;g/kg;reported_bdsolos_carbono_organico_g_kg;ok;dup-001435;duplicate;removed_confirmed_duplicate:exact_scientific_match:bdsolos_embrapa
bdsolos_embrapa:bdsolos_public_carbono_organico:17838218834171bbbe92df50cfecbc67822275b17e67962.csv:829:13911:46204:35-53:carbon_content;bdsolos_embrapa;bdsolos_public_carbono_organico;829:13911:46204;-7.880111111111112;-61.542361111111106;-61.542361111111106;-7.880111111111112;EPSG:4326;Brazil;AM;2000-09-28;2000;2000;2000;35;53;18;13.3;Não informado;;;1.18;0.037;;;;;;carbon_content;13.3;g/kg;reported_bdsolos_carbono_organico_g_kg;ok;dup-001437;duplicate;removed_confirmed_duplicate:exact_scientific_match:bdsolos_embrapa
bdsolos_embrapa:bdsolos_public_carbono_organico:17838218834171bbbe92df50cfecbc67822275b17e67962.csv:829:13911:46205:53-64:carbon_content;bdsolos_embrapa;bdsolos_public_carbono_organico;829:13911:46205;-7.880111111111112;-61.542361111111106;-61.542361111111106;-7.880111111111112;EPSG:4326;Brazil;AM;2000-09-28;2000;2000;2000;53;64;11;6.5;Não informado;;;1.29;0.022;;;;;;carbon_content;6.5;g/kg;reported_bdsolos_carbono_organico_g_kg;ok;dup-001438;duplicate;removed_confirmed_duplicate:exact_scientific_match:bdsolos_embrapa
bdsolos_embrapa:bdsolos_public_carbono_organico:17838218834171bbbe92df50cfecbc67822275b17e67962.csv:829:13911:46206:64-95:carbon_content;bdsolos_embrapa;bdsolos_public_carbono_organico;829:13911:46206;-7.880111111111112;-61.542361111111106;-61.542361111111106;-7.880111111111112;EPSG:4326;Brazil;AM;2000-09-28;2000;2000;2000;64;95;31;4.8;Não informado;;;1.35;0.035;;;;;;carbon_content;4.8;g/kg;reported_bdsolos_carbono_organico_g_kg;ok;dup-001439;duplicate;removed_confirmed_duplicate:exact_scientific_match:bdsolos_embrapa
bdsolos_embrapa:bdsolos_public_carbono_organico:17838218834171bbbe92df50cfecbc67822275b17e67962.csv:829:13911:46207:95-133:carbon_content;bdsolos_embrapa;bdsolos_public_carbono_organico;829:13911:46207;-7.880111111111112;-61.542361111111106;-61.542361111111106;-7.880111111111112;EPSG:4326;Brazil;AM;2000-09-28;2000;2000;2000;95;133;38;3.8;Não informado;;;1.28;0.037;;;;;;carbon_content;3.8;g/kg;reported_bdsolos_carbono_organico_g_kg;ok;dup-001440;duplicate;removed_confirmed_duplicate:exact_scientific_match:bdsolos_embrapa
bdsolos_embrapa:bdsolos_public_carbono_organico:17838218834171bbbe92df50cfecbc67822275b17e67962.csv:829:13911:46208:133-190:carbon_content;bdsolos_embrapa;bdsolos_public_carbono_organico;829:13911:46208;-7.880111111111112;-61.542361111111106;-61.542361111111106;-7.880111111111112;EPSG:4326;Brazil;AM;2000-09-28;2000;2000;2000;133;190;57;3.3;Não informado;;;1.29;0.025;;;;;;carbon_content;3.3;g/kg;reported_bdsolos_carbono_organico_g_kg;ok;dup-001436;duplicate;removed_confirmed_duplicate:exact_scientific_match:bdsolos_embrapa
bdsolos_embrapa:bdsolos_public_carbono_organico:17838218834171bbbe92df50cfecbc67822275b17e67962.csv:829:13912:46209:0-10:carbon_content;bdsolos_embrapa;bdsolos_public_carbono_organico;829:13912:46209;-7.798472222222222;-61.59838888888889;-61.59838888888889;-7.798472222222222;EPSG:4326;Brazil;AM;2000-09-29;2000;2000;2000;0;10;10;19.5;Não informado;;;1.15;0.109;;;;;;carbon_content;19.5;g/kg;reported_bdsolos_carbono_organico_g_kg;ok;dup-001385;duplicate;removed_confirmed_duplicate:exact_scientific_match:bdsolos_embrapa
bdsolos_embrapa:bdsolos_public_carbono_organico:17838218834171bbbe92df50cfecbc67822275b17e67962.csv:829:13912:46210:10-22:carbon_content;bdsolos_embrapa;bdsolos_public_carbono_organico;829:13912:46210;-7.798472222222222;-61.59838888888889;-61.59838888888889;-7.798472222222222;EPSG:4326;Brazil;AM;2000-09-29;2000;2000;2000;10;22;12;11.6;Não informado;;;1.27;0.097;;;;;;carbon_content;11.6;g/kg;reported_bdsolos_carbono_organico_g_kg;ok;dup-001386;duplicate;removed_confirmed_duplicate:exact_scientific_match:bdsolos_embrapa
bdsolos_embrapa:bdsolos_public_carbono_organico:17838218834171bbbe92df50cfecbc67822275b17e67962.csv:829:13912:46211:22-42:carbon_content;bdsolos_embrapa;bdsolos_public_carbono_organico;829:13912:46211;-7.798472222222222;-61.59838888888889;-61.59838888888889;-7.798472222222222;EPSG:4326;Brazil;AM;2000-09-29;2000;2000;2000;22;42;20;8.5;Não informado;;;1.32;0.097;;;;;;carbon_content;8.5;g/kg;reported_bdsolos_carbono_organico_g_kg;ok;dup-001389;duplicate;removed_confirmed_duplicate:exact_scientific_match:bdsolos_embrapa
bdsolos_embrapa:bdsolos_public_carbono_organico:17838218834171bbbe92df50cfecbc67822275b17e67962.csv:829:13912:46212:42-95:carbon_content;bdsolos_embrapa;bdsolos_public_carbono_organico;829:13912:46212;-7.798472222222222;-61.59838888888889;-61.59838888888889;-7.798472222222222;EPSG:4326;Brazil;AM;2000-09-29;2000;2000;2000;42;95;53;3.7;Não informado;;;1.29;0.118;;;;;;carbon_content;3.7;g/kg;reported_bdsolos_carbono_organico_g_kg;ok;dup-001390;duplicate;removed_confirmed_duplicate:exact_scientific_match:bdsolos_embrapa
bdsolos_embrapa:bdsolos_public_carbono_organico:17838218834171bbbe92df50cfecbc67822275b17e67962.csv:829:13912:46213:95-130:carbon_content;bdsolos_embrapa;bdsolos_public_carbono_organico;829:13912:46213;-7.798472222222222;-61.59838888888889;-61.59838888888889;-7.798472222222222;EPSG:4326;Brazil;AM;2000-09-29;2000;2000;2000;95;130;35;2.2;Não informado;;;1.29;0.142;;;;;;carbon_content;2.2;g/kg;reported_bdsolos_carbono_organico_g_kg;ok;dup-001391;duplicate;removed_confirmed_duplicate:exact_scientific_match:bdsolos_embrapa
bdsolos_embrapa:bdsolos_public_carbono_organico:17838218834171bbbe92df50cfecbc67822275b17e67962.csv:829:13912:46214:130-163:carbon_content;bdsolos_embrapa;bdsolos_public_carbono_organico;829:13912:46214;-7.798472222222222;-61.59838888888889;-61.59838888888889;-7.798472222222222;EPSG:4326;Brazil;AM;2000-09-29;2000;2000;2000;130;163;33;2.1;Não informado;;;1.41;0.294;;;;;;carbon_content;2.1;g/kg;reported_bdsolos_carbono_organico_g_kg;ok;dup-001387;duplicate;removed_confirmed_duplicate:exact_scientific_match:bdsolos_embrapa
bdsolos_embrapa:bdsolos_public_carbono_organico:17838218834171bbbe92df50cfecbc67822275b17e67962.csv:829:13912:46215:163-200:carbon_content;bdsolos_embrapa;bdsolos_public_carbono_organico;829:13912:46215;-7.798472222222222;-61.59838888888889;-61.59838888888889;-7.798472222222222;EPSG:4326;Brazil;AM;2000-09-29;2000;2000;2000;163;200;37;1.5;Não informado;;;1.43;0.258;;;;;;carbon_content;1.5;g/kg;reported_bdsolos_carbono_organico_g_kg;ok;dup-001388;duplicate;removed_confirmed_duplicate:exact_scientific_match:bdsolos_embrapa
bdsolos_embrapa:bdsolos_public_carbono_organico:17838218834171bbbe92df50cfecbc67822275b17e67962.csv:829:13913:46216:0-10:carbon_content;bdsolos_embrapa;bdsolos_public_carbono_organico;829:13913:46216;-7.854777777777778;-61.48108333333334;-61.48108333333334;-7.854777777777778;EPSG:4326;Brazil;AM;2000-09-29;2000;2000;2000;0;10;10;32;Não informado;;;1.02;0.083;;;;;;carbon_content;32;g/kg;reported_bdsolos_carbono_organico_g_kg;ok;dup-001418;duplicate;removed_confirmed_duplicate:exact_scientific_match:bdsolos_embrapa
bdsolos_embrapa:bdsolos_public_carbono_organico:17838218834171bbbe92df50cfecbc67822275b17e67962.csv:829:13913:46217:10-18:carbon_content;bdsolos_embrapa;bdsolos_public_carbono_organico;829:13913:46217;-7.854777777777778;-61.48108333333334;-61.48108333333334;-7.854777777777778;EPSG:4326;Brazil;AM;2000-09-29;2000;2000;2000;10;18;8;8.9;Não informado;;;1.41;0.01;;;;;;carbon_content;8.9;g/kg;reported_bdsolos_carbono_organico_g_kg;ok;dup-001419;duplicate;removed_confirmed_duplicate:exact_scientific_match:bdsolos_embrapa
bdsolos_embrapa:bdsolos_public_carbono_organico:17838218834171bbbe92df50cfecbc67822275b17e67962.csv:829:13913:46218:18-51:carbon_content;bdsolos_embrapa;bdsolos_public_carbono_organico;829:13913:46218;-7.854777777777778;-61.48108333333334;-61.48108333333334;-7.854777777777778;EPSG:4326;Brazil;AM;2000-09-29;2000;2000;2000;18;51;33;7.2;Não informado;;;1.37;;;;;;;carbon_content;7.2;g/kg;reported_bdsolos_carbono_organico_g_kg;ok;dup-001420;duplicate;removed_confirmed_duplicate:exact_scientific_match:bdsolos_embrapa
bdsolos_embrapa:bdsolos_public_carbono_organico:17838218834171bbbe92df50cfecbc67822275b17e67962.csv:829:13913:46219:51-85:carbon_content;bdsolos_embrapa;bdsolos_public_carbono_organico;829:13913:46219;-7.854777777777778;-61.48108333333334;-61.48108333333334;-7.854777777777778;EPSG:4326;Brazil;AM;2000-09-29;2000;2000;2000;51;85;34;3.5;Não informado;;;1.38;0.047;;;;;;carbon_content;3.5;g/kg;reported_bdsolos_carbono_organico_g_kg;ok;dup-001421;duplicate;removed_confirmed_duplicate:exact_scientific_match:bdsolos_embrapa
bdsolos_embrapa:bdsolos_public_carbono_organico:17838218834171bbbe92df50cfecbc67822275b17e67962.csv:829:13913:46220:85-157:carbon_content;bdsolos_embrapa;bdsolos_public_carbono_organico;829:13913:46220;-7.854777777777778;-61.48108333333334;-61.48108333333334;-7.854777777777778;EPSG:4326;Brazil;AM;2000-09-29;2000;2000;2000;85;157;72;2.2;Não informado;;;1.4;0.012;;;;;;carbon_content;2.2;g/kg;reported_bdsolos_carbono_organico_g_kg;ok;dup-001422;duplicate;removed_confirmed_duplicate:exact_scientific_match:bdsolos_embrapa
bdsolos_embrapa:bdsolos_public_carbono_organico:17838218834171bbbe92df50cfecbc67822275b17e67962.csv:829:13915:46255:23-54:carbon_content;bdsolos_embrapa;bdsolos_public_carbono_organico;829:13915:46255;-7.842083333333333;-61.28630555555555;-61.28630555555555;-7.842083333333333;EPSG:4326;Brazil;AM;2000-10-05;2000;2000;2000;23;54;31;67;Não informado;;;1.57;;;;;;;carbon_content;67;g/kg;reported_bdsolos_carbono_organico_g_kg;ok;dup-001412;duplicate;removed_confirmed_duplicate:exact_scientific_match:bdsolos_embrapa
bdsolos_embrapa:bdsolos_public_carbono_organico:17838218834171bbbe92df50cfecbc67822275b17e67962.csv:829:13915:46256:54-100:carbon_content;bdsolos_embrapa;bdsolos_public_carbono_organico;829:13915:46256;-7.842083333333333;-61.28630555555555;-61.28630555555555;-7.842083333333333;EPSG:4326;Brazil;AM;2000-10-05;2000;2000;2000;54;100;46;3.1;Não informado;;;1.47;;;;;;;carbon_content;3.1;g/kg;reported_bdsolos_carbono_organico_g_kg;ok;dup-001413;duplicate;removed_confirmed_duplicate:exact_scientific_match:bdsolos_embrapa
bdsolos_embrapa:bdsolos_public_carbono_organico:17838218834171bbbe92df50cfecbc67822275b17e67962.csv:829:13917:46265:0-8:carbon_content;bdsolos_embrapa;bdsolos_public_carbono_organico;829:13917:46265;-8.021472222222224;-60.94025;-60.94025;-8.021472222222224;EPSG:4326;Brazil;AM;2000-10-06;2000;2000;2000;0;8;8;32.7;Não informado;;;1.2;;;;;;;carbon_content;32.7;g/kg;reported_bdsolos_carbono_organico_g_kg;ok;dup-001478;duplicate;removed_confirmed_duplicate:exact_scientific_match:bdsolos_embrapa
bdsolos_embrapa:bdsolos_public_carbono_organico:17838218834171bbbe92df50cfecbc67822275b17e67962.csv:829:13917:46266:8-20:carbon_content;bdsolos_embrapa;bdsolos_public_carbono_organico;829:13917:46266;-8.021472222222224;-60.94025;-60.94025;-8.021472222222224;EPSG:4326;Brazil;AM;2000-10-06;2000;2000;2000;8;20;12;8.1;Não informado;;;1.35;0.01;;;;;;carbon_content;8.1;g/kg;reported_bdsolos_carbono_organico_g_kg;ok;dup-001482;duplicate;removed_confirmed_duplicate:exact_scientific_match:bdsolos_embrapa
bdsolos_embrapa:bdsolos_public_carbono_organico:17838218834171bbbe92df50cfecbc67822275b17e67962.csv:829:13917:46267:20-65:carbon_content;bdsolos_embrapa;bdsolos_public_carbono_organico;829:13917:46267;-8.021472222222224;-60.94025;-60.94025;-8.021472222222224;EPSG:4326;Brazil;AM;2000-10-06;2000;2000;2000;20;65;45;5.3;Não informado;;;1.33;;;;;;;carbon_content;5.3;g/kg;reported_bdsolos_carbono_organico_g_kg;ok;dup-001480;duplicate;removed_confirmed_duplicate:exact_scientific_match:bdsolos_embrapa
bdsolos_embrapa:bdsolos_public_carbono_organico:17838218834171bbbe92df50cfecbc67822275b17e67962.csv:829:13918:46270:0-20:carbon_content;bdsolos_embrapa;bdsolos_public_carbono_organico;829:13918:46270;-7.256;-60.628861111111114;-60.628861111111114;-7.256;EPSG:4326;Brazil;AM;2000-10-07;2000;2000;2000;0;20;20;9;Não informado;;;1.46;0.051;;;;;;carbon_content;9;g/kg;reported_bdsolos_carbono_organico_g_kg;ok;dup-001277;duplicate;removed_confirmed_duplicate:exact_scientific_match:bdsolos_embrapa
bdsolos_embrapa:bdsolos_public_carbono_organico:17838218834171bbbe92df50cfecbc67822275b17e67962.csv:829:13918:46271:20-50:carbon_content;bdsolos_embrapa;bdsolos_public_carbono_organico;829:13918:46271;-7.256;-60.628861111111114;-60.628861111111114;-7.256;EPSG:4326;Brazil;AM;2000-10-07;2000;2000;2000;20;50;30;3.4;Não informado;;;1.78;0.017;;;;;;carbon_content;3.4;g/kg;reported_bdsolos_carbono_organico_g_kg;ok;dup-001279;duplicate;removed_confirmed_duplicate:exact_scientific_match:bdsolos_embrapa
bdsolos_embrapa:bdsolos_public_carbono_organico:17838218834171bbbe92df50cfecbc67822275b17e67962.csv:829:13918:46272:50-89:carbon_content;bdsolos_embrapa;bdsolos_public_carbono_organico;829:13918:46272;-7.256;-60.628861111111114;-60.628861111111114;-7.256;EPSG:4326;Brazil;AM;2000-10-07;2000;2000;2000;50;89;39;2.4;Não informado;;;1.81;0.032;;;;;;carbon_content;2.4;g/kg;reported_bdsolos_carbono_organico_g_kg;ok;dup-001280;duplicate;removed_confirmed_duplicate:exact_scientific_match:bdsolos_embrapa
bdsolos_embrapa:bdsolos_public_carbono_organico:17838218834171bbbe92df50cfecbc67822275b17e67962.csv:829:13918:46273:89-153:carbon_content;bdsolos_embrapa;bdsolos_public_carbono_organico;829:13918:46273;-7.256;-60.628861111111114;-60.628861111111114;-7.256;EPSG:4326;Brazil;AM;2000-10-07;2000;2000;2000;89;153;64;1.8;Não informado;;;1.48;0.029;;;;;;carbon_content;1.8;g/kg;reported_bdsolos_carbono_organico_g_kg;ok;dup-001281;duplicate;removed_confirmed_duplicate:exact_scientific_match:bdsolos_embrapa
bdsolos_embrapa:bdsolos_public_carbono_organico:17838218834171bbbe92df50cfecbc67822275b17e67962.csv:829:13918:46274:153-200:carbon_content;bdsolos_embrapa;bdsolos_public_carbono_organico;829:13918:46274;-7.256;-60.628861111111114;-60.628861111111114;-7.256;EPSG:4326;Brazil;AM;2000-10-07;2000;2000;2000;153;200;47;1.3;Não informado;;;1.57;0.034;;;;;;carbon_content;1.3;g/kg;reported_bdsolos_carbono_organico_g_kg;ok;dup-001278;duplicate;removed_confirmed_duplicate:exact_scientific_match:bdsolos_embrapa
bdsolos_embrapa:bdsolos_public_carbono_organico:17838218834171bbbe92df50cfecbc67822275b17e67962.csv:829:13919:46275:0-12:carbon_content;bdsolos_embrapa;bdsolos_public_carbono_organico;829:13919:46275;-7.479916666666667;-60.544888888888885;-60.544888888888885;-7.479916666666667;EPSG:4326;Brazil;AM;2000-10-08;2000;2000;2000;0;12;12;8.3;Não informado;;;1.48;;;;;;;carbon_content;8.3;g/kg;reported_bdsolos_carbono_organico_g_kg;ok;dup-001323;duplicate;removed_confirmed_duplicate:exact_scientific_match:bdsolos_embrapa
bdsolos_embrapa:bdsolos_public_carbono_organico:17838218834171bbbe92df50cfecbc67822275b17e67962.csv:829:13919:46276:12-27:carbon_content;bdsolos_embrapa;bdsolos_public_carbono_organico;829:13919:46276;-7.479916666666667;-60.544888888888885;-60.544888888888885;-7.479916666666667;EPSG:4326;Brazil;AM;2000-10-08;2000;2000;2000;12;27;15;2.9;Não informado;;;1.59;;;;;;;carbon_content;2.9;g/kg;reported_bdsolos_carbono_organico_g_kg;ok;dup-001324;duplicate;removed_confirmed_duplicate:exact_scientific_match:bdsolos_embrapa
bdsolos_embrapa:bdsolos_public_carbono_organico:17838218834171bbbe92df50cfecbc67822275b17e67962.csv:829:13919:46277:27-76:carbon_content;bdsolos_embrapa;bdsolos_public_carbono_organico;829:13919:46277;-7.479916666666667;-60.544888888888885;-60.544888888888885;-7.479916666666667;EPSG:4326;Brazil;AM;2000-10-08;2000;2000;2000;27;76;49;1.7;Não informado;;;1.62;;;;;;;carbon_content;1.7;g/kg;reported_bdsolos_carbono_organico_g_kg;ok;dup-001326;duplicate;removed_confirmed_duplicate:exact_scientific_match:bdsolos_embrapa
bdsolos_embrapa:bdsolos_public_carbono_organico:17838218834171bbbe92df50cfecbc67822275b17e67962.csv:829:13919:46278:76-140:carbon_content;bdsolos_embrapa;bdsolos_public_carbono_organico;829:13919:46278;-7.479916666666667;-60.544888888888885;-60.544888888888885;-7.479916666666667;EPSG:4326;Brazil;AM;2000-10-08;2000;2000;2000;76;140;64;1.6;Não informado;;;1.46;;;;;;;carbon_content;1.6;g/kg;reported_bdsolos_carbono_organico_g_kg;ok;dup-001327;duplicate;removed_confirmed_duplicate:exact_scientific_match:bdsolos_embrapa
bdsolos_embrapa:bdsolos_public_carbono_organico:17838218834171bbbe92df50cfecbc67822275b17e67962.csv:829:13919:46279:140-200:carbon_content;bdsolos_embrapa;bdsolos_public_carbono_organico;829:13919:46279;-7.479916666666667;-60.544888888888885;-60.544888888888885;-7.479916666666667;EPSG:4326;Brazil;AM;2000-10-08;2000;2000;2000;140;200;60;1.3;Não informado;;;1.46;;;;;;;carbon_content;1.3;g/kg;reported_bdsolos_carbono_organico_g_kg;ok;dup-001325;duplicate;removed_confirmed_duplicate:exact_scientific_match:bdsolos_embrapa
bdsolos_embrapa:bdsolos_public_carbono_organico:17838218834171bbbe92df50cfecbc67822275b17e67962.csv:829:13920:46280:0-7:carbon_content;bdsolos_embrapa;bdsolos_public_carbono_organico;829:13920:46280;-7.460333333333334;-59.85613888888889;-59.85613888888889;-7.460333333333334;EPSG:4326;Brazil;AM;2000-10-09;2000;2000;2000;0;7;7;29.3;Não informado;;;1.15;0.077;;;;;;carbon_content;29.3;g/kg;reported_bdsolos_carbono_organico_g_kg;ok;dup-001317;duplicate;removed_confirmed_duplicate:exact_scientific_match:bdsolos_embrapa
bdsolos_embrapa:bdsolos_public_carbono_organico:17838218834171bbbe92df50cfecbc67822275b17e67962.csv:829:13920:46281:7-15:carbon_content;bdsolos_embrapa;bdsolos_public_carbono_organico;829:13920:46281;-7.460333333333334;-59.85613888888889;-59.85613888888889;-7.460333333333334;EPSG:4326;Brazil;AM;2000-10-09;2000;2000;2000;7;15;8;10.8;Não informado;;;1.13;0.049;;;;;;carbon_content;10.8;g/kg;reported_bdsolos_carbono_organico_g_kg;ok;dup-001321;duplicate;removed_confirmed_duplicate:exact_scientific_match:bdsolos_embrapa
bdsolos_embrapa:bdsolos_public_carbono_organico:17838218834171bbbe92df50cfecbc67822275b17e67962.csv:829:13920:46282:15-50:carbon_content;bdsolos_embrapa;bdsolos_public_carbono_organico;829:13920:46282;-7.460333333333334;-59.85613888888889;-59.85613888888889;-7.460333333333334;EPSG:4326;Brazil;AM;2000-10-09;2000;2000;2000;15;50;35;6.4;Não informado;;;1.34;0.056;;;;;;carbon_content;6.4;g/kg;reported_bdsolos_carbono_organico_g_kg;ok;dup-001319;duplicate;removed_confirmed_duplicate:exact_scientific_match:bdsolos_embrapa
bdsolos_embrapa:bdsolos_public_carbono_organico:17838218834171bbbe92df50cfecbc67822275b17e67962.csv:829:13920:46283:50-97:carbon_content;bdsolos_embrapa;bdsolos_public_carbono_organico;829:13920:46283;-7.460333333333334;-59.85613888888889;-59.85613888888889;-7.460333333333334;EPSG:4326;Brazil;AM;2000-10-09;2000;2000;2000;50;97;47;3;Não informado;;;1.48;0.056;;;;;;carbon_content;3;g/kg;reported_bdsolos_carbono_organico_g_kg;ok;dup-001320;duplicate;removed_confirmed_duplicate:exact_scientific_match:bdsolos_embrapa
bdsolos_embrapa:bdsolos_public_carbono_organico:17838218834171bbbe92df50cfecbc67822275b17e67962.csv:829:13920:46284:97-144:carbon_content;bdsolos_embrapa;bdsolos_public_carbono_organico;829:13920:46284;-7.460333333333334;-59.85613888888889;-59.85613888888889;-7.460333333333334;EPSG:4326;Brazil;AM;2000-10-09;2000;2000;2000;97;144;47;1.9;Não informado;;;1.55;0.058;;;;;;carbon_content;1.9;g/kg;reported_bdsolos_carbono_organico_g_kg;ok;dup-001322;duplicate;removed_confirmed_duplicate:exact_scientific_match:bdsolos_embrapa
bdsolos_embrapa:bdsolos_public_carbono_organico:17838218834171bbbe92df50cfecbc67822275b17e67962.csv:829:13920:46285:144-200:carbon_content;bdsolos_embrapa;bdsolos_public_carbono_organico;829:13920:46285;-7.460333333333334;-59.85613888888889;-59.85613888888889;-7.460333333333334;EPSG:4326;Brazil;AM;2000-10-09;2000;2000;2000;144;200;56;1.1;Não informado;;;1.51;0.063;;;;;;carbon_content;1.1;g/kg;reported_bdsolos_carbono_organico_g_kg;ok;dup-001318;duplicate;removed_confirmed_duplicate:exact_scientific_match:bdsolos_embrapa
bdsolos_embrapa:bdsolos_public_carbono_organico:17838218834171bbbe92df50cfecbc67822275b17e67962.csv:829:13922:46293:0-9:carbon_content;bdsolos_embrapa;bdsolos_public_carbono_organico;829:13922:46293;-7.270861111111111;-59.72825;-59.72825;-7.270861111111111;EPSG:4326;Brazil;AM;2000-10-09;2000;2000;2000;0;9;9;26;Não informado;;;0.95;;;;;;;carbon_content;26;g/kg;reported_bdsolos_carbono_organico_g_kg;ok;dup-001291;duplicate;removed_confirmed_duplicate:exact_scientific_match:bdsolos_embrapa
bdsolos_embrapa:bdsolos_public_carbono_organico:17838218834171bbbe92df50cfecbc67822275b17e67962.csv:829:13922:46294:9-23:carbon_content;bdsolos_embrapa;bdsolos_public_carbono_organico;829:13922:46294;-7.270861111111111;-59.72825;-59.72825;-7.270861111111111;EPSG:4326;Brazil;AM;2000-10-09;2000;2000;2000;9;23;14;7.9;Não informado;;;1.32;;;;;;;carbon_content;7.9;g/kg;reported_bdsolos_carbono_organico_g_kg;ok;dup-001295;duplicate;removed_confirmed_duplicate:exact_scientific_match:bdsolos_embrapa
bdsolos_embrapa:bdsolos_public_carbono_organico:17838218834171bbbe92df50cfecbc67822275b17e67962.csv:829:13922:46295:23-85:carbon_content;bdsolos_embrapa;bdsolos_public_carbono_organico;829:13922:46295;-7.270861111111111;-59.72825;-59.72825;-7.270861111111111;EPSG:4326;Brazil;AM;2000-10-09;2000;2000;2000;23;85;62;4.1;Não informado;;;1.13;;;;;;;carbon_content;4.1;g/kg;reported_bdsolos_carbono_organico_g_kg;ok;dup-001293;duplicate;removed_confirmed_duplicate:exact_scientific_match:bdsolos_embrapa
bdsolos_embrapa:bdsolos_public_carbono_organico:17838218834171bbbe92df50cfecbc67822275b17e67962.csv:829:13922:46296:85-135:carbon_content;bdsolos_embrapa;bdsolos_public_carbono_organico;829:13922:46296;-7.270861111111111;-59.72825;-59.72825;-7.270861111111111;EPSG:4326;Brazil;AM;2000-10-09;2000;2000;2000;85;135;50;3.4;Não informado;;;1.12;;;;;;;carbon_content;3.4;g/kg;reported_bdsolos_carbono_organico_g_kg;ok;dup-001294;duplicate;removed_confirmed_duplicate:exact_scientific_match:bdsolos_embrapa
bdsolos_embrapa:bdsolos_public_carbono_organico:17838218834171bbbe92df50cfecbc67822275b17e67962.csv:829:13922:46297:135-200:carbon_content;bdsolos_embrapa;bdsolos_public_carbono_organico;829:13922:46297;-7.270861111111111;-59.72825;-59.72825;-7.270861111111111;EPSG:4326;Brazil;AM;2000-10-09;2000;2000;2000;135;200;65;1.8;Não informado;;;1.18;;;;;;;carbon_content;1.8;g/kg;reported_bdsolos_carbono_organico_g_kg;ok;dup-001292;duplicate;removed_confirmed_duplicate:exact_scientific_match:bdsolos_embrapa
bdsolos_embrapa:bdsolos_public_carbono_organico:17838218834171bbbe92df50cfecbc67822275b17e67962.csv:829:13923:46298:0-20:carbon_content;bdsolos_embrapa;bdsolos_public_carbono_organico;829:13923:46298;-7.05075;-60.051361111111106;-60.051361111111106;-7.05075;EPSG:4326;Brazil;AM;2000-10-11;2000;2000;2000;0;20;20;37.5;Não informado;;;1.03;;;;;;;carbon_content;37.5;g/kg;reported_bdsolos_carbono_organico_g_kg;ok;dup-001241;duplicate;removed_confirmed_duplicate:exact_scientific_match:bdsolos_embrapa
bdsolos_embrapa:bdsolos_public_carbono_organico:17838218834171bbbe92df50cfecbc67822275b17e67962.csv:829:13923:46299:20-45:carbon_content;bdsolos_embrapa;bdsolos_public_carbono_organico;829:13923:46299;-7.05075;-60.051361111111106;-60.051361111111106;-7.05075;EPSG:4326;Brazil;AM;2000-10-11;2000;2000;2000;20;45;25;23.3;Não informado;;;0.9;0.067;;;;;;carbon_content;23.3;g/kg;reported_bdsolos_carbono_organico_g_kg;ok;dup-001242;duplicate;removed_confirmed_duplicate:exact_scientific_match:bdsolos_embrapa
bdsolos_embrapa:bdsolos_public_carbono_organico:17838218834171bbbe92df50cfecbc67822275b17e67962.csv:829:13924:46302:0-7:carbon_content;bdsolos_embrapa;bdsolos_public_carbono_organico;829:13924:46302;-7.034305555555555;-60.028527777777775;-60.028527777777775;-7.034305555555555;EPSG:4326;Brazil;AM;2000-10-11;2000;2000;2000;0;7;7;15.9;Não informado;;;0.92;;;;;;;carbon_content;15.9;g/kg;reported_bdsolos_carbono_organico_g_kg;ok;dup-001232;duplicate;removed_confirmed_duplicate:exact_scientific_match:bdsolos_embrapa
bdsolos_embrapa:bdsolos_public_carbono_organico:17838218834171bbbe92df50cfecbc67822275b17e67962.csv:829:13924:46303:7-17:carbon_content;bdsolos_embrapa;bdsolos_public_carbono_organico;829:13924:46303;-7.034305555555555;-60.028527777777775;-60.028527777777775;-7.034305555555555;EPSG:4326;Brazil;AM;2000-10-11;2000;2000;2000;7;17;10;12.8;Não informado;;;0.87;;;;;;;carbon_content;12.8;g/kg;reported_bdsolos_carbono_organico_g_kg;ok;dup-001236;duplicate;removed_confirmed_duplicate:exact_scientific_match:bdsolos_embrapa
bdsolos_embrapa:bdsolos_public_carbono_organico:17838218834171bbbe92df50cfecbc67822275b17e67962.csv:829:13924:46304:17-56:carbon_content;bdsolos_embrapa;bdsolos_public_carbono_organico;829:13924:46304;-7.034305555555555;-60.028527777777775;-60.028527777777775;-7.034305555555555;EPSG:4326;Brazil;AM;2000-10-11;2000;2000;2000;17;56;39;8.3;Não informado;;;1.01;;;;;;;carbon_content;8.3;g/kg;reported_bdsolos_carbono_organico_g_kg;ok;dup-001234;duplicate;removed_confirmed_duplicate:exact_scientific_match:bdsolos_embrapa
bdsolos_embrapa:bdsolos_public_carbono_organico:17838218834171bbbe92df50cfecbc67822275b17e67962.csv:829:13924:46305:56-110:carbon_content;bdsolos_embrapa;bdsolos_public_carbono_organico;829:13924:46305;-7.034305555555555;-60.028527777777775;-60.028527777777775;-7.034305555555555;EPSG:4326;Brazil;AM;2000-10-11;2000;2000;2000;56;110;54;4.5;Não informado;;;1.05;;;;;;;carbon_content;4.5;g/kg;reported_bdsolos_carbono_organico_g_kg;ok;dup-001235;duplicate;removed_confirmed_duplicate:exact_scientific_match:bdsolos_embrapa
bdsolos_embrapa:bdsolos_public_carbono_organico:17838218834171bbbe92df50cfecbc67822275b17e67962.csv:829:13925:46307:0-23:carbon_content;bdsolos_embrapa;bdsolos_public_carbono_organico;829:13925:46307;-7.193972222222222;-59.89533333333333;-59.89533333333333;-7.193972222222222;EPSG:4326;Brazil;AM;2000-10-11;2000;2000;2000;0;23;23;24;Não informado;;;1.05;;;;;;;carbon_content;24;g/kg;reported_bdsolos_carbono_organico_g_kg;ok;dup-001254;duplicate;removed_confirmed_duplicate:exact_scientific_match:bdsolos_embrapa
bdsolos_embrapa:bdsolos_public_carbono_organico:17838218834171bbbe92df50cfecbc67822275b17e67962.csv:829:13925:46308:23-45:carbon_content;bdsolos_embrapa;bdsolos_public_carbono_organico;829:13925:46308;-7.193972222222222;-59.89533333333333;-59.89533333333333;-7.193972222222222;EPSG:4326;Brazil;AM;2000-10-11;2000;2000;2000;23;45;22;12.1;Não informado;;;0.98;;;;;;;carbon_content;12.1;g/kg;reported_bdsolos_carbono_organico_g_kg;ok;dup-001257;duplicate;removed_confirmed_duplicate:exact_scientific_match:bdsolos_embrapa
bdsolos_embrapa:bdsolos_public_carbono_organico:17838218834171bbbe92df50cfecbc67822275b17e67962.csv:829:13925:46309:45-103:carbon_content;bdsolos_embrapa;bdsolos_public_carbono_organico;829:13925:46309;-7.193972222222222;-59.89533333333333;-59.89533333333333;-7.193972222222222;EPSG:4326;Brazil;AM;2000-10-11;2000;2000;2000;45;103;58;6.9;Não informado;;;1.12;;;;;;;carbon_content;6.9;g/kg;reported_bdsolos_carbono_organico_g_kg;ok;dup-001258;duplicate;removed_confirmed_duplicate:exact_scientific_match:bdsolos_embrapa
bdsolos_embrapa:bdsolos_public_carbono_organico:17838218834171bbbe92df50cfecbc67822275b17e67962.csv:829:13925:46310:103-163:carbon_content;bdsolos_embrapa;bdsolos_public_carbono_organico;829:13925:46310;-7.193972222222222;-59.89533333333333;-59.89533333333333;-7.193972222222222;EPSG:4326;Brazil;AM;2000-10-11;2000;2000;2000;103;163;60;4;Não informado;;;1.09;;;;;;;carbon_content;4;g/kg;reported_bdsolos_carbono_organico_g_kg;ok;dup-001255;duplicate;removed_confirmed_duplicate:exact_scientific_match:bdsolos_embrapa
bdsolos_embrapa:bdsolos_public_carbono_organico:17838218834171bbbe92df50cfecbc67822275b17e67962.csv:829:13925:46311:163-210:carbon_content;bdsolos_embrapa;bdsolos_public_carbono_organico;829:13925:46311;-7.193972222222222;-59.89533333333333;-59.89533333333333;-7.193972222222222;EPSG:4326;Brazil;AM;2000-10-11;2000;2000;2000;163;210;47;2.3;Não informado;;;1.14;;;;;;;carbon_content;2.3;g/kg;reported_bdsolos_carbono_organico_g_kg;ok;dup-001256;duplicate;removed_confirmed_duplicate:exact_scientific_match:bdsolos_embrapa
bdsolos_embrapa:bdsolos_public_carbono_organico:17838218834171bbbe92df50cfecbc67822275b17e67962.csv:829:13926:46312:0-13:carbon_content;bdsolos_embrapa;bdsolos_public_carbono_organico;829:13926:46312;-6.923333333333334;-59.802;-59.802;-6.923333333333334;EPSG:4326;Brazil;AM;2000-10-12;2000;2000;2000;0;13;13;35.1;Não informado;;;1.06;;;;;;;carbon_content;35.1;g/kg;reported_bdsolos_carbono_organico_g_kg;ok;dup-001203;duplicate;removed_confirmed_duplicate:exact_scientific_match:bdsolos_embrapa
bdsolos_embrapa:bdsolos_public_carbono_organico:17838218834171bbbe92df50cfecbc67822275b17e67962.csv:829:13926:46313:13-25:carbon_content;bdsolos_embrapa;bdsolos_public_carbono_organico;829:13926:46313;-6.923333333333334;-59.802;-59.802;-6.923333333333334;EPSG:4326;Brazil;AM;2000-10-12;2000;2000;2000;13;25;12;12.5;Não informado;;;1.15;;;;;;;carbon_content;12.5;g/kg;reported_bdsolos_carbono_organico_g_kg;ok;dup-001204;duplicate;removed_confirmed_duplicate:exact_scientific_match:bdsolos_embrapa
bdsolos_embrapa:bdsolos_public_carbono_organico:17838218834171bbbe92df50cfecbc67822275b17e67962.csv:829:13926:46314:25-90:carbon_content;bdsolos_embrapa;bdsolos_public_carbono_organico;829:13926:46314;-6.923333333333334;-59.802;-59.802;-6.923333333333334;EPSG:4326;Brazil;AM;2000-10-12;2000;2000;2000;25;90;65;7.8;Não informado;;;1.18;;;;;;;carbon_content;7.8;g/kg;reported_bdsolos_carbono_organico_g_kg;ok;dup-001205;duplicate;removed_confirmed_duplicate:exact_scientific_match:bdsolos_embrapa
bdsolos_embrapa:bdsolos_public_carbono_organico:17838218834171bbbe92df50cfecbc67822275b17e67962.csv:829:13926:46315:90-150:carbon_content;bdsolos_embrapa;bdsolos_public_carbono_organico;829:13926:46315;-6.923333333333334;-59.802;-59.802;-6.923333333333334;EPSG:4326;Brazil;AM;2000-10-12;2000;2000;2000;90;150;60;4.4;Não informado;;;1.13;;;;;;;carbon_content;4.4;g/kg;reported_bdsolos_carbono_organico_g_kg;ok;dup-001206;duplicate;removed_confirmed_duplicate:exact_scientific_match:bdsolos_embrapa
bdsolos_embrapa:bdsolos_public_carbono_organico:17838218834171bbbe92df50cfecbc67822275b17e67962.csv:829:13927:46316:0-40:carbon_content;bdsolos_embrapa;bdsolos_public_carbono_organico;829:13927:46316;-6.801916666666666;-60.04077777777778;-60.04077777777778;-6.801916666666666;EPSG:4326;Brazil;AM;2000-10-12;2000;2000;2000;0;40;40;11.4;Não informado;;;1.21;;;;;;;carbon_content;11.4;g/kg;reported_bdsolos_carbono_organico_g_kg;ok;dup-001167;duplicate;removed_confirmed_duplicate:exact_scientific_match:bdsolos_embrapa
bdsolos_embrapa:bdsolos_public_carbono_organico:17838218834171bbbe92df50cfecbc67822275b17e67962.csv:829:13927:46317:40-54:carbon_content;bdsolos_embrapa;bdsolos_public_carbono_organico;829:13927:46317;-6.801916666666666;-60.04077777777778;-60.04077777777778;-6.801916666666666;EPSG:4326;Brazil;AM;2000-10-12;2000;2000;2000;40;54;14;5.5;Não informado;;;1.38;;;;;;;carbon_content;5.5;g/kg;reported_bdsolos_carbono_organico_g_kg;ok;dup-001169;duplicate;removed_confirmed_duplicate:exact_scientific_match:bdsolos_embrapa
bdsolos_embrapa:bdsolos_public_carbono_organico:17838218834171bbbe92df50cfecbc67822275b17e67962.csv:829:13927:46318:54-72:carbon_content;bdsolos_embrapa;bdsolos_public_carbono_organico;829:13927:46318;-6.801916666666666;-60.04077777777778;-60.04077777777778;-6.801916666666666;EPSG:4326;Brazil;AM;2000-10-12;2000;2000;2000;54;72;18;4.2;Não informado;;;1.46;;;;;;;carbon_content;4.2;g/kg;reported_bdsolos_carbono_organico_g_kg;ok;dup-001170;duplicate;removed_confirmed_duplicate:exact_scientific_match:bdsolos_embrapa
bdsolos_embrapa:bdsolos_public_carbono_organico:17838218834171bbbe92df50cfecbc67822275b17e67962.csv:829:13927:46319:72-145:carbon_content;bdsolos_embrapa;bdsolos_public_carbono_organico;829:13927:46319;-6.801916666666666;-60.04077777777778;-60.04077777777778;-6.801916666666666;EPSG:4326;Brazil;AM;2000-10-12;2000;2000;2000;72;145;73;2.1;Não informado;;;1.46;;;;;;;carbon_content;2.1;g/kg;reported_bdsolos_carbono_organico_g_kg;ok;dup-001171;duplicate;removed_confirmed_duplicate:exact_scientific_match:bdsolos_embrapa
bdsolos_embrapa:bdsolos_public_carbono_organico:17838218834171bbbe92df50cfecbc67822275b17e67962.csv:829:13927:46320:145-200:carbon_content;bdsolos_embrapa;bdsolos_public_carbono_organico;829:13927:46320;-6.801916666666666;-60.04077777777778;-60.04077777777778;-6.801916666666666;EPSG:4326;Brazil;AM;2000-10-12;2000;2000;2000;145;200;55;1.6;Não informado;;;1.44;;;;;;;carbon_content;1.6;g/kg;reported_bdsolos_carbono_organico_g_kg;ok;dup-001168;duplicate;removed_confirmed_duplicate:exact_scientific_match:bdsolos_embrapa
bdsolos_embrapa:bdsolos_public_carbono_organico:17838218834171bbbe92df50cfecbc67822275b17e67962.csv:829:13906:46328:0-16:carbon_content;bdsolos_embrapa;bdsolos_public_carbono_organico;829:13906:46328;-8.021666666666668;-61.86377777777778;-61.86377777777778;-8.021666666666668;EPSG:4326;Brazil;AM;2000-09-26;2000;2000;2000;0;16;16;10.1;Não informado;;;1.44;0.23;;;;;;carbon_content;10.1;g/kg;reported_bdsolos_carbono_organico_g_kg;ok;dup-001483;duplicate;removed_confirmed_duplicate:exact_scientific_match:bdsolos_embrapa
bdsolos_embrapa:bdsolos_public_carbono_organico:17838218834171bbbe92df50cfecbc67822275b17e67962.csv:829:13906:46329:16-40:carbon_content;bdsolos_embrapa;bdsolos_public_carbono_organico;829:13906:46329;-8.021666666666668;-61.86377777777778;-61.86377777777778;-8.021666666666668;EPSG:4326;Brazil;AM;2000-09-26;2000;2000;2000;16;40;24;4.4;Não informado;;;1.4;0.385;;;;;;carbon_content;4.4;g/kg;reported_bdsolos_carbono_organico_g_kg;ok;dup-001485;duplicate;removed_confirmed_duplicate:exact_scientific_match:bdsolos_embrapa
bdsolos_embrapa:bdsolos_public_carbono_organico:17838218834171bbbe92df50cfecbc67822275b17e67962.csv:829:13906:46330:40-65:carbon_content;bdsolos_embrapa;bdsolos_public_carbono_organico;829:13906:46330;-8.021666666666668;-61.86377777777778;-61.86377777777778;-8.021666666666668;EPSG:4326;Brazil;AM;2000-09-26;2000;2000;2000;40;65;25;3.6;Não informado;;;1.63;0.216;;;;;;carbon_content;3.6;g/kg;reported_bdsolos_carbono_organico_g_kg;ok;dup-001486;duplicate;removed_confirmed_duplicate:exact_scientific_match:bdsolos_embrapa
bdsolos_embrapa:bdsolos_public_carbono_organico:17838218834171bbbe92df50cfecbc67822275b17e67962.csv:829:13906:46331:65-85:carbon_content;bdsolos_embrapa;bdsolos_public_carbono_organico;829:13906:46331;-8.021666666666668;-61.86377777777778;-61.86377777777778;-8.021666666666668;EPSG:4326;Brazil;AM;2000-09-26;2000;2000;2000;65;85;20;2.5;Não informado;;;1.74;0.408;;;;;;carbon_content;2.5;g/kg;reported_bdsolos_carbono_organico_g_kg;ok;dup-001487;duplicate;removed_confirmed_duplicate:exact_scientific_match:bdsolos_embrapa
bdsolos_embrapa:bdsolos_public_carbono_organico:17838218834171bbbe92df50cfecbc67822275b17e67962.csv:829:13906:46332:85-137:carbon_content;bdsolos_embrapa;bdsolos_public_carbono_organico;829:13906:46332;-8.021666666666668;-61.86377777777778;-61.86377777777778;-8.021666666666668;EPSG:4326;Brazil;AM;2000-09-26;2000;2000;2000;85;137;52;2.1;Não informado;;;1.5;0.217;;;;;;carbon_content;2.1;g/kg;reported_bdsolos_carbono_organico_g_kg;ok;dup-001488;duplicate;removed_confirmed_duplicate:exact_scientific_match:bdsolos_embrapa
bdsolos_embrapa:bdsolos_public_carbono_organico:17838218834171bbbe92df50cfecbc67822275b17e67962.csv:829:13906:46333:137-200:carbon_content;bdsolos_embrapa;bdsolos_public_carbono_organico;829:13906:46333;-8.021666666666668;-61.86377777777778;-61.86377777777778;-8.021666666666668;EPSG:4326;Brazil;AM;2000-09-26;2000;2000;2000;137;200;63;1.3;Não informado;;;1.4;0.223;;;;;;carbon_content;1.3;g/kg;reported_bdsolos_carbono_organico_g_kg;ok;dup-001484;duplicate;removed_confirmed_duplicate:exact_scientific_match:bdsolos_embrapa
bdsolos_embrapa:bdsolos_public_carbono_organico:17838218834171bbbe92df50cfecbc67822275b17e67962.csv:829:13929:46337:0-30:carbon_content;bdsolos_embrapa;bdsolos_public_carbono_organico;829:13929:46337;-6.877444444444445;-59.225500000000004;-59.225500000000004;-6.877444444444445;EPSG:4326;Brazil;AM;2000-10-16;2000;2000;2000;0;30;30;11.7;Não informado;;;1.21;;;;;;;carbon_content;11.7;g/kg;reported_bdsolos_carbono_organico_g_kg;ok;dup-001193;duplicate;removed_confirmed_duplicate:exact_scientific_match:bdsolos_embrapa
bdsolos_embrapa:bdsolos_public_carbono_organico:17838218834171bbbe92df50cfecbc67822275b17e67962.csv:829:13929:46338:30-50:carbon_content;bdsolos_embrapa;bdsolos_public_carbono_organico;829:13929:46338;-6.877444444444445;-59.225500000000004;-59.225500000000004;-6.877444444444445;EPSG:4326;Brazil;AM;2000-10-16;2000;2000;2000;30;50;20;6;Não informado;;;1.45;;;;;;;carbon_content;6;g/kg;reported_bdsolos_carbono_organico_g_kg;ok;dup-001195;duplicate;removed_confirmed_duplicate:exact_scientific_match:bdsolos_embrapa
bdsolos_embrapa:bdsolos_public_carbono_organico:17838218834171bbbe92df50cfecbc67822275b17e67962.csv:829:13929:46340:96-140:carbon_content;bdsolos_embrapa;bdsolos_public_carbono_organico;829:13929:46340;-6.877444444444445;-59.225500000000004;-59.225500000000004;-6.877444444444445;EPSG:4326;Brazil;AM;2000-10-16;2000;2000;2000;96;140;44;1.9;Não informado;;;1.56;0.085;;;;;;carbon_content;1.9;g/kg;reported_bdsolos_carbono_organico_g_kg;ok;dup-001197;duplicate;removed_confirmed_duplicate:exact_scientific_match:bdsolos_embrapa
bdsolos_embrapa:bdsolos_public_carbono_organico:17838218834171bbbe92df50cfecbc67822275b17e67962.csv:829:13929:46341:140-200:carbon_content;bdsolos_embrapa;bdsolos_public_carbono_organico;829:13929:46341;-6.877444444444445;-59.225500000000004;-59.225500000000004;-6.877444444444445;EPSG:4326;Brazil;AM;2000-10-16;2000;2000;2000;140;200;60;1.5;Não informado;;;1.64;0.039;;;;;;carbon_content;1.5;g/kg;reported_bdsolos_carbono_organico_g_kg;ok;dup-001194;duplicate;removed_confirmed_duplicate:exact_scientific_match:bdsolos_embrapa
bdsolos_embrapa:bdsolos_public_carbono_organico:17838218834171bbbe92df50cfecbc67822275b17e67962.csv:829:13930:46342:0-30:carbon_content;bdsolos_embrapa;bdsolos_public_carbono_organico;829:13930:46342;-6.877444444444445;-59.225500000000004;-59.225500000000004;-6.877444444444445;EPSG:4326;Brazil;AM;2000-10-16;2000;2000;2000;0;30;30;11.7;Não informado;;;1.21;;;;;;;carbon_content;11.7;g/kg;reported_bdsolos_carbono_organico_g_kg;ok;dup-001193;duplicate;removed_confirmed_duplicate:exact_scientific_match:bdsolos_embrapa
bdsolos_embrapa:bdsolos_public_carbono_organico:17838218834171bbbe92df50cfecbc67822275b17e67962.csv:829:13930:46343:30-50:carbon_content;bdsolos_embrapa;bdsolos_public_carbono_organico;829:13930:46343;-6.877444444444445;-59.225500000000004;-59.225500000000004;-6.877444444444445;EPSG:4326;Brazil;AM;2000-10-16;2000;2000;2000;30;50;20;6;Não informado;;;1.45;;;;;;;carbon_content;6;g/kg;reported_bdsolos_carbono_organico_g_kg;ok;dup-001195;duplicate;removed_confirmed_duplicate:exact_scientific_match:bdsolos_embrapa
bdsolos_embrapa:bdsolos_public_carbono_organico:17838218834171bbbe92df50cfecbc67822275b17e67962.csv:829:13930:46344:50-96:carbon_content;bdsolos_embrapa;bdsolos_public_carbono_organico;829:13930:46344;-6.877444444444445;-59.225500000000004;-59.225500000000004;-6.877444444444445;EPSG:4326;Brazil;AM;2000-10-16;2000;2000;2000;50;96;46;2.4;Não informado;;;1.43;0.018;;;;;;carbon_content;2.4;g/kg;reported_bdsolos_carbono_organico_g_kg;ok;dup-001196;duplicate;removed_confirmed_duplicate:exact_scientific_match:bdsolos_embrapa
bdsolos_embrapa:bdsolos_public_carbono_organico:17838218834171bbbe92df50cfecbc67822275b17e67962.csv:829:13930:46345:96-140:carbon_content;bdsolos_embrapa;bdsolos_public_carbono_organico;829:13930:46345;-6.877444444444445;-59.225500000000004;-59.225500000000004;-6.877444444444445;EPSG:4326;Brazil;AM;2000-10-16;2000;2000;2000;96;140;44;1.9;Não informado;;;1.56;0.085;;;;;;carbon_content;1.9;g/kg;reported_bdsolos_carbono_organico_g_kg;ok;dup-001197;duplicate;removed_confirmed_duplicate:exact_scientific_match:bdsolos_embrapa
bdsolos_embrapa:bdsolos_public_carbono_organico:17838218834171bbbe92df50cfecbc67822275b17e67962.csv:829:13930:46346:140-200:carbon_content;bdsolos_embrapa;bdsolos_public_carbono_organico;829:13930:46346;-6.877444444444445;-59.225500000000004;-59.225500000000004;-6.877444444444445;EPSG:4326;Brazil;AM;2000-10-16;2000;2000;2000;140;200;60;1.5;Não informado;;;1.64;0.039;;;;;;carbon_content;1.5;g/kg;reported_bdsolos_carbono_organico_g_kg;ok;dup-001194;duplicate;removed_confirmed_duplicate:exact_scientific_match:bdsolos_embrapa
bdsolos_embrapa:bdsolos_public_carbono_organico:17838218834171bbbe92df50cfecbc67822275b17e67962.csv:829:13931:46347:0-30:carbon_content;bdsolos_embrapa;bdsolos_public_carbono_organico;829:13931:46347;-6.968527777777778;-59.9135;-59.9135;-6.968527777777778;EPSG:4326;Brazil;AM;2000-10-17;2000;2000;2000;0;30;30;17.4;Não informado;;;0.99;;;;;;;carbon_content;17.4;g/kg;reported_bdsolos_carbono_organico_g_kg;ok;dup-001211;duplicate;removed_confirmed_duplicate:exact_scientific_match:bdsolos_embrapa
bdsolos_embrapa:bdsolos_public_carbono_organico:17838218834171bbbe92df50cfecbc67822275b17e67962.csv:829:13931:46348:30-43:carbon_content;bdsolos_embrapa;bdsolos_public_carbono_organico;829:13931:46348;-6.968527777777778;-59.9135;-59.9135;-6.968527777777778;EPSG:4326;Brazil;AM;2000-10-17;2000;2000;2000;30;43;13;19.9;Não informado;;;0.9;;;;;;;carbon_content;19.9;g/kg;reported_bdsolos_carbono_organico_g_kg;ok;dup-001213;duplicate;removed_confirmed_duplicate:exact_scientific_match:bdsolos_embrapa
bdsolos_embrapa:bdsolos_public_carbono_organico:17838218834171bbbe92df50cfecbc67822275b17e67962.csv:829:13931:46349:43-80:carbon_content;bdsolos_embrapa;bdsolos_public_carbono_organico;829:13931:46349;-6.968527777777778;-59.9135;-59.9135;-6.968527777777778;EPSG:4326;Brazil;AM;2000-10-17;2000;2000;2000;43;80;37;12.4;Não informado;;;1.08;;;;;;;carbon_content;12.4;g/kg;reported_bdsolos_carbono_organico_g_kg;ok;dup-001214;duplicate;removed_confirmed_duplicate:exact_scientific_match:bdsolos_embrapa
bdsolos_embrapa:bdsolos_public_carbono_organico:17838218834171bbbe92df50cfecbc67822275b17e67962.csv:829:13931:46350:80-132:carbon_content;bdsolos_embrapa;bdsolos_public_carbono_organico;829:13931:46350;-6.968527777777778;-59.9135;-59.9135;-6.968527777777778;EPSG:4326;Brazil;AM;2000-10-17;2000;2000;2000;80;132;52;10.5;Não informado;;;1.02;;;;;;;carbon_content;10.5;g/kg;reported_bdsolos_carbono_organico_g_kg;ok;dup-001215;duplicate;removed_confirmed_duplicate:exact_scientific_match:bdsolos_embrapa
bdsolos_embrapa:bdsolos_public_carbono_organico:17838218834171bbbe92df50cfecbc67822275b17e67962.csv:829:13931:46351:132-190:carbon_content;bdsolos_embrapa;bdsolos_public_carbono_organico;829:13931:46351;-6.968527777777778;-59.9135;-59.9135;-6.968527777777778;EPSG:4326;Brazil;AM;2000-10-17;2000;2000;2000;132;190;58;3.4;Não informado;;;1.17;;;;;;;carbon_content;3.4;g/kg;reported_bdsolos_carbono_organico_g_kg;ok;dup-001212;duplicate;removed_confirmed_duplicate:exact_scientific_match:bdsolos_embrapa
bdsolos_embrapa:bdsolos_public_carbono_organico:17838218834171bbbe92df50cfecbc67822275b17e67962.csv:829:13932:46354:30-60:carbon_content;bdsolos_embrapa;bdsolos_public_carbono_organico;829:13932:46354;-6.512472222222223;-58.44625;-58.44625;-6.512472222222223;EPSG:4326;Brazil;AM;2000-10-19;2000;2000;2000;30;60;30;2.7;Não informado;;;1.06;0.264;;;;;;carbon_content;2.7;g/kg;reported_bdsolos_carbono_organico_g_kg;ok;dup-001127;duplicate;removed_confirmed_duplicate:exact_scientific_match:bdsolos_embrapa
bdsolos_embrapa:bdsolos_public_carbono_organico:17838218834171bbbe92df50cfecbc67822275b17e67962.csv:829:13932:46355:60-110:carbon_content;bdsolos_embrapa;bdsolos_public_carbono_organico;829:13932:46355;-6.512472222222223;-58.44625;-58.44625;-6.512472222222223;EPSG:4326;Brazil;AM;2000-10-19;2000;2000;2000;60;110;50;1.4;Não informado;;;1.42;0.015;;;;;;carbon_content;1.4;g/kg;reported_bdsolos_carbono_organico_g_kg;ok;dup-001128;duplicate;removed_confirmed_duplicate:exact_scientific_match:bdsolos_embrapa
bdsolos_embrapa:bdsolos_public_carbono_organico:17838218834171bbbe92df50cfecbc67822275b17e67962.csv:829:13932:46356:110-200:carbon_content;bdsolos_embrapa;bdsolos_public_carbono_organico;829:13932:46356;-6.512472222222223;-58.44625;-58.44625;-6.512472222222223;EPSG:4326;Brazil;AM;2000-10-19;2000;2000;2000;110;200;90;0.8;Não informado;;;1.35;;;;;;;carbon_content;0.8;g/kg;reported_bdsolos_carbono_organico_g_kg;ok;dup-001125;duplicate;removed_confirmed_duplicate:exact_scientific_match:bdsolos_embrapa
bdsolos_embrapa:bdsolos_public_carbono_organico:17838218834171bbbe92df50cfecbc67822275b17e67962.csv:829:13933:46357:0-18:carbon_content;bdsolos_embrapa;bdsolos_public_carbono_organico;829:13933:46357;-6.592972222222222;-58.610305555555556;-58.610305555555556;-6.592972222222222;EPSG:4326;Brazil;AM;2000-10-19;2000;2000;2000;0;18;18;5.9;Não informado;;;1.51;0.056;;;;;;carbon_content;5.9;g/kg;reported_bdsolos_carbono_organico_g_kg;ok;dup-001132;duplicate;removed_confirmed_duplicate:exact_scientific_match:bdsolos_embrapa
bdsolos_embrapa:bdsolos_public_carbono_organico:17838218834171bbbe92df50cfecbc67822275b17e67962.csv:829:13933:46358:18-64:carbon_content;bdsolos_embrapa;bdsolos_public_carbono_organico;829:13933:46358;-6.592972222222222;-58.610305555555556;-58.610305555555556;-6.592972222222222;EPSG:4326;Brazil;AM;2000-10-19;2000;2000;2000;18;64;46;3;Não informado;;;1.5;0.065;;;;;;carbon_content;3;g/kg;reported_bdsolos_carbono_organico_g_kg;ok;dup-001134;duplicate;removed_confirmed_duplicate:exact_scientific_match:bdsolos_embrapa
bdsolos_embrapa:bdsolos_public_carbono_organico:17838218834171bbbe92df50cfecbc67822275b17e67962.csv:829:13933:46359:64-150:carbon_content;bdsolos_embrapa;bdsolos_public_carbono_organico;829:13933:46359;-6.592972222222222;-58.610305555555556;-58.610305555555556;-6.592972222222222;EPSG:4326;Brazil;AM;2000-10-19;2000;2000;2000;64;150;86;1.2;Não informado;;;1.39;0.067;;;;;;carbon_content;1.2;g/kg;reported_bdsolos_carbono_organico_g_kg;ok;dup-001135;duplicate;removed_confirmed_duplicate:exact_scientific_match:bdsolos_embrapa
bdsolos_embrapa:bdsolos_public_carbono_organico:17838218834171bbbe92df50cfecbc67822275b17e67962.csv:829:13933:46360:150-210:carbon_content;bdsolos_embrapa;bdsolos_public_carbono_organico;829:13933:46360;-6.592972222222222;-58.610305555555556;-58.610305555555556;-6.592972222222222;EPSG:4326;Brazil;AM;2000-10-19;2000;2000;2000;150;210;60;1;Não informado;;;1.47;0.058;;;;;;carbon_content;1;g/kg;reported_bdsolos_carbono_organico_g_kg;ok;dup-001133;duplicate;removed_confirmed_duplicate:exact_scientific_match:bdsolos_embrapa
bdsolos_embrapa:bdsolos_public_carbono_organico:17838218834171bbbe92df50cfecbc67822275b17e67962.csv:829:13934:46361:0-13:carbon_content;bdsolos_embrapa;bdsolos_public_carbono_organico;829:13934:46361;-5.9911666666666665;-60.13761111111111;-60.13761111111111;-5.9911666666666665;EPSG:4326;Brazil;AM;2000-10-20;2000;2000;2000;0;13;13;12;Não informado;;;1.08;;;;;;;carbon_content;12;g/kg;reported_bdsolos_carbono_organico_g_kg;ok;dup-001084;duplicate;removed_confirmed_duplicate:exact_scientific_match:bdsolos_embrapa
bdsolos_embrapa:bdsolos_public_carbono_organico:17838218834171bbbe92df50cfecbc67822275b17e67962.csv:829:13934:46362:13-26:carbon_content;bdsolos_embrapa;bdsolos_public_carbono_organico;829:13934:46362;-5.9911666666666665;-60.13761111111111;-60.13761111111111;-5.9911666666666665;EPSG:4326;Brazil;AM;2000-10-20;2000;2000;2000;13;26;13;11.9;Não informado;;;1.26;;;;;;;carbon_content;11.9;g/kg;reported_bdsolos_carbono_organico_g_kg;ok;dup-001086;duplicate;removed_confirmed_duplicate:exact_scientific_match:bdsolos_embrapa
bdsolos_embrapa:bdsolos_public_carbono_organico:17838218834171bbbe92df50cfecbc67822275b17e67962.csv:829:13934:46363:26-69:carbon_content;bdsolos_embrapa;bdsolos_public_carbono_organico;829:13934:46363;-5.9911666666666665;-60.13761111111111;-60.13761111111111;-5.9911666666666665;EPSG:4326;Brazil;AM;2000-10-20;2000;2000;2000;26;69;43;6.5;Não informado;;;1.29;;;;;;;carbon_content;6.5;g/kg;reported_bdsolos_carbono_organico_g_kg;ok;dup-001087;duplicate;removed_confirmed_duplicate:exact_scientific_match:bdsolos_embrapa
bdsolos_embrapa:bdsolos_public_carbono_organico:17838218834171bbbe92df50cfecbc67822275b17e67962.csv:829:13934:46364:69-120:carbon_content;bdsolos_embrapa;bdsolos_public_carbono_organico;829:13934:46364;-5.9911666666666665;-60.13761111111111;-60.13761111111111;-5.9911666666666665;EPSG:4326;Brazil;AM;2000-10-20;2000;2000;2000;69;120;51;3.5;Não informado;;;1.21;;;;;;;carbon_content;3.5;g/kg;reported_bdsolos_carbono_organico_g_kg;ok;dup-001088;duplicate;removed_confirmed_duplicate:exact_scientific_match:bdsolos_embrapa
bdsolos_embrapa:bdsolos_public_carbono_organico:17838218834171bbbe92df50cfecbc67822275b17e67962.csv:829:13934:46365:120-200:carbon_content;bdsolos_embrapa;bdsolos_public_carbono_organico;829:13934:46365;-5.9911666666666665;-60.13761111111111;-60.13761111111111;-5.9911666666666665;EPSG:4326;Brazil;AM;2000-10-20;2000;2000;2000;120;200;80;2.8;Não informado;;;1.23;;;;;;;carbon_content;2.8;g/kg;reported_bdsolos_carbono_organico_g_kg;ok;dup-001085;duplicate;removed_confirmed_duplicate:exact_scientific_match:bdsolos_embrapa
bdsolos_embrapa:bdsolos_public_carbono_organico:17838218834171bbbe92df50cfecbc67822275b17e67962.csv:829:13936:46371:0-20:carbon_content;bdsolos_embrapa;bdsolos_public_carbono_organico;829:13936:46371;-5.828194444444444;-61.30358333333333;-61.30358333333333;-5.828194444444444;EPSG:4326;Brazil;AM;1999-10-16;1999;1999;1999;0;20;20;11.1;Não informado;;;1.33;;;;;;;carbon_content;11.1;g/kg;reported_bdsolos_carbono_organico_g_kg;ok;dup-001063;duplicate;removed_confirmed_duplicate:exact_scientific_match:bdsolos_embrapa
bdsolos_embrapa:bdsolos_public_carbono_organico:17838218834171bbbe92df50cfecbc67822275b17e67962.csv:829:13936:46372:20-43:carbon_content;bdsolos_embrapa;bdsolos_public_carbono_organico;829:13936:46372;-5.828194444444444;-61.30358333333333;-61.30358333333333;-5.828194444444444;EPSG:4326;Brazil;AM;1999-10-16;1999;1999;1999;20;43;23;7.1;Não informado;;;1.35;;;;;;;carbon_content;7.1;g/kg;reported_bdsolos_carbono_organico_g_kg;ok;dup-001065;duplicate;removed_confirmed_duplicate:exact_scientific_match:bdsolos_embrapa
bdsolos_embrapa:bdsolos_public_carbono_organico:17838218834171bbbe92df50cfecbc67822275b17e67962.csv:829:13937:46373:0-16:carbon_content;bdsolos_embrapa;bdsolos_public_carbono_organico;829:13937:46373;-6.803944444444444;-62.60175;-62.60175;-6.803944444444444;EPSG:4326;Brazil;AM;1999-10-11;1999;1999;1999;0;16;16;9.2;Não informado;;;1.89;;;;;;;carbon_content;9.2;g/kg;reported_bdsolos_carbono_organico_g_kg;ok;dup-001179;duplicate;removed_confirmed_duplicate:exact_scientific_match:bdsolos_embrapa
bdsolos_embrapa:bdsolos_public_carbono_organico:17838218834171bbbe92df50cfecbc67822275b17e67962.csv:829:13937:46374:16-36:carbon_content;bdsolos_embrapa;bdsolos_public_carbono_organico;829:13937:46374;-6.803944444444444;-62.60175;-62.60175;-6.803944444444444;EPSG:4326;Brazil;AM;1999-10-11;1999;1999;1999;16;36;20;7.8;Não informado;;;1.89;;;;;;;carbon_content;7.8;g/kg;reported_bdsolos_carbono_organico_g_kg;ok;dup-001180;duplicate;removed_confirmed_duplicate:exact_scientific_match:bdsolos_embrapa
bdsolos_embrapa:bdsolos_public_carbono_organico:17838218834171bbbe92df50cfecbc67822275b17e67962.csv:829:13937:46375:36-92:carbon_content;bdsolos_embrapa;bdsolos_public_carbono_organico;829:13937:46375;-6.803944444444444;-62.60175;-62.60175;-6.803944444444444;EPSG:4326;Brazil;AM;1999-10-11;1999;1999;1999;36;92;56;5.4;Não informado;;;1.9;;;;;;;carbon_content;5.4;g/kg;reported_bdsolos_carbono_organico_g_kg;ok;dup-001181;duplicate;removed_confirmed_duplicate:exact_scientific_match:bdsolos_embrapa
bdsolos_embrapa:bdsolos_public_carbono_organico:17838218834171bbbe92df50cfecbc67822275b17e67962.csv:829:13937:46376:92-200:carbon_content;bdsolos_embrapa;bdsolos_public_carbono_organico;829:13937:46376;-6.803944444444444;-62.60175;-62.60175;-6.803944444444444;EPSG:4326;Brazil;AM;1999-10-11;1999;1999;1999;92;200;108;4;Não informado;;;1.96;;;;;;;carbon_content;4;g/kg;reported_bdsolos_carbono_organico_g_kg;ok;dup-001182;duplicate;removed_confirmed_duplicate:exact_scientific_match:bdsolos_embrapa
bdsolos_embrapa:bdsolos_public_carbono_organico:17838218834171bbbe92df50cfecbc67822275b17e67962.csv:829:13938:46377:0-20:carbon_content;bdsolos_embrapa;bdsolos_public_carbono_organico;829:13938:46377;-6.422583333333334;-62.28075;-62.28075;-6.422583333333334;EPSG:4326;Brazil;AM;1999-10-12;1999;1999;1999;0;20;20;9.5;Não informado;;;1.05;;;;;;;carbon_content;9.5;g/kg;reported_bdsolos_carbono_organico_g_kg;ok;dup-001112;duplicate;removed_confirmed_duplicate:exact_scientific_match:bdsolos_embrapa
bdsolos_embrapa:bdsolos_public_carbono_organico:17838218834171bbbe92df50cfecbc67822275b17e67962.csv:829:13938:46379:35-58:carbon_content;bdsolos_embrapa;bdsolos_public_carbono_organico;829:13938:46379;-6.422583333333334;-62.28075;-62.28075;-6.422583333333334;EPSG:4326;Brazil;AM;1999-10-12;1999;1999;1999;35;58;23;3.2;Não informado;;;1.24;;;;;;;carbon_content;3.2;g/kg;reported_bdsolos_carbono_organico_g_kg;ok;dup-001117;duplicate;removed_confirmed_duplicate:exact_scientific_match:bdsolos_embrapa
bdsolos_embrapa:bdsolos_public_carbono_organico:17838218834171bbbe92df50cfecbc67822275b17e67962.csv:829:13938:46380:58-102:carbon_content;bdsolos_embrapa;bdsolos_public_carbono_organico;829:13938:46380;-6.422583333333334;-62.28075;-62.28075;-6.422583333333334;EPSG:4326;Brazil;AM;1999-10-12;1999;1999;1999;58;102;44;2.8;Não informado;;;1.28;;;;;;;carbon_content;2.8;g/kg;reported_bdsolos_carbono_organico_g_kg;ok;dup-001118;duplicate;removed_confirmed_duplicate:exact_scientific_match:bdsolos_embrapa
bdsolos_embrapa:bdsolos_public_carbono_organico:17838218834171bbbe92df50cfecbc67822275b17e67962.csv:829:13938:46381:102-140:carbon_content;bdsolos_embrapa;bdsolos_public_carbono_organico;829:13938:46381;-6.422583333333334;-62.28075;-62.28075;-6.422583333333334;EPSG:4326;Brazil;AM;1999-10-12;1999;1999;1999;102;140;38;1.9;Não informado;;;1.31;;;;;;;carbon_content;1.9;g/kg;reported_bdsolos_carbono_organico_g_kg;ok;dup-001113;duplicate;removed_confirmed_duplicate:exact_scientific_match:bdsolos_embrapa
bdsolos_embrapa:bdsolos_public_carbono_organico:17838218834171bbbe92df50cfecbc67822275b17e67962.csv:829:13938:46382:140-200:carbon_content;bdsolos_embrapa;bdsolos_public_carbono_organico;829:13938:46382;-6.422583333333334;-62.28075;-62.28075;-6.422583333333334;EPSG:4326;Brazil;AM;1999-10-12;1999;1999;1999;140;200;60;1.3;Não informado;;;1.42;;;;;;;carbon_content;1.3;g/kg;reported_bdsolos_carbono_organico_g_kg;ok;dup-001114;duplicate;removed_confirmed_duplicate:exact_scientific_match:bdsolos_embrapa
bdsolos_embrapa:bdsolos_public_carbono_organico:17838218834171bbbe92df50cfecbc67822275b17e67962.csv:829:13938:46383:200-240:carbon_content;bdsolos_embrapa;bdsolos_public_carbono_organico;829:13938:46383;-6.422583333333334;-62.28075;-62.28075;-6.422583333333334;EPSG:4326;Brazil;AM;1999-10-12;1999;1999;1999;200;240;40;1.4;Não informado;;;1.33;;;;;;;carbon_content;1.4;g/kg;reported_bdsolos_carbono_organico_g_kg;ok;dup-001116;duplicate;removed_confirmed_duplicate:exact_scientific_match:bdsolos_embrapa
bdsolos_embrapa:bdsolos_public_carbono_organico:17838218834171bbbe92df50cfecbc67822275b17e67962.csv:829:13939:46391:0-24:carbon_content;bdsolos_embrapa;bdsolos_public_carbono_organico;829:13939:46391;-6.0416944444444445;-61.725944444444444;-61.725944444444444;-6.0416944444444445;EPSG:4326;Brazil;AM;1999-10-14;1999;1999;1999;0;24;24;9.4;Não informado;;;1.93;;;;;;;carbon_content;9.4;g/kg;reported_bdsolos_carbono_organico_g_kg;ok;dup-001089;duplicate;removed_confirmed_duplicate:exact_scientific_match:bdsolos_embrapa
bdsolos_embrapa:bdsolos_public_carbono_organico:17838218834171bbbe92df50cfecbc67822275b17e67962.csv:829:13939:46392:24-48:carbon_content;bdsolos_embrapa;bdsolos_public_carbono_organico;829:13939:46392;-6.0416944444444445;-61.725944444444444;-61.725944444444444;-6.0416944444444445;EPSG:4326;Brazil;AM;1999-10-14;1999;1999;1999;24;48;24;3.3;Não informado;;;1.02;;;;;;;carbon_content;3.3;g/kg;reported_bdsolos_carbono_organico_g_kg;ok;dup-001092;duplicate;removed_confirmed_duplicate:exact_scientific_match:bdsolos_embrapa
bdsolos_embrapa:bdsolos_public_carbono_organico:17838218834171bbbe92df50cfecbc67822275b17e67962.csv:829:13939:46393:48-70:carbon_content;bdsolos_embrapa;bdsolos_public_carbono_organico;829:13939:46393;-6.0416944444444445;-61.725944444444444;-61.725944444444444;-6.0416944444444445;EPSG:4326;Brazil;AM;1999-10-14;1999;1999;1999;48;70;22;2.2;Não informado;;;2.1;;;;;;;carbon_content;2.2;g/kg;reported_bdsolos_carbono_organico_g_kg;ok;dup-001094;duplicate;removed_confirmed_duplicate:exact_scientific_match:bdsolos_embrapa
bdsolos_embrapa:bdsolos_public_carbono_organico:17838218834171bbbe92df50cfecbc67822275b17e67962.csv:829:13939:46394:70-110:carbon_content;bdsolos_embrapa;bdsolos_public_carbono_organico;829:13939:46394;-6.0416944444444445;-61.725944444444444;-61.725944444444444;-6.0416944444444445;EPSG:4326;Brazil;AM;1999-10-14;1999;1999;1999;70;110;40;2.8;Não informado;;;1.02;;;;;;;carbon_content;2.8;g/kg;reported_bdsolos_carbono_organico_g_kg;ok;dup-001095;duplicate;removed_confirmed_duplicate:exact_scientific_match:bdsolos_embrapa
bdsolos_embrapa:bdsolos_public_carbono_organico:17838218834171bbbe92df50cfecbc67822275b17e67962.csv:829:13939:46395:110-150:carbon_content;bdsolos_embrapa;bdsolos_public_carbono_organico;829:13939:46395;-6.0416944444444445;-61.725944444444444;-61.725944444444444;-6.0416944444444445;EPSG:4326;Brazil;AM;1999-10-14;1999;1999;1999;110;150;40;2.9;Não informado;;;2.01;;;;;;;carbon_content;2.9;g/kg;reported_bdsolos_carbono_organico_g_kg;ok;dup-001090;duplicate;removed_confirmed_duplicate:exact_scientific_match:bdsolos_embrapa
bdsolos_embrapa:bdsolos_public_carbono_organico:17838218834171bbbe92df50cfecbc67822275b17e67962.csv:829:13939:46396:150-200:carbon_content;bdsolos_embrapa;bdsolos_public_carbono_organico;829:13939:46396;-6.0416944444444445;-61.725944444444444;-61.725944444444444;-6.0416944444444445;EPSG:4326;Brazil;AM;1999-10-14;1999;1999;1999;150;200;50;3.1;Não informado;;;2.03;;;;;;;carbon_content;3.1;g/kg;reported_bdsolos_carbono_organico_g_kg;ok;dup-001091;duplicate;removed_confirmed_duplicate:exact_scientific_match:bdsolos_embrapa
bdsolos_embrapa:bdsolos_public_carbono_organico:17838218834171bbbe92df50cfecbc67822275b17e67962.csv:829:13939:46397:260-300:carbon_content;bdsolos_embrapa;bdsolos_public_carbono_organico;829:13939:46397;-6.0416944444444445;-61.725944444444444;-61.725944444444444;-6.0416944444444445;EPSG:4326;Brazil;AM;1999-10-14;1999;1999;1999;260;300;40;2.9;Não informado;;;2.04;;;;;;;carbon_content;2.9;g/kg;reported_bdsolos_carbono_organico_g_kg;ok;dup-001093;duplicate;removed_confirmed_duplicate:exact_scientific_match:bdsolos_embrapa
bdsolos_embrapa:bdsolos_public_carbono_organico:17838218834171bbbe92df50cfecbc67822275b17e67962.csv:829:13940:46398:0-10:carbon_content;bdsolos_embrapa;bdsolos_public_carbono_organico;829:13940:46398;-5.878472222222222;-61.39072222222222;-61.39072222222222;-5.878472222222222;EPSG:4326;Brazil;AM;1999-10-15;1999;1999;1999;0;10;10;28.8;Não informado;;;1.83;;;;;;;carbon_content;28.8;g/kg;reported_bdsolos_carbono_organico_g_kg;ok;dup-001074;duplicate;removed_confirmed_duplicate:exact_scientific_match:bdsolos_embrapa
bdsolos_embrapa:bdsolos_public_carbono_organico:17838218834171bbbe92df50cfecbc67822275b17e67962.csv:829:13940:46399:10-22:carbon_content;bdsolos_embrapa;bdsolos_public_carbono_organico;829:13940:46399;-5.878472222222222;-61.39072222222222;-61.39072222222222;-5.878472222222222;EPSG:4326;Brazil;AM;1999-10-15;1999;1999;1999;10;22;12;10.2;Não informado;;;2;;;;;;;carbon_content;10.2;g/kg;reported_bdsolos_carbono_organico_g_kg;ok;dup-001075;duplicate;removed_confirmed_duplicate:exact_scientific_match:bdsolos_embrapa
bdsolos_embrapa:bdsolos_public_carbono_organico:17838218834171bbbe92df50cfecbc67822275b17e67962.csv:829:13940:46400:22-54:carbon_content;bdsolos_embrapa;bdsolos_public_carbono_organico;829:13940:46400;-5.878472222222222;-61.39072222222222;-61.39072222222222;-5.878472222222222;EPSG:4326;Brazil;AM;1999-10-15;1999;1999;1999;22;54;32;3.9;Não informado;;;2.02;;;;;;;carbon_content;3.9;g/kg;reported_bdsolos_carbono_organico_g_kg;ok;dup-001076;duplicate;removed_confirmed_duplicate:exact_scientific_match:bdsolos_embrapa
bdsolos_embrapa:bdsolos_public_carbono_organico:17838218834171bbbe92df50cfecbc67822275b17e67962.csv:829:13940:46401:54-86:carbon_content;bdsolos_embrapa;bdsolos_public_carbono_organico;829:13940:46401;-5.878472222222222;-61.39072222222222;-61.39072222222222;-5.878472222222222;EPSG:4326;Brazil;AM;1999-10-15;1999;1999;1999;54;86;32;3;Não informado;;;2.01;;;;;;;carbon_content;3;g/kg;reported_bdsolos_carbono_organico_g_kg;ok;dup-001077;duplicate;removed_confirmed_duplicate:exact_scientific_match:bdsolos_embrapa
bdsolos_embrapa:bdsolos_public_carbono_organico:17838218834171bbbe92df50cfecbc67822275b17e67962.csv:829:13940:46402:86-150:carbon_content;bdsolos_embrapa;bdsolos_public_carbono_organico;829:13940:46402;-5.878472222222222;-61.39072222222222;-61.39072222222222;-5.878472222222222;EPSG:4326;Brazil;AM;1999-10-15;1999;1999;1999;86;150;64;1.7;Não informado;;;2.07;;;;;;;carbon_content;1.7;g/kg;reported_bdsolos_carbono_organico_g_kg;ok;dup-001078;duplicate;removed_confirmed_duplicate:exact_scientific_match:bdsolos_embrapa
bdsolos_embrapa:bdsolos_public_carbono_organico:17838218834171bbbe92df50cfecbc67822275b17e67962.csv:829:13941:46405:0-17:carbon_content;bdsolos_embrapa;bdsolos_public_carbono_organico;829:13941:46405;-5.636416666666666;-61.05772222222222;-61.05772222222222;-5.636416666666666;EPSG:4326;Brazil;AM;1999-10-19;1999;1999;1999;0;17;17;28.2;Não informado;;;1.95;;;;;;;carbon_content;28.2;g/kg;reported_bdsolos_carbono_organico_g_kg;ok;dup-001037;duplicate;removed_confirmed_duplicate:exact_scientific_match:bdsolos_embrapa
bdsolos_embrapa:bdsolos_public_carbono_organico:17838218834171bbbe92df50cfecbc67822275b17e67962.csv:829:13941:46406:17-39:carbon_content;bdsolos_embrapa;bdsolos_public_carbono_organico;829:13941:46406;-5.636416666666666;-61.05772222222222;-61.05772222222222;-5.636416666666666;EPSG:4326;Brazil;AM;1999-10-19;1999;1999;1999;17;39;22;7.4;Não informado;;;2.14;;;;;;;carbon_content;7.4;g/kg;reported_bdsolos_carbono_organico_g_kg;ok;dup-001039;duplicate;removed_confirmed_duplicate:exact_scientific_match:bdsolos_embrapa
bdsolos_embrapa:bdsolos_public_carbono_organico:17838218834171bbbe92df50cfecbc67822275b17e67962.csv:829:13941:46407:39-82:carbon_content;bdsolos_embrapa;bdsolos_public_carbono_organico;829:13941:46407;-5.636416666666666;-61.05772222222222;-61.05772222222222;-5.636416666666666;EPSG:4326;Brazil;AM;1999-10-19;1999;1999;1999;39;82;43;4.8;Não informado;;;2.12;;;;;;;carbon_content;4.8;g/kg;reported_bdsolos_carbono_organico_g_kg;ok;dup-001041;duplicate;removed_confirmed_duplicate:exact_scientific_match:bdsolos_embrapa
bdsolos_embrapa:bdsolos_public_carbono_organico:17838218834171bbbe92df50cfecbc67822275b17e67962.csv:829:13941:46408:82-120:carbon_content;bdsolos_embrapa;bdsolos_public_carbono_organico;829:13941:46408;-5.636416666666666;-61.05772222222222;-61.05772222222222;-5.636416666666666;EPSG:4326;Brazil;AM;1999-10-19;1999;1999;1999;82;120;38;4.8;Não informado;;;2.08;;;;;;;carbon_content;4.8;g/kg;reported_bdsolos_carbono_organico_g_kg;ok;dup-001042;duplicate;removed_confirmed_duplicate:exact_scientific_match:bdsolos_embrapa
bdsolos_embrapa:bdsolos_public_carbono_organico:17838218834171bbbe92df50cfecbc67822275b17e67962.csv:829:13941:46409:120-200:carbon_content;bdsolos_embrapa;bdsolos_public_carbono_organico;829:13941:46409;-5.636416666666666;-61.05772222222222;-61.05772222222222;-5.636416666666666;EPSG:4326;Brazil;AM;1999-10-19;1999;1999;1999;120;200;80;2.5;Não informado;;;2.1;;;;;;;carbon_content;2.5;g/kg;reported_bdsolos_carbono_organico_g_kg;ok;dup-001038;duplicate;removed_confirmed_duplicate:exact_scientific_match:bdsolos_embrapa
bdsolos_embrapa:bdsolos_public_carbono_organico:17838218834171bbbe92df50cfecbc67822275b17e67962.csv:829:13941:46410:200-300:carbon_content;bdsolos_embrapa;bdsolos_public_carbono_organico;829:13941:46410;-5.636416666666666;-61.05772222222222;-61.05772222222222;-5.636416666666666;EPSG:4326;Brazil;AM;1999-10-19;1999;1999;1999;200;300;100;1.4;Não informado;;;2.14;;;;;;;carbon_content;1.4;g/kg;reported_bdsolos_carbono_organico_g_kg;ok;dup-001040;duplicate;removed_confirmed_duplicate:exact_scientific_match:bdsolos_embrapa
bdsolos_embrapa:bdsolos_public_carbono_organico:17838218834171bbbe92df50cfecbc67822275b17e67962.csv:829:13936:46411:43-55:carbon_content;bdsolos_embrapa;bdsolos_public_carbono_organico;829:13936:46411;-5.828194444444444;-61.30358333333333;-61.30358333333333;-5.828194444444444;EPSG:4326;Brazil;AM;1999-10-16;1999;1999;1999;43;55;12;4.2;Não informado;;;1.3;;;;;;;carbon_content;4.2;g/kg;reported_bdsolos_carbono_organico_g_kg;ok;dup-001067;duplicate;removed_confirmed_duplicate:exact_scientific_match:bdsolos_embrapa
bdsolos_embrapa:bdsolos_public_carbono_organico:17838218834171bbbe92df50cfecbc67822275b17e67962.csv:829:13951:46424:0-35:carbon_content;bdsolos_embrapa;bdsolos_public_carbono_organico;829:13951:46424;-6.234138888888889;-62.24538888888889;-62.24538888888889;-6.234138888888889;EPSG:4326;Brazil;AM;1999-10-13;1999;1999;1999;0;35;35;33.4;Não informado;;;1.02;;;;;;;carbon_content;33.4;g/kg;reported_bdsolos_carbono_organico_g_kg;ok;dup-001103;duplicate;removed_confirmed_duplicate:exact_scientific_match:bdsolos_embrapa
bdsolos_embrapa:bdsolos_public_carbono_organico:17838218834171bbbe92df50cfecbc67822275b17e67962.csv:829:13951:46425:35-50:carbon_content;bdsolos_embrapa;bdsolos_public_carbono_organico;829:13951:46425;-6.234138888888889;-62.24538888888889;-62.24538888888889;-6.234138888888889;EPSG:4326;Brazil;AM;1999-10-13;1999;1999;1999;35;50;15;15.2;Não informado;;;1.26;0.008;;;;;;carbon_content;15.2;g/kg;reported_bdsolos_carbono_organico_g_kg;ok;dup-001106;duplicate;removed_confirmed_duplicate:exact_scientific_match:bdsolos_embrapa
bdsolos_embrapa:bdsolos_public_carbono_organico:17838218834171bbbe92df50cfecbc67822275b17e67962.csv:829:13951:46426:50-63:carbon_content;bdsolos_embrapa;bdsolos_public_carbono_organico;829:13951:46426;-6.234138888888889;-62.24538888888889;-62.24538888888889;-6.234138888888889;EPSG:4326;Brazil;AM;1999-10-13;1999;1999;1999;50;63;13;10.1;Não informado;;;1.36;;;;;;;carbon_content;10.1;g/kg;reported_bdsolos_carbono_organico_g_kg;ok;dup-001107;duplicate;removed_confirmed_duplicate:exact_scientific_match:bdsolos_embrapa
bdsolos_embrapa:bdsolos_public_carbono_organico:17838218834171bbbe92df50cfecbc67822275b17e67962.csv:829:13951:46427:63-98:carbon_content;bdsolos_embrapa;bdsolos_public_carbono_organico;829:13951:46427;-6.234138888888889;-62.24538888888889;-62.24538888888889;-6.234138888888889;EPSG:4326;Brazil;AM;1999-10-13;1999;1999;1999;63;98;35;4.8;Não informado;;;1.37;;;;;;;carbon_content;4.8;g/kg;reported_bdsolos_carbono_organico_g_kg;ok;dup-001108;duplicate;removed_confirmed_duplicate:exact_scientific_match:bdsolos_embrapa
bdsolos_embrapa:bdsolos_public_carbono_organico:17838218834171bbbe92df50cfecbc67822275b17e67962.csv:829:13951:46428:98-146:carbon_content;bdsolos_embrapa;bdsolos_public_carbono_organico;829:13951:46428;-6.234138888888889;-62.24538888888889;-62.24538888888889;-6.234138888888889;EPSG:4326;Brazil;AM;1999-10-13;1999;1999;1999;98;146;48;2.7;Não informado;;;1.28;;;;;;;carbon_content;2.7;g/kg;reported_bdsolos_carbono_organico_g_kg;ok;dup-001109;duplicate;removed_confirmed_duplicate:exact_scientific_match:bdsolos_embrapa
bdsolos_embrapa:bdsolos_public_carbono_organico:17838218834171bbbe92df50cfecbc67822275b17e67962.csv:829:13951:46429:146-220:carbon_content;bdsolos_embrapa;bdsolos_public_carbono_organico;829:13951:46429;-6.234138888888889;-62.24538888888889;-62.24538888888889;-6.234138888888889;EPSG:4326;Brazil;AM;1999-10-13;1999;1999;1999;146;220;74;2.1;Não informado;;;1.29;;;;;;;carbon_content;2.1;g/kg;reported_bdsolos_carbono_organico_g_kg;ok;dup-001104;duplicate;removed_confirmed_duplicate:exact_scientific_match:bdsolos_embrapa
bdsolos_embrapa:bdsolos_public_carbono_organico:17838218834171bbbe92df50cfecbc67822275b17e67962.csv:829:13951:46430:220-300:carbon_content;bdsolos_embrapa;bdsolos_public_carbono_organico;829:13951:46430;-6.234138888888889;-62.24538888888889;-62.24538888888889;-6.234138888888889;EPSG:4326;Brazil;AM;1999-10-13;1999;1999;1999;220;300;80;1.6;Não informado;;;1.19;;;;;;;carbon_content;1.6;g/kg;reported_bdsolos_carbono_organico_g_kg;ok;dup-001105;duplicate;removed_confirmed_duplicate:exact_scientific_match:bdsolos_embrapa
bdsolos_embrapa:bdsolos_public_carbono_organico:17838218834171bbbe92df50cfecbc67822275b17e67962.csv:829:13983:46587:0-10:carbon_content;bdsolos_embrapa;bdsolos_public_carbono_organico;829:13983:46587;-7.95;-64.33333333333333;-64.33333333333333;-7.95;EPSG:4326;Brazil;AM;;;;;0;10;10;12;Não informado;;;;;;;;;;carbon_content;12;g/kg;reported_bdsolos_carbono_organico_g_kg;ok;dup-001463;duplicate;removed_confirmed_duplicate:exact_scientific_match:bdsolos_embrapa
bdsolos_embrapa:bdsolos_public_carbono_organico:17838218834171bbbe92df50cfecbc67822275b17e67962.csv:829:13983:46588:10-20:carbon_content;bdsolos_embrapa;bdsolos_public_carbono_organico;829:13983:46588;-7.95;-64.33333333333333;-64.33333333333333;-7.95;EPSG:4326;Brazil;AM;;;;;10;20;10;8;Não informado;;;;;;;;;;carbon_content;8;g/kg;reported_bdsolos_carbono_organico_g_kg;ok;dup-001464;duplicate;removed_confirmed_duplicate:exact_scientific_match:bdsolos_embrapa
bdsolos_embrapa:bdsolos_public_carbono_organico:17838218834171bbbe92df50cfecbc67822275b17e67962.csv:829:13983:46589:20-50:carbon_content;bdsolos_embrapa;bdsolos_public_carbono_organico;829:13983:46589;-7.95;-64.33333333333333;-64.33333333333333;-7.95;EPSG:4326;Brazil;AM;;;;;20;50;30;5;Não informado;;;;;;;;;;carbon_content;5;g/kg;reported_bdsolos_carbono_organico_g_kg;ok;dup-001466;duplicate;removed_confirmed_duplicate:exact_scientific_match:bdsolos_embrapa
bdsolos_embrapa:bdsolos_public_carbono_organico:17838218834171bbbe92df50cfecbc67822275b17e67962.csv:829:13983:46590:50-70:carbon_content;bdsolos_embrapa;bdsolos_public_carbono_organico;829:13983:46590;-7.95;-64.33333333333333;-64.33333333333333;-7.95;EPSG:4326;Brazil;AM;;;;;50;70;20;5;Não informado;;;;;;;;;;carbon_content;5;g/kg;reported_bdsolos_carbono_organico_g_kg;ok;dup-001467;duplicate;removed_confirmed_duplicate:exact_scientific_match:bdsolos_embrapa
bdsolos_embrapa:bdsolos_public_carbono_organico:17838218834171bbbe92df50cfecbc67822275b17e67962.csv:829:13983:46591:70-100:carbon_content;bdsolos_embrapa;bdsolos_public_carbono_organico;829:13983:46591;-7.95;-64.33333333333333;-64.33333333333333;-7.95;EPSG:4326;Brazil;AM;;;;;70;100;30;4;Não informado;;;;;;;;;;carbon_content;4;g/kg;reported_bdsolos_carbono_organico_g_kg;ok;dup-001468;duplicate;removed_confirmed_duplicate:exact_scientific_match:bdsolos_embrapa
bdsolos_embrapa:bdsolos_public_carbono_organico:17838218834171bbbe92df50cfecbc67822275b17e67962.csv:829:13983:46592:100-150:carbon_content;bdsolos_embrapa;bdsolos_public_carbono_organico;829:13983:46592;-7.95;-64.33333333333333;-64.33333333333333;-7.95;EPSG:4326;Brazil;AM;;;;;100;150;50;2;Não informado;;;;;;;;;;carbon_content;2;g/kg;reported_bdsolos_carbono_organico_g_kg;ok;dup-001465;duplicate;removed_confirmed_duplicate:exact_scientific_match:bdsolos_embrapa
bdsolos_embrapa:bdsolos_public_carbono_organico:17838218834171bbbe92df50cfecbc67822275b17e67962.csv:829:14008:46718:0-40:carbon_content;bdsolos_embrapa;bdsolos_public_carbono_organico;829:14008:46718;-8.766666666666667;-61.983333333333334;-61.983333333333334;-8.766666666666667;EPSG:4326;Brazil;RO;;;;;0;40;40;29;Não informado;;;;;;;;;;carbon_content;29;g/kg;reported_bdsolos_carbono_organico_g_kg;ok;dup-001564;duplicate;removed_confirmed_duplicate:exact_scientific_match:bdsolos_embrapa
bdsolos_embrapa:bdsolos_public_carbono_organico:17838218834171bbbe92df50cfecbc67822275b17e67962.csv:829:14008:46719:40-100:carbon_content;bdsolos_embrapa;bdsolos_public_carbono_organico;829:14008:46719;-8.766666666666667;-61.983333333333334;-61.983333333333334;-8.766666666666667;EPSG:4326;Brazil;RO;;;;;40;100;60;22.1;Não informado;;;;;;;;;;carbon_content;22.1;g/kg;reported_bdsolos_carbono_organico_g_kg;ok;dup-001568;duplicate;removed_confirmed_duplicate:exact_scientific_match:bdsolos_embrapa
bdsolos_embrapa:bdsolos_public_carbono_organico:17838218834171bbbe92df50cfecbc67822275b17e67962.csv:829:14008:46720:100-130:carbon_content;bdsolos_embrapa;bdsolos_public_carbono_organico;829:14008:46720;-8.766666666666667;-61.983333333333334;-61.983333333333334;-8.766666666666667;EPSG:4326;Brazil;RO;;;;;100;130;30;1.6;Não informado;;;;;;;;;;carbon_content;1.6;g/kg;reported_bdsolos_carbono_organico_g_kg;ok;dup-001565;duplicate;removed_confirmed_duplicate:exact_scientific_match:bdsolos_embrapa
bdsolos_embrapa:bdsolos_public_carbono_organico:17838218834171bbbe92df50cfecbc67822275b17e67962.csv:829:14008:46721:130-160:carbon_content;bdsolos_embrapa;bdsolos_public_carbono_organico;829:14008:46721;-8.766666666666667;-61.983333333333334;-61.983333333333334;-8.766666666666667;EPSG:4326;Brazil;RO;;;;;130;160;30;1.9;Não informado;;;;;;;;;;carbon_content;1.9;g/kg;reported_bdsolos_carbono_organico_g_kg;ok;dup-001566;duplicate;removed_confirmed_duplicate:exact_scientific_match:bdsolos_embrapa
bdsolos_embrapa:bdsolos_public_carbono_organico:17838218834171bbbe92df50cfecbc67822275b17e67962.csv:829:14008:46722:160-200:carbon_content;bdsolos_embrapa;bdsolos_public_carbono_organico;829:14008:46722;-8.766666666666667;-61.983333333333334;-61.983333333333334;-8.766666666666667;EPSG:4326;Brazil;RO;;;;;160;200;40;1.8;Não informado;;;;;;;;;;carbon_content;1.8;g/kg;reported_bdsolos_carbono_organico_g_kg;ok;dup-001567;duplicate;removed_confirmed_duplicate:exact_scientific_match:bdsolos_embrapa
bdsolos_embrapa:bdsolos_public_carbono_organico:17838218834171bbbe92df50cfecbc67822275b17e67962.csv:829:14013:46745:0-10:carbon_content;bdsolos_embrapa;bdsolos_public_carbono_organico;829:14013:46745;-7.85;-62.15;-62.15;-7.85;EPSG:4326;Brazil;AM;;;;;0;10;10;53;Não informado;;;;;;;;;;carbon_content;53;g/kg;reported_bdsolos_carbono_organico_g_kg;ok;dup-001414;duplicate;removed_confirmed_duplicate:exact_scientific_match:bdsolos_embrapa
bdsolos_embrapa:bdsolos_public_carbono_organico:17838218834171bbbe92df50cfecbc67822275b17e67962.csv:829:14013:46746:10-40:carbon_content;bdsolos_embrapa;bdsolos_public_carbono_organico;829:14013:46746;-7.85;-62.15;-62.15;-7.85;EPSG:4326;Brazil;AM;;;;;10;40;30;24;Não informado;;;;;;;;;;carbon_content;24;g/kg;reported_bdsolos_carbono_organico_g_kg;ok;dup-001415;duplicate;removed_confirmed_duplicate:exact_scientific_match:bdsolos_embrapa
bdsolos_embrapa:bdsolos_public_carbono_organico:17838218834171bbbe92df50cfecbc67822275b17e67962.csv:829:14013:46747:40-95:carbon_content;bdsolos_embrapa;bdsolos_public_carbono_organico;829:14013:46747;-7.85;-62.15;-62.15;-7.85;EPSG:4326;Brazil;AM;;;;;40;95;55;14;Não informado;;;;;;;;;;carbon_content;14;g/kg;reported_bdsolos_carbono_organico_g_kg;ok;dup-001416;duplicate;removed_confirmed_duplicate:exact_scientific_match:bdsolos_embrapa
bdsolos_embrapa:bdsolos_public_carbono_organico:17838218834171bbbe92df50cfecbc67822275b17e67962.csv:829:14013:46748:95-130:carbon_content;bdsolos_embrapa;bdsolos_public_carbono_organico;829:14013:46748;-7.85;-62.15;-62.15;-7.85;EPSG:4326;Brazil;AM;;;;;95;130;35;8;Não informado;;;;;;;;;;carbon_content;8;g/kg;reported_bdsolos_carbono_organico_g_kg;ok;dup-001417;duplicate;removed_confirmed_duplicate:exact_scientific_match:bdsolos_embrapa
bdsolos_embrapa:bdsolos_public_carbono_organico:17838218834171bbbe92df50cfecbc67822275b17e67962.csv:829:14017:46764:0-20:carbon_content;bdsolos_embrapa;bdsolos_public_carbono_organico;829:14017:46764;-7.7;-63.7;-63.7;-7.7;EPSG:4326;Brazil;AM;;;;;0;20;20;20;Não informado;;;;;;;;;;carbon_content;20;g/kg;reported_bdsolos_carbono_organico_g_kg;ok;dup-001370;duplicate;removed_confirmed_duplicate:exact_scientific_match:bdsolos_embrapa
bdsolos_embrapa:bdsolos_public_carbono_organico:17838218834171bbbe92df50cfecbc67822275b17e67962.csv:829:14017:46765:20-40:carbon_content;bdsolos_embrapa;bdsolos_public_carbono_organico;829:14017:46765;-7.7;-63.7;-63.7;-7.7;EPSG:4326;Brazil;AM;;;;;20;40;20;7;Não informado;;;;;;;;;;carbon_content;7;g/kg;reported_bdsolos_carbono_organico_g_kg;ok;dup-001371;duplicate;removed_confirmed_duplicate:exact_scientific_match:bdsolos_embrapa
bdsolos_embrapa:bdsolos_public_carbono_organico:17838218834171bbbe92df50cfecbc67822275b17e67962.csv:829:14017:46766:40-80:carbon_content;bdsolos_embrapa;bdsolos_public_carbono_organico;829:14017:46766;-7.7;-63.7;-63.7;-7.7;EPSG:4326;Brazil;AM;;;;;40;80;40;3;Não informado;;;;;;;;;;carbon_content;3;g/kg;reported_bdsolos_carbono_organico_g_kg;ok;dup-001372;duplicate;removed_confirmed_duplicate:exact_scientific_match:bdsolos_embrapa
bdsolos_embrapa:bdsolos_public_carbono_organico:17838218834171bbbe92df50cfecbc67822275b17e67962.csv:829:14017:46767:80-150:carbon_content;bdsolos_embrapa;bdsolos_public_carbono_organico;829:14017:46767;-7.7;-63.7;-63.7;-7.7;EPSG:4326;Brazil;AM;;;;;80;150;70;2;Não informado;;;;;;;;;;carbon_content;2;g/kg;reported_bdsolos_carbono_organico_g_kg;ok;dup-001373;duplicate;removed_confirmed_duplicate:exact_scientific_match:bdsolos_embrapa
bdsolos_embrapa:bdsolos_public_carbono_organico:17838218834171bbbe92df50cfecbc67822275b17e67962.csv:829:14018:46768:0-25:carbon_content;bdsolos_embrapa;bdsolos_public_carbono_organico;829:14018:46768;-8.233333333333333;-62.266666666666666;-62.266666666666666;-8.233333333333333;EPSG:4326;Brazil;AM;;;;;0;25;25;2;Não informado;;;;;;;;;;carbon_content;2;g/kg;reported_bdsolos_carbono_organico_g_kg;ok;dup-001515;duplicate;removed_confirmed_duplicate:exact_scientific_match:bdsolos_embrapa
bdsolos_embrapa:bdsolos_public_carbono_organico:17838218834171bbbe92df50cfecbc67822275b17e67962.csv:829:14018:46769:25-120:carbon_content;bdsolos_embrapa;bdsolos_public_carbono_organico;829:14018:46769;-8.233333333333333;-62.266666666666666;-62.266666666666666;-8.233333333333333;EPSG:4326;Brazil;AM;;;;;25;120;95;0.6;Não informado;;;;;;;;;;carbon_content;0.6;g/kg;reported_bdsolos_carbono_organico_g_kg;ok;dup-001517;duplicate;removed_confirmed_duplicate:exact_scientific_match:bdsolos_embrapa
bdsolos_embrapa:bdsolos_public_carbono_organico:17838218834171bbbe92df50cfecbc67822275b17e67962.csv:829:14019:46771:0-30:carbon_content;bdsolos_embrapa;bdsolos_public_carbono_organico;829:14019:46771;-8.233333333333333;-62.28333333333333;-62.28333333333333;-8.233333333333333;EPSG:4326;Brazil;AM;;;;;0;30;30;26.6;Não informado;;;;;;;;;;carbon_content;26.6;g/kg;reported_bdsolos_carbono_organico_g_kg;ok;dup-001518;duplicate;removed_confirmed_duplicate:exact_scientific_match:bdsolos_embrapa
bdsolos_embrapa:bdsolos_public_carbono_organico:17838218834171bbbe92df50cfecbc67822275b17e67962.csv:829:14019:46772:30-100:carbon_content;bdsolos_embrapa;bdsolos_public_carbono_organico;829:14019:46772;-8.233333333333333;-62.28333333333333;-62.28333333333333;-8.233333333333333;EPSG:4326;Brazil;AM;;;;;30;100;70;11.7;Não informado;;;;;;;;;;carbon_content;11.7;g/kg;reported_bdsolos_carbono_organico_g_kg;ok;dup-001520;duplicate;removed_confirmed_duplicate:exact_scientific_match:bdsolos_embrapa
bdsolos_embrapa:bdsolos_public_carbono_organico:17838218834171bbbe92df50cfecbc67822275b17e67962.csv:829:14019:46773:100-170:carbon_content;bdsolos_embrapa;bdsolos_public_carbono_organico;829:14019:46773;-8.233333333333333;-62.28333333333333;-62.28333333333333;-8.233333333333333;EPSG:4326;Brazil;AM;;;;;100;170;70;2.6;Não informado;;;;;;;;;;carbon_content;2.6;g/kg;reported_bdsolos_carbono_organico_g_kg;ok;dup-001519;duplicate;removed_confirmed_duplicate:exact_scientific_match:bdsolos_embrapa
bdsolos_embrapa:bdsolos_public_carbono_organico:17838218834171bbbe92df50cfecbc67822275b17e67962.csv:829:14029:46826:0-20:carbon_content;bdsolos_embrapa;bdsolos_public_carbono_organico;829:14029:46826;-8.583333333333334;-61.18333333333333;-61.18333333333333;-8.583333333333334;EPSG:4326;Brazil;AM;;;;;0;20;20;3.1;Não informado;;;;0.13;;;;;;carbon_content;3.1;g/kg;reported_bdsolos_carbono_organico_g_kg;ok;dup-001559;duplicate;removed_confirmed_duplicate:exact_scientific_match:bdsolos_embrapa
bdsolos_embrapa:bdsolos_public_carbono_organico:17838218834171bbbe92df50cfecbc67822275b17e67962.csv:829:14030:46828:10-40:carbon_content;bdsolos_embrapa;bdsolos_public_carbono_organico;829:14030:46828;-7.45;-60.8;-60.8;-7.45;EPSG:4326;Brazil;AM;;;;;10;40;30;17;Não informado;;;;;;;;;;carbon_content;17;g/kg;reported_bdsolos_carbono_organico_g_kg;ok;dup-001316;duplicate;removed_confirmed_duplicate:exact_scientific_match:bdsolos_embrapa
bdsolos_embrapa:bdsolos_public_carbono_organico:17838218834171bbbe92df50cfecbc67822275b17e67962.csv:829:14031:46830:0-10:carbon_content;bdsolos_embrapa;bdsolos_public_carbono_organico;829:14031:46830;-5.916666666666667;-60.916666666666664;-60.916666666666664;-5.916666666666667;EPSG:4326;Brazil;AM;;;;;0;10;10;32;Não informado;;;;;;;;;;carbon_content;32;g/kg;reported_bdsolos_carbono_organico_g_kg;ok;dup-001079;duplicate;removed_confirmed_duplicate:exact_scientific_match:bdsolos_embrapa
bdsolos_embrapa:bdsolos_public_carbono_organico:17838218834171bbbe92df50cfecbc67822275b17e67962.csv:829:14031:46831:10-25:carbon_content;bdsolos_embrapa;bdsolos_public_carbono_organico;829:14031:46831;-5.916666666666667;-60.916666666666664;-60.916666666666664;-5.916666666666667;EPSG:4326;Brazil;AM;;;;;10;25;15;10;Não informado;;;;;;;;;;carbon_content;10;g/kg;reported_bdsolos_carbono_organico_g_kg;ok;dup-001080;duplicate;removed_confirmed_duplicate:exact_scientific_match:bdsolos_embrapa
bdsolos_embrapa:bdsolos_public_carbono_organico:17838218834171bbbe92df50cfecbc67822275b17e67962.csv:829:14031:46832:25-50:carbon_content;bdsolos_embrapa;bdsolos_public_carbono_organico;829:14031:46832;-5.916666666666667;-60.916666666666664;-60.916666666666664;-5.916666666666667;EPSG:4326;Brazil;AM;;;;;25;50;25;3;Não informado;;;;;;;;;;carbon_content;3;g/kg;reported_bdsolos_carbono_organico_g_kg;ok;dup-001081;duplicate;removed_confirmed_duplicate:exact_scientific_match:bdsolos_embrapa
bdsolos_embrapa:bdsolos_public_carbono_organico:17838218834171bbbe92df50cfecbc67822275b17e67962.csv:829:14031:46833:50-90:carbon_content;bdsolos_embrapa;bdsolos_public_carbono_organico;829:14031:46833;-5.916666666666667;-60.916666666666664;-60.916666666666664;-5.916666666666667;EPSG:4326;Brazil;AM;;;;;50;90;40;2;Não informado;;;;;;;;;;carbon_content;2;g/kg;reported_bdsolos_carbono_organico_g_kg;ok;dup-001082;duplicate;removed_confirmed_duplicate:exact_scientific_match:bdsolos_embrapa
bdsolos_embrapa:bdsolos_public_carbono_organico:17838218834171bbbe92df50cfecbc67822275b17e67962.csv:829:14031:46834:90-180:carbon_content;bdsolos_embrapa;bdsolos_public_carbono_organico;829:14031:46834;-5.916666666666667;-60.916666666666664;-60.916666666666664;-5.916666666666667;EPSG:4326;Brazil;AM;;;;;90;180;90;1;Não informado;;;;;;;;;;carbon_content;1;g/kg;reported_bdsolos_carbono_organico_g_kg;ok;dup-001083;duplicate;removed_confirmed_duplicate:exact_scientific_match:bdsolos_embrapa
bdsolos_embrapa:bdsolos_public_carbono_organico:17838218834171bbbe92df50cfecbc67822275b17e67962.csv:829:14033:46836:0-10:carbon_content;bdsolos_embrapa;bdsolos_public_carbono_organico;829:14033:46836;-5.866666666666667;-60.083333333333336;-60.083333333333336;-5.866666666666667;EPSG:4326;Brazil;AM;;;;;0;10;10;27;Não informado;;;;;;;;;;carbon_content;27;g/kg;reported_bdsolos_carbono_organico_g_kg;ok;dup-001069;duplicate;removed_confirmed_duplicate:exact_scientific_match:bdsolos_embrapa
bdsolos_embrapa:bdsolos_public_carbono_organico:17838218834171bbbe92df50cfecbc67822275b17e67962.csv:829:14033:46837:10-30:carbon_content;bdsolos_embrapa;bdsolos_public_carbono_organico;829:14033:46837;-5.866666666666667;-60.083333333333336;-60.083333333333336;-5.866666666666667;EPSG:4326;Brazil;AM;;;;;10;30;20;10;Não informado;;;;;;;;;;carbon_content;10;g/kg;reported_bdsolos_carbono_organico_g_kg;ok;dup-001070;duplicate;removed_confirmed_duplicate:exact_scientific_match:bdsolos_embrapa
bdsolos_embrapa:bdsolos_public_carbono_organico:17838218834171bbbe92df50cfecbc67822275b17e67962.csv:829:14033:46839:30-50:carbon_content;bdsolos_embrapa;bdsolos_public_carbono_organico;829:14033:46839;-5.866666666666667;-60.083333333333336;-60.083333333333336;-5.866666666666667;EPSG:4326;Brazil;AM;;;;;30;50;20;5;Não informado;;;;;;;;;;carbon_content;5;g/kg;reported_bdsolos_carbono_organico_g_kg;ok;dup-001072;duplicate;removed_confirmed_duplicate:exact_scientific_match:bdsolos_embrapa
bdsolos_embrapa:bdsolos_public_carbono_organico:17838218834171bbbe92df50cfecbc67822275b17e67962.csv:829:14033:46841:50-100:carbon_content;bdsolos_embrapa;bdsolos_public_carbono_organico;829:14033:46841;-5.866666666666667;-60.083333333333336;-60.083333333333336;-5.866666666666667;EPSG:4326;Brazil;AM;;;;;50;100;50;4;Não informado;;;;;;;;;;carbon_content;4;g/kg;reported_bdsolos_carbono_organico_g_kg;ok;dup-001073;duplicate;removed_confirmed_duplicate:exact_scientific_match:bdsolos_embrapa
bdsolos_embrapa:bdsolos_public_carbono_organico:17838218834171bbbe92df50cfecbc67822275b17e67962.csv:829:14033:46842:100-160:carbon_content;bdsolos_embrapa;bdsolos_public_carbono_organico;829:14033:46842;-5.866666666666667;-60.083333333333336;-60.083333333333336;-5.866666666666667;EPSG:4326;Brazil;AM;;;;;100;160;60;2;Não informado;;;;;;;;;;carbon_content;2;g/kg;reported_bdsolos_carbono_organico_g_kg;ok;dup-001071;duplicate;removed_confirmed_duplicate:exact_scientific_match:bdsolos_embrapa
bdsolos_embrapa:bdsolos_public_carbono_organico:17838218834171bbbe92df50cfecbc67822275b17e67962.csv:829:14034:46843:0-10:carbon_content;bdsolos_embrapa;bdsolos_public_carbono_organico;829:14034:46843;-6.116666666666666;-60.45;-60.45;-6.116666666666666;EPSG:4326;Brazil;AM;;;;;0;10;10;33;Não informado;;;;;;;;;;carbon_content;33;g/kg;reported_bdsolos_carbono_organico_g_kg;ok;dup-001098;duplicate;removed_confirmed_duplicate:exact_scientific_match:bdsolos_embrapa
bdsolos_embrapa:bdsolos_public_carbono_organico:17838218834171bbbe92df50cfecbc67822275b17e67962.csv:829:14034:46844:10-30:carbon_content;bdsolos_embrapa;bdsolos_public_carbono_organico;829:14034:46844;-6.116666666666666;-60.45;-60.45;-6.116666666666666;EPSG:4326;Brazil;AM;;;;;10;30;20;15;Não informado;;;;;;;;;;carbon_content;15;g/kg;reported_bdsolos_carbono_organico_g_kg;ok;dup-001099;duplicate;removed_confirmed_duplicate:exact_scientific_match:bdsolos_embrapa
bdsolos_embrapa:bdsolos_public_carbono_organico:17838218834171bbbe92df50cfecbc67822275b17e67962.csv:829:14034:46845:30-70:carbon_content;bdsolos_embrapa;bdsolos_public_carbono_organico;829:14034:46845;-6.116666666666666;-60.45;-60.45;-6.116666666666666;EPSG:4326;Brazil;AM;;;;;30;70;40;8;Não informado;;;;;;;;;;carbon_content;8;g/kg;reported_bdsolos_carbono_organico_g_kg;ok;dup-001101;duplicate;removed_confirmed_duplicate:exact_scientific_match:bdsolos_embrapa
bdsolos_embrapa:bdsolos_public_carbono_organico:17838218834171bbbe92df50cfecbc67822275b17e67962.csv:829:14034:46846:70-110:carbon_content;bdsolos_embrapa;bdsolos_public_carbono_organico;829:14034:46846;-6.116666666666666;-60.45;-60.45;-6.116666666666666;EPSG:4326;Brazil;AM;;;;;70;110;40;4;Não informado;;;;;;;;;;carbon_content;4;g/kg;reported_bdsolos_carbono_organico_g_kg;ok;dup-001102;duplicate;removed_confirmed_duplicate:exact_scientific_match:bdsolos_embrapa
bdsolos_embrapa:bdsolos_public_carbono_organico:17838218834171bbbe92df50cfecbc67822275b17e67962.csv:829:14034:46847:110-180:carbon_content;bdsolos_embrapa;bdsolos_public_carbono_organico;829:14034:46847;-6.116666666666666;-60.45;-60.45;-6.116666666666666;EPSG:4326;Brazil;AM;;;;;110;180;70;3;Não informado;;;;;;;;;;carbon_content;3;g/kg;reported_bdsolos_carbono_organico_g_kg;ok;dup-001100;duplicate;removed_confirmed_duplicate:exact_scientific_match:bdsolos_embrapa
bdsolos_embrapa:bdsolos_public_carbono_organico:17838218834171bbbe92df50cfecbc67822275b17e67962.csv:829:14036:46853:0-8:carbon_content;bdsolos_embrapa;bdsolos_public_carbono_organico;829:14036:46853;-6.8;-60.28333333333333;-60.28333333333333;-6.8;EPSG:4326;Brazil;AM;;;;;0;8;8;27;Não informado;;;;;;;;;;carbon_content;27;g/kg;reported_bdsolos_carbono_organico_g_kg;ok;dup-001162;duplicate;removed_confirmed_duplicate:exact_scientific_match:bdsolos_embrapa
bdsolos_embrapa:bdsolos_public_carbono_organico:17838218834171bbbe92df50cfecbc67822275b17e67962.csv:829:14036:46854:8-30:carbon_content;bdsolos_embrapa;bdsolos_public_carbono_organico;829:14036:46854;-6.8;-60.28333333333333;-60.28333333333333;-6.8;EPSG:4326;Brazil;AM;;;;;8;30;22;15;Não informado;;;;;;;;;;carbon_content;15;g/kg;reported_bdsolos_carbono_organico_g_kg;ok;dup-001165;duplicate;removed_confirmed_duplicate:exact_scientific_match:bdsolos_embrapa
bdsolos_embrapa:bdsolos_public_carbono_organico:17838218834171bbbe92df50cfecbc67822275b17e67962.csv:829:14036:46855:30-65:carbon_content;bdsolos_embrapa;bdsolos_public_carbono_organico;829:14036:46855;-6.8;-60.28333333333333;-60.28333333333333;-6.8;EPSG:4326;Brazil;AM;;;;;30;65;35;7;Não informado;;;;;;;;;;carbon_content;7;g/kg;reported_bdsolos_carbono_organico_g_kg;ok;dup-001163;duplicate;removed_confirmed_duplicate:exact_scientific_match:bdsolos_embrapa
bdsolos_embrapa:bdsolos_public_carbono_organico:17838218834171bbbe92df50cfecbc67822275b17e67962.csv:829:14036:46856:65-90:carbon_content;bdsolos_embrapa;bdsolos_public_carbono_organico;829:14036:46856;-6.8;-60.28333333333333;-60.28333333333333;-6.8;EPSG:4326;Brazil;AM;;;;;65;90;25;5;Não informado;;;;;;;;;;carbon_content;5;g/kg;reported_bdsolos_carbono_organico_g_kg;ok;dup-001164;duplicate;removed_confirmed_duplicate:exact_scientific_match:bdsolos_embrapa
bdsolos_embrapa:bdsolos_public_carbono_organico:17838218834171bbbe92df50cfecbc67822275b17e67962.csv:829:14036:46857:90-160:carbon_content;bdsolos_embrapa;bdsolos_public_carbono_organico;829:14036:46857;-6.8;-60.28333333333333;-60.28333333333333;-6.8;EPSG:4326;Brazil;AM;;;;;90;160;70;3;Não informado;;;;;;;;;;carbon_content;3;g/kg;reported_bdsolos_carbono_organico_g_kg;ok;dup-001166;duplicate;removed_confirmed_duplicate:exact_scientific_match:bdsolos_embrapa
bdsolos_embrapa:bdsolos_public_carbono_organico:17838218834171bbbe92df50cfecbc67822275b17e67962.csv:829:14037:46858:0-20:carbon_content;bdsolos_embrapa;bdsolos_public_carbono_organico;829:14037:46858;-7.4;-61.666666666666664;-61.666666666666664;-7.4;EPSG:4326;Brazil;AM;;;;;0;20;20;16;Não informado;;;;;;;;;;carbon_content;16;g/kg;reported_bdsolos_carbono_organico_g_kg;ok;dup-001310;duplicate;removed_confirmed_duplicate:exact_scientific_match:bdsolos_embrapa
bdsolos_embrapa:bdsolos_public_carbono_organico:17838218834171bbbe92df50cfecbc67822275b17e67962.csv:829:14037:46859:20-50:carbon_content;bdsolos_embrapa;bdsolos_public_carbono_organico;829:14037:46859;-7.4;-61.666666666666664;-61.666666666666664;-7.4;EPSG:4326;Brazil;AM;;;;;20;50;30;7;Não informado;;;;;;;;;;carbon_content;7;g/kg;reported_bdsolos_carbono_organico_g_kg;ok;dup-001312;duplicate;removed_confirmed_duplicate:exact_scientific_match:bdsolos_embrapa
bdsolos_embrapa:bdsolos_public_carbono_organico:17838218834171bbbe92df50cfecbc67822275b17e67962.csv:829:14037:46860:50-80:carbon_content;bdsolos_embrapa;bdsolos_public_carbono_organico;829:14037:46860;-7.4;-61.666666666666664;-61.666666666666664;-7.4;EPSG:4326;Brazil;AM;;;;;50;80;30;4;Não informado;;;;;;;;;;carbon_content;4;g/kg;reported_bdsolos_carbono_organico_g_kg;ok;dup-001313;duplicate;removed_confirmed_duplicate:exact_scientific_match:bdsolos_embrapa
bdsolos_embrapa:bdsolos_public_carbono_organico:17838218834171bbbe92df50cfecbc67822275b17e67962.csv:829:14037:46861:80-120:carbon_content;bdsolos_embrapa;bdsolos_public_carbono_organico;829:14037:46861;-7.4;-61.666666666666664;-61.666666666666664;-7.4;EPSG:4326;Brazil;AM;;;;;80;120;40;3;Não informado;;;;;;;;;;carbon_content;3;g/kg;reported_bdsolos_carbono_organico_g_kg;ok;dup-001314;duplicate;removed_confirmed_duplicate:exact_scientific_match:bdsolos_embrapa
bdsolos_embrapa:bdsolos_public_carbono_organico:17838218834171bbbe92df50cfecbc67822275b17e67962.csv:829:14037:46862:120-160:carbon_content;bdsolos_embrapa;bdsolos_public_carbono_organico;829:14037:46862;-7.4;-61.666666666666664;-61.666666666666664;-7.4;EPSG:4326;Brazil;AM;;;;;120;160;40;2;Não informado;;;;;;;;;;carbon_content;2;g/kg;reported_bdsolos_carbono_organico_g_kg;ok;dup-001311;duplicate;removed_confirmed_duplicate:exact_scientific_match:bdsolos_embrapa
bdsolos_embrapa:bdsolos_public_carbono_organico:17838218834171bbbe92df50cfecbc67822275b17e67962.csv:829:14038:46863:0-35:carbon_content;bdsolos_embrapa;bdsolos_public_carbono_organico;829:14038:46863;-7.366666666666666;-60.45;-60.45;-7.366666666666666;EPSG:4326;Brazil;AM;;;;;0;35;35;27;Não informado;;;;;;;;;;carbon_content;27;g/kg;reported_bdsolos_carbono_organico_g_kg;ok;dup-001296;duplicate;removed_confirmed_duplicate:exact_scientific_match:bdsolos_embrapa
bdsolos_embrapa:bdsolos_public_carbono_organico:17838218834171bbbe92df50cfecbc67822275b17e67962.csv:829:14038:46864:35-70:carbon_content;bdsolos_embrapa;bdsolos_public_carbono_organico;829:14038:46864;-7.366666666666666;-60.45;-60.45;-7.366666666666666;EPSG:4326;Brazil;AM;;;;;35;70;35;8;Não informado;;;;;;;;;;carbon_content;8;g/kg;reported_bdsolos_carbono_organico_g_kg;ok;dup-001298;duplicate;removed_confirmed_duplicate:exact_scientific_match:bdsolos_embrapa
bdsolos_embrapa:bdsolos_public_carbono_organico:17838218834171bbbe92df50cfecbc67822275b17e67962.csv:829:14038:46866:100-130:carbon_content;bdsolos_embrapa;bdsolos_public_carbono_organico;829:14038:46866;-7.366666666666666;-60.45;-60.45;-7.366666666666666;EPSG:4326;Brazil;AM;;;;;100;130;30;3;Não informado;;;;;;;;;;carbon_content;3;g/kg;reported_bdsolos_carbono_organico_g_kg;ok;dup-001297;duplicate;removed_confirmed_duplicate:exact_scientific_match:bdsolos_embrapa
bdsolos_embrapa:bdsolos_public_carbono_organico:17838218834171bbbe92df50cfecbc67822275b17e67962.csv:829:14039:46867:0-8:carbon_content;bdsolos_embrapa;bdsolos_public_carbono_organico;829:14039:46867;-7.8;-60.25;-60.25;-7.8;EPSG:4326;Brazil;AM;;;;;0;8;8;35;Não informado;;;;;;;;;;carbon_content;35;g/kg;reported_bdsolos_carbono_organico_g_kg;ok;dup-001392;duplicate;removed_confirmed_duplicate:exact_scientific_match:bdsolos_embrapa
bdsolos_embrapa:bdsolos_public_carbono_organico:17838218834171bbbe92df50cfecbc67822275b17e67962.csv:829:14039:46868:8-25:carbon_content;bdsolos_embrapa;bdsolos_public_carbono_organico;829:14039:46868;-7.8;-60.25;-60.25;-7.8;EPSG:4326;Brazil;AM;;;;;8;25;17;19;Não informado;;;;;;;;;;carbon_content;19;g/kg;reported_bdsolos_carbono_organico_g_kg;ok;dup-001395;duplicate;removed_confirmed_duplicate:exact_scientific_match:bdsolos_embrapa
bdsolos_embrapa:bdsolos_public_carbono_organico:17838218834171bbbe92df50cfecbc67822275b17e67962.csv:829:14039:46869:25-40:carbon_content;bdsolos_embrapa;bdsolos_public_carbono_organico;829:14039:46869;-7.8;-60.25;-60.25;-7.8;EPSG:4326;Brazil;AM;;;;;25;40;15;9;Não informado;;;;;;;;;;carbon_content;9;g/kg;reported_bdsolos_carbono_organico_g_kg;ok;dup-001393;duplicate;removed_confirmed_duplicate:exact_scientific_match:bdsolos_embrapa
bdsolos_embrapa:bdsolos_public_carbono_organico:17838218834171bbbe92df50cfecbc67822275b17e67962.csv:829:14039:46870:40-90:carbon_content;bdsolos_embrapa;bdsolos_public_carbono_organico;829:14039:46870;-7.8;-60.25;-60.25;-7.8;EPSG:4326;Brazil;AM;;;;;40;90;50;6;Não informado;;;;;;;;;;carbon_content;6;g/kg;reported_bdsolos_carbono_organico_g_kg;ok;dup-001394;duplicate;removed_confirmed_duplicate:exact_scientific_match:bdsolos_embrapa
bdsolos_embrapa:bdsolos_public_carbono_organico:17838218834171bbbe92df50cfecbc67822275b17e67962.csv:829:14039:46871:90-150:carbon_content;bdsolos_embrapa;bdsolos_public_carbono_organico;829:14039:46871;-7.8;-60.25;-60.25;-7.8;EPSG:4326;Brazil;AM;;;;;90;150;60;2;Não informado;;;;;;;;;;carbon_content;2;g/kg;reported_bdsolos_carbono_organico_g_kg;ok;dup-001396;duplicate;removed_confirmed_duplicate:exact_scientific_match:bdsolos_embrapa
bdsolos_embrapa:bdsolos_public_carbono_organico:17838218834171bbbe92df50cfecbc67822275b17e67962.csv:829:14040:46872:0-10:carbon_content;bdsolos_embrapa;bdsolos_public_carbono_organico;829:14040:46872;-7.366666666666666;-60.983333333333334;-60.983333333333334;-7.366666666666666;EPSG:4326;Brazil;AM;;;;;0;10;10;16;Não informado;;;;;;;;;;carbon_content;16;g/kg;reported_bdsolos_carbono_organico_g_kg;ok;dup-001299;duplicate;removed_confirmed_duplicate:exact_scientific_match:bdsolos_embrapa
bdsolos_embrapa:bdsolos_public_carbono_organico:17838218834171bbbe92df50cfecbc67822275b17e67962.csv:829:14040:46873:10-35:carbon_content;bdsolos_embrapa;bdsolos_public_carbono_organico;829:14040:46873;-7.366666666666666;-60.983333333333334;-60.983333333333334;-7.366666666666666;EPSG:4326;Brazil;AM;;;;;10;35;25;10;Não informado;;;;;;;;;;carbon_content;10;g/kg;reported_bdsolos_carbono_organico_g_kg;ok;dup-001300;duplicate;removed_confirmed_duplicate:exact_scientific_match:bdsolos_embrapa
bdsolos_embrapa:bdsolos_public_carbono_organico:17838218834171bbbe92df50cfecbc67822275b17e67962.csv:829:14040:46874:35-70:carbon_content;bdsolos_embrapa;bdsolos_public_carbono_organico;829:14040:46874;-7.366666666666666;-60.983333333333334;-60.983333333333334;-7.366666666666666;EPSG:4326;Brazil;AM;;;;;35;70;35;5;Não informado;;;;;;;;;;carbon_content;5;g/kg;reported_bdsolos_carbono_organico_g_kg;ok;dup-001301;duplicate;removed_confirmed_duplicate:exact_scientific_match:bdsolos_embrapa
bdsolos_embrapa:bdsolos_public_carbono_organico:17838218834171bbbe92df50cfecbc67822275b17e67962.csv:829:14040:46875:70-110:carbon_content;bdsolos_embrapa;bdsolos_public_carbono_organico;829:14040:46875;-7.366666666666666;-60.983333333333334;-60.983333333333334;-7.366666666666666;EPSG:4326;Brazil;AM;;;;;70;110;40;3;Não informado;;;;;;;;;;carbon_content;3;g/kg;reported_bdsolos_carbono_organico_g_kg;ok;dup-001302;duplicate;removed_confirmed_duplicate:exact_scientific_match:bdsolos_embrapa
bdsolos_embrapa:bdsolos_public_carbono_organico:17838218834171bbbe92df50cfecbc67822275b17e67962.csv:829:14041:46876:0-30:carbon_content;bdsolos_embrapa;bdsolos_public_carbono_organico;829:14041:46876;-7.016666666666667;-60.81666666666667;-60.81666666666667;-7.016666666666667;EPSG:4326;Brazil;AM;;;;;0;30;30;43;Não informado;;;;;;;;;;carbon_content;43;g/kg;reported_bdsolos_carbono_organico_g_kg;ok;dup-001221;duplicate;removed_confirmed_duplicate:exact_scientific_match:bdsolos_embrapa
bdsolos_embrapa:bdsolos_public_carbono_organico:17838218834171bbbe92df50cfecbc67822275b17e67962.csv:829:14041:46877:30-50:carbon_content;bdsolos_embrapa;bdsolos_public_carbono_organico;829:14041:46877;-7.016666666666667;-60.81666666666667;-60.81666666666667;-7.016666666666667;EPSG:4326;Brazil;AM;;;;;30;50;20;10;Não informado;;;;;;;;;;carbon_content;10;g/kg;reported_bdsolos_carbono_organico_g_kg;ok;dup-001223;duplicate;removed_confirmed_duplicate:exact_scientific_match:bdsolos_embrapa
bdsolos_embrapa:bdsolos_public_carbono_organico:17838218834171bbbe92df50cfecbc67822275b17e67962.csv:829:14041:46879:130-160:carbon_content;bdsolos_embrapa;bdsolos_public_carbono_organico;829:14041:46879;-7.016666666666667;-60.81666666666667;-60.81666666666667;-7.016666666666667;EPSG:4326;Brazil;AM;;;;;130;160;30;5;Não informado;;;;;;;;;;carbon_content;5;g/kg;reported_bdsolos_carbono_organico_g_kg;ok;dup-001222;duplicate;removed_confirmed_duplicate:exact_scientific_match:bdsolos_embrapa
bdsolos_embrapa:bdsolos_public_carbono_organico:17838218834171bbbe92df50cfecbc67822275b17e67962.csv:829:14044:46880:0-35:carbon_content;bdsolos_embrapa;bdsolos_public_carbono_organico;829:14044:46880;-7.266666666666667;-60.9;-60.9;-7.266666666666667;EPSG:4326;Brazil;AM;;;;;0;35;35;20;Não informado;;;;;;;;;;carbon_content;20;g/kg;reported_bdsolos_carbono_organico_g_kg;ok;dup-001287;duplicate;removed_confirmed_duplicate:exact_scientific_match:bdsolos_embrapa
bdsolos_embrapa:bdsolos_public_carbono_organico:17838218834171bbbe92df50cfecbc67822275b17e67962.csv:829:14044:46881:35-50:carbon_content;bdsolos_embrapa;bdsolos_public_carbono_organico;829:14044:46881;-7.266666666666667;-60.9;-60.9;-7.266666666666667;EPSG:4326;Brazil;AM;;;;;35;50;15;15;Não informado;;;;;;;;;;carbon_content;15;g/kg;reported_bdsolos_carbono_organico_g_kg;ok;dup-001288;duplicate;removed_confirmed_duplicate:exact_scientific_match:bdsolos_embrapa
bdsolos_embrapa:bdsolos_public_carbono_organico:17838218834171bbbe92df50cfecbc67822275b17e67962.csv:829:14044:46882:50-95:carbon_content;bdsolos_embrapa;bdsolos_public_carbono_organico;829:14044:46882;-7.266666666666667;-60.9;-60.9;-7.266666666666667;EPSG:4326;Brazil;AM;;;;;50;95;45;6;Não informado;;;;;;;;;;carbon_content;6;g/kg;reported_bdsolos_carbono_organico_g_kg;ok;dup-001289;duplicate;removed_confirmed_duplicate:exact_scientific_match:bdsolos_embrapa
bdsolos_embrapa:bdsolos_public_carbono_organico:17838218834171bbbe92df50cfecbc67822275b17e67962.csv:829:14044:46883:95-160:carbon_content;bdsolos_embrapa;bdsolos_public_carbono_organico;829:14044:46883;-7.266666666666667;-60.9;-60.9;-7.266666666666667;EPSG:4326;Brazil;AM;;;;;95;160;65;3;Não informado;;;;;;;;;;carbon_content;3;g/kg;reported_bdsolos_carbono_organico_g_kg;ok;dup-001290;duplicate;removed_confirmed_duplicate:exact_scientific_match:bdsolos_embrapa
bdsolos_embrapa:bdsolos_public_carbono_organico:17838218834171bbbe92df50cfecbc67822275b17e67962.csv:829:14045:46884:0-30:carbon_content;bdsolos_embrapa;bdsolos_public_carbono_organico;829:14045:46884;-7.2;-60.666666666666664;-60.666666666666664;-7.2;EPSG:4326;Brazil;AM;;;;;0;30;30;26;Não informado;;;;;;;;;;carbon_content;26;g/kg;reported_bdsolos_carbono_organico_g_kg;ok;dup-001259;duplicate;removed_confirmed_duplicate:exact_scientific_match:bdsolos_embrapa
bdsolos_embrapa:bdsolos_public_carbono_organico:17838218834171bbbe92df50cfecbc67822275b17e67962.csv:829:14045:46885:30-60:carbon_content;bdsolos_embrapa;bdsolos_public_carbono_organico;829:14045:46885;-7.2;-60.666666666666664;-60.666666666666664;-7.2;EPSG:4326;Brazil;AM;;;;;30;60;30;12;Não informado;;;;;;;;;;carbon_content;12;g/kg;reported_bdsolos_carbono_organico_g_kg;ok;dup-001261;duplicate;removed_confirmed_duplicate:exact_scientific_match:bdsolos_embrapa
bdsolos_embrapa:bdsolos_public_carbono_organico:17838218834171bbbe92df50cfecbc67822275b17e67962.csv:829:14045:46886:60-110:carbon_content;bdsolos_embrapa;bdsolos_public_carbono_organico;829:14045:46886;-7.2;-60.666666666666664;-60.666666666666664;-7.2;EPSG:4326;Brazil;AM;;;;;60;110;50;3;Não informado;;;;;;;;;;carbon_content;3;g/kg;reported_bdsolos_carbono_organico_g_kg;ok;dup-001262;duplicate;removed_confirmed_duplicate:exact_scientific_match:bdsolos_embrapa
bdsolos_embrapa:bdsolos_public_carbono_organico:17838218834171bbbe92df50cfecbc67822275b17e67962.csv:829:14045:46887:110-150:carbon_content;bdsolos_embrapa;bdsolos_public_carbono_organico;829:14045:46887;-7.2;-60.666666666666664;-60.666666666666664;-7.2;EPSG:4326;Brazil;AM;;;;;110;150;40;3;Não informado;;;;;;;;;;carbon_content;3;g/kg;reported_bdsolos_carbono_organico_g_kg;ok;dup-001260;duplicate;removed_confirmed_duplicate:exact_scientific_match:bdsolos_embrapa
bdsolos_embrapa:bdsolos_public_carbono_organico:17838218834171bbbe92df50cfecbc67822275b17e67962.csv:829:14046:46889:25-45:carbon_content;bdsolos_embrapa;bdsolos_public_carbono_organico;829:14046:46889;-7.033333333333333;-60.61666666666667;-60.61666666666667;-7.033333333333333;EPSG:4326;Brazil;AM;;;;;25;45;20;10;Não informado;;;;;;;;;;carbon_content;10;g/kg;reported_bdsolos_carbono_organico_g_kg;ok;dup-001225;duplicate;removed_confirmed_duplicate:exact_scientific_match:bdsolos_embrapa
bdsolos_embrapa:bdsolos_public_carbono_organico:17838218834171bbbe92df50cfecbc67822275b17e67962.csv:829:14046:46890:45-90:carbon_content;bdsolos_embrapa;bdsolos_public_carbono_organico;829:14046:46890;-7.033333333333333;-60.61666666666667;-60.61666666666667;-7.033333333333333;EPSG:4326;Brazil;AM;;;;;45;90;45;1;Não informado;;;;;;;;;;carbon_content;1;g/kg;reported_bdsolos_carbono_organico_g_kg;ok;dup-001226;duplicate;removed_confirmed_duplicate:exact_scientific_match:bdsolos_embrapa
bdsolos_embrapa:bdsolos_public_carbono_organico:17838218834171bbbe92df50cfecbc67822275b17e67962.csv:829:14046:46891:90-160:carbon_content;bdsolos_embrapa;bdsolos_public_carbono_organico;829:14046:46891;-7.033333333333333;-60.61666666666667;-60.61666666666667;-7.033333333333333;EPSG:4326;Brazil;AM;;;;;90;160;70;1;Não informado;;;;;;;;;;carbon_content;1;g/kg;reported_bdsolos_carbono_organico_g_kg;ok;dup-001227;duplicate;removed_confirmed_duplicate:exact_scientific_match:bdsolos_embrapa
bdsolos_embrapa:bdsolos_public_carbono_organico:17838218834171bbbe92df50cfecbc67822275b17e67962.csv:829:14047:46892:0-30:carbon_content;bdsolos_embrapa;bdsolos_public_carbono_organico;829:14047:46892;-7.166666666666667;-60.25;-60.25;-7.166666666666667;EPSG:4326;Brazil;AM;;;;;0;30;30;20;Não informado;;;;;;;;;;carbon_content;20;g/kg;reported_bdsolos_carbono_organico_g_kg;ok;dup-001249;duplicate;removed_confirmed_duplicate:exact_scientific_match:bdsolos_embrapa
bdsolos_embrapa:bdsolos_public_carbono_organico:17838218834171bbbe92df50cfecbc67822275b17e67962.csv:829:14047:46893:30-60:carbon_content;bdsolos_embrapa;bdsolos_public_carbono_organico;829:14047:46893;-7.166666666666667;-60.25;-60.25;-7.166666666666667;EPSG:4326;Brazil;AM;;;;;30;60;30;8;Não informado;;;;;;;;;;carbon_content;8;g/kg;reported_bdsolos_carbono_organico_g_kg;ok;dup-001251;duplicate;removed_confirmed_duplicate:exact_scientific_match:bdsolos_embrapa
bdsolos_embrapa:bdsolos_public_carbono_organico:17838218834171bbbe92df50cfecbc67822275b17e67962.csv:829:14047:46894:60-120:carbon_content;bdsolos_embrapa;bdsolos_public_carbono_organico;829:14047:46894;-7.166666666666667;-60.25;-60.25;-7.166666666666667;EPSG:4326;Brazil;AM;;;;;60;120;60;6;Não informado;;;;;;;;;;carbon_content;6;g/kg;reported_bdsolos_carbono_organico_g_kg;ok;dup-001252;duplicate;removed_confirmed_duplicate:exact_scientific_match:bdsolos_embrapa
bdsolos_embrapa:bdsolos_public_carbono_organico:17838218834171bbbe92df50cfecbc67822275b17e67962.csv:829:14047:46895:120-150:carbon_content;bdsolos_embrapa;bdsolos_public_carbono_organico;829:14047:46895;-7.166666666666667;-60.25;-60.25;-7.166666666666667;EPSG:4326;Brazil;AM;;;;;120;150;30;3;Não informado;;;;;;;;;;carbon_content;3;g/kg;reported_bdsolos_carbono_organico_g_kg;ok;dup-001250;duplicate;removed_confirmed_duplicate:exact_scientific_match:bdsolos_embrapa
bdsolos_embrapa:bdsolos_public_carbono_organico:17838218834171bbbe92df50cfecbc67822275b17e67962.csv:829:14048:46896:0-30:carbon_content;bdsolos_embrapa;bdsolos_public_carbono_organico;829:14048:46896;-7.05;-60.21666666666667;-60.21666666666667;-7.05;EPSG:4326;Brazil;AM;;;;;0;30;30;32;Não informado;;;;;;;;;;carbon_content;32;g/kg;reported_bdsolos_carbono_organico_g_kg;ok;dup-001237;duplicate;removed_confirmed_duplicate:exact_scientific_match:bdsolos_embrapa
bdsolos_embrapa:bdsolos_public_carbono_organico:17838218834171bbbe92df50cfecbc67822275b17e67962.csv:829:14048:46897:30-65:carbon_content;bdsolos_embrapa;bdsolos_public_carbono_organico;829:14048:46897;-7.05;-60.21666666666667;-60.21666666666667;-7.05;EPSG:4326;Brazil;AM;;;;;30;65;35;14;Não informado;;;;;;;;;;carbon_content;14;g/kg;reported_bdsolos_carbono_organico_g_kg;ok;dup-001239;duplicate;removed_confirmed_duplicate:exact_scientific_match:bdsolos_embrapa
bdsolos_embrapa:bdsolos_public_carbono_organico:17838218834171bbbe92df50cfecbc67822275b17e67962.csv:829:14048:46898:65-110:carbon_content;bdsolos_embrapa;bdsolos_public_carbono_organico;829:14048:46898;-7.05;-60.21666666666667;-60.21666666666667;-7.05;EPSG:4326;Brazil;AM;;;;;65;110;45;7;Não informado;;;;;;;;;;carbon_content;7;g/kg;reported_bdsolos_carbono_organico_g_kg;ok;dup-001240;duplicate;removed_confirmed_duplicate:exact_scientific_match:bdsolos_embrapa
bdsolos_embrapa:bdsolos_public_carbono_organico:17838218834171bbbe92df50cfecbc67822275b17e67962.csv:829:14048:46899:110-150:carbon_content;bdsolos_embrapa;bdsolos_public_carbono_organico;829:14048:46899;-7.05;-60.21666666666667;-60.21666666666667;-7.05;EPSG:4326;Brazil;AM;;;;;110;150;40;8;Não informado;;;;;;;;;;carbon_content;8;g/kg;reported_bdsolos_carbono_organico_g_kg;ok;dup-001238;duplicate;removed_confirmed_duplicate:exact_scientific_match:bdsolos_embrapa
bdsolos_embrapa:bdsolos_public_carbono_organico:17838218834171bbbe92df50cfecbc67822275b17e67962.csv:829:14049:46900:0-5:carbon_content;bdsolos_embrapa;bdsolos_public_carbono_organico;829:14049:46900;-7.933333333333334;-60.06666666666667;-60.06666666666667;-7.933333333333334;EPSG:4326;Brazil;AM;;;;;0;5;5;32;Não informado;;;;;;;;;;carbon_content;32;g/kg;reported_bdsolos_carbono_organico_g_kg;ok;dup-001445;duplicate;removed_confirmed_duplicate:exact_scientific_match:bdsolos_embrapa
bdsolos_embrapa:bdsolos_public_carbono_organico:17838218834171bbbe92df50cfecbc67822275b17e67962.csv:829:14049:46901:5-15:carbon_content;bdsolos_embrapa;bdsolos_public_carbono_organico;829:14049:46901;-7.933333333333334;-60.06666666666667;-60.06666666666667;-7.933333333333334;EPSG:4326;Brazil;AM;;;;;5;15;10;11;Não informado;;;;;;;;;;carbon_content;11;g/kg;reported_bdsolos_carbono_organico_g_kg;ok;dup-001449;duplicate;removed_confirmed_duplicate:exact_scientific_match:bdsolos_embrapa
bdsolos_embrapa:bdsolos_public_carbono_organico:17838218834171bbbe92df50cfecbc67822275b17e67962.csv:829:14049:46902:15-40:carbon_content;bdsolos_embrapa;bdsolos_public_carbono_organico;829:14049:46902;-7.933333333333334;-60.06666666666667;-60.06666666666667;-7.933333333333334;EPSG:4326;Brazil;AM;;;;;15;40;25;5;Não informado;;;;;;;;;;carbon_content;5;g/kg;reported_bdsolos_carbono_organico_g_kg;ok;dup-001447;duplicate;removed_confirmed_duplicate:exact_scientific_match:bdsolos_embrapa
bdsolos_embrapa:bdsolos_public_carbono_organico:17838218834171bbbe92df50cfecbc67822275b17e67962.csv:829:14049:46903:40-100:carbon_content;bdsolos_embrapa;bdsolos_public_carbono_organico;829:14049:46903;-7.933333333333334;-60.06666666666667;-60.06666666666667;-7.933333333333334;EPSG:4326;Brazil;AM;;;;;40;100;60;3;Não informado;;;;;;;;;;carbon_content;3;g/kg;reported_bdsolos_carbono_organico_g_kg;ok;dup-001448;duplicate;removed_confirmed_duplicate:exact_scientific_match:bdsolos_embrapa
bdsolos_embrapa:bdsolos_public_carbono_organico:17838218834171bbbe92df50cfecbc67822275b17e67962.csv:829:14049:46904:100-160:carbon_content;bdsolos_embrapa;bdsolos_public_carbono_organico;829:14049:46904;-7.933333333333334;-60.06666666666667;-60.06666666666667;-7.933333333333334;EPSG:4326;Brazil;AM;;;;;100;160;60;1;Não informado;;;;;;;;;;carbon_content;1;g/kg;reported_bdsolos_carbono_organico_g_kg;ok;dup-001446;duplicate;removed_confirmed_duplicate:exact_scientific_match:bdsolos_embrapa
bdsolos_embrapa:bdsolos_public_carbono_organico:17838218834171bbbe92df50cfecbc67822275b17e67962.csv:829:14050:46905:0-20:carbon_content;bdsolos_embrapa;bdsolos_public_carbono_organico;829:14050:46905;-7.75;-60.016666666666666;-60.016666666666666;-7.75;EPSG:4326;Brazil;AM;;;;;0;20;20;29;Não informado;;;;;;;;;;carbon_content;29;g/kg;reported_bdsolos_carbono_organico_g_kg;ok;dup-001381;duplicate;removed_confirmed_duplicate:exact_scientific_match:bdsolos_embrapa
bdsolos_embrapa:bdsolos_public_carbono_organico:17838218834171bbbe92df50cfecbc67822275b17e67962.csv:829:14050:46906:20-50:carbon_content;bdsolos_embrapa;bdsolos_public_carbono_organico;829:14050:46906;-7.75;-60.016666666666666;-60.016666666666666;-7.75;EPSG:4326;Brazil;AM;;;;;20;50;30;6;Não informado;;;;;;;;;;carbon_content;6;g/kg;reported_bdsolos_carbono_organico_g_kg;ok;dup-001382;duplicate;removed_confirmed_duplicate:exact_scientific_match:bdsolos_embrapa
bdsolos_embrapa:bdsolos_public_carbono_organico:17838218834171bbbe92df50cfecbc67822275b17e67962.csv:829:14050:46907:50-80:carbon_content;bdsolos_embrapa;bdsolos_public_carbono_organico;829:14050:46907;-7.75;-60.016666666666666;-60.016666666666666;-7.75;EPSG:4326;Brazil;AM;;;;;50;80;30;4;Não informado;;;;;;;;;;carbon_content;4;g/kg;reported_bdsolos_carbono_organico_g_kg;ok;dup-001383;duplicate;removed_confirmed_duplicate:exact_scientific_match:bdsolos_embrapa
bdsolos_embrapa:bdsolos_public_carbono_organico:17838218834171bbbe92df50cfecbc67822275b17e67962.csv:829:14050:46908:80-130:carbon_content;bdsolos_embrapa;bdsolos_public_carbono_organico;829:14050:46908;-7.75;-60.016666666666666;-60.016666666666666;-7.75;EPSG:4326;Brazil;AM;;;;;80;130;50;2;Não informado;;;;;;;;;;carbon_content;2;g/kg;reported_bdsolos_carbono_organico_g_kg;ok;dup-001384;duplicate;removed_confirmed_duplicate:exact_scientific_match:bdsolos_embrapa
bdsolos_embrapa:bdsolos_public_carbono_organico:17838218834171bbbe92df50cfecbc67822275b17e67962.csv:829:14052:46914:0-25:carbon_content;bdsolos_embrapa;bdsolos_public_carbono_organico;829:14052:46914;-6.966666666666667;-60.666666666666664;-60.666666666666664;-6.966666666666667;EPSG:4326;Brazil;AM;;;;;0;25;25;24;Não informado;;;;;;;;;;carbon_content;24;g/kg;reported_bdsolos_carbono_organico_g_kg;ok;dup-001207;duplicate;removed_confirmed_duplicate:exact_scientific_match:bdsolos_embrapa
bdsolos_embrapa:bdsolos_public_carbono_organico:17838218834171bbbe92df50cfecbc67822275b17e67962.csv:829:14052:46915:25-50:carbon_content;bdsolos_embrapa;bdsolos_public_carbono_organico;829:14052:46915;-6.966666666666667;-60.666666666666664;-60.666666666666664;-6.966666666666667;EPSG:4326;Brazil;AM;;;;;25;50;25;13;Não informado;;;;;;;;;;carbon_content;13;g/kg;reported_bdsolos_carbono_organico_g_kg;ok;dup-001209;duplicate;removed_confirmed_duplicate:exact_scientific_match:bdsolos_embrapa
bdsolos_embrapa:bdsolos_public_carbono_organico:17838218834171bbbe92df50cfecbc67822275b17e67962.csv:829:14052:46916:50-110:carbon_content;bdsolos_embrapa;bdsolos_public_carbono_organico;829:14052:46916;-6.966666666666667;-60.666666666666664;-60.666666666666664;-6.966666666666667;EPSG:4326;Brazil;AM;;;;;50;110;60;3;Não informado;;;;;;;;;;carbon_content;3;g/kg;reported_bdsolos_carbono_organico_g_kg;ok;dup-001210;duplicate;removed_confirmed_duplicate:exact_scientific_match:bdsolos_embrapa
bdsolos_embrapa:bdsolos_public_carbono_organico:17838218834171bbbe92df50cfecbc67822275b17e67962.csv:829:14052:46917:110-150:carbon_content;bdsolos_embrapa;bdsolos_public_carbono_organico;829:14052:46917;-6.966666666666667;-60.666666666666664;-60.666666666666664;-6.966666666666667;EPSG:4326;Brazil;AM;;;;;110;150;40;2;Não informado;;;;;;;;;;carbon_content;2;g/kg;reported_bdsolos_carbono_organico_g_kg;ok;dup-001208;duplicate;removed_confirmed_duplicate:exact_scientific_match:bdsolos_embrapa
bdsolos_embrapa:bdsolos_public_carbono_organico:17838218834171bbbe92df50cfecbc67822275b17e67962.csv:829:14053:46918:0-10:carbon_content;bdsolos_embrapa;bdsolos_public_carbono_organico;829:14053:46918;-5.7;-62.6;-62.6;-5.7;EPSG:4326;Brazil;AM;;;;;0;10;10;30;Não informado;;;;;;;;;;carbon_content;30;g/kg;reported_bdsolos_carbono_organico_g_kg;ok;dup-001048;duplicate;removed_confirmed_duplicate:exact_scientific_match:bdsolos_embrapa
bdsolos_embrapa:bdsolos_public_carbono_organico:17838218834171bbbe92df50cfecbc67822275b17e67962.csv:829:14053:46919:10-30:carbon_content;bdsolos_embrapa;bdsolos_public_carbono_organico;829:14053:46919;-5.7;-62.6;-62.6;-5.7;EPSG:4326;Brazil;AM;;;;;10;30;20;7;Não informado;;;;;;;;;;carbon_content;7;g/kg;reported_bdsolos_carbono_organico_g_kg;ok;dup-001049;duplicate;removed_confirmed_duplicate:exact_scientific_match:bdsolos_embrapa
bdsolos_embrapa:bdsolos_public_carbono_organico:17838218834171bbbe92df50cfecbc67822275b17e67962.csv:829:14053:46920:30-70:carbon_content;bdsolos_embrapa;bdsolos_public_carbono_organico;829:14053:46920;-5.7;-62.6;-62.6;-5.7;EPSG:4326;Brazil;AM;;;;;30;70;40;5;Não informado;;;;;;;;;;carbon_content;5;g/kg;reported_bdsolos_carbono_organico_g_kg;ok;dup-001051;duplicate;removed_confirmed_duplicate:exact_scientific_match:bdsolos_embrapa
bdsolos_embrapa:bdsolos_public_carbono_organico:17838218834171bbbe92df50cfecbc67822275b17e67962.csv:829:14053:46921:70-100:carbon_content;bdsolos_embrapa;bdsolos_public_carbono_organico;829:14053:46921;-5.7;-62.6;-62.6;-5.7;EPSG:4326;Brazil;AM;;;;;70;100;30;3;Não informado;;;;;;;;;;carbon_content;3;g/kg;reported_bdsolos_carbono_organico_g_kg;ok;dup-001052;duplicate;removed_confirmed_duplicate:exact_scientific_match:bdsolos_embrapa
bdsolos_embrapa:bdsolos_public_carbono_organico:17838218834171bbbe92df50cfecbc67822275b17e67962.csv:829:14053:46922:100-180:carbon_content;bdsolos_embrapa;bdsolos_public_carbono_organico;829:14053:46922;-5.7;-62.6;-62.6;-5.7;EPSG:4326;Brazil;AM;;;;;100;180;80;2;Não informado;;;;;;;;;;carbon_content;2;g/kg;reported_bdsolos_carbono_organico_g_kg;ok;dup-001050;duplicate;removed_confirmed_duplicate:exact_scientific_match:bdsolos_embrapa
bdsolos_embrapa:bdsolos_public_carbono_organico:17838218834171bbbe92df50cfecbc67822275b17e67962.csv:829:14055:46928:0-20:carbon_content;bdsolos_embrapa;bdsolos_public_carbono_organico;829:14055:46928;-6.883333333333333;-61.583333333333336;-61.583333333333336;-6.883333333333333;EPSG:4326;Brazil;AM;;;;;0;20;20;45;Não informado;;;;;;;;;;carbon_content;45;g/kg;reported_bdsolos_carbono_organico_g_kg;ok;dup-001198;duplicate;removed_confirmed_duplicate:exact_scientific_match:bdsolos_embrapa
bdsolos_embrapa:bdsolos_public_carbono_organico:17838218834171bbbe92df50cfecbc67822275b17e67962.csv:829:14055:46929:20-40:carbon_content;bdsolos_embrapa;bdsolos_public_carbono_organico;829:14055:46929;-6.883333333333333;-61.583333333333336;-61.583333333333336;-6.883333333333333;EPSG:4326;Brazil;AM;;;;;20;40;20;7;Não informado;;;;;;;;;;carbon_content;7;g/kg;reported_bdsolos_carbono_organico_g_kg;ok;dup-001200;duplicate;removed_confirmed_duplicate:exact_scientific_match:bdsolos_embrapa
bdsolos_embrapa:bdsolos_public_carbono_organico:17838218834171bbbe92df50cfecbc67822275b17e67962.csv:829:14055:46930:40-70:carbon_content;bdsolos_embrapa;bdsolos_public_carbono_organico;829:14055:46930;-6.883333333333333;-61.583333333333336;-61.583333333333336;-6.883333333333333;EPSG:4326;Brazil;AM;;;;;40;70;30;4;Não informado;;;;;;;;;;carbon_content;4;g/kg;reported_bdsolos_carbono_organico_g_kg;ok;dup-001201;duplicate;removed_confirmed_duplicate:exact_scientific_match:bdsolos_embrapa
bdsolos_embrapa:bdsolos_public_carbono_organico:17838218834171bbbe92df50cfecbc67822275b17e67962.csv:829:14055:46931:70-100:carbon_content;bdsolos_embrapa;bdsolos_public_carbono_organico;829:14055:46931;-6.883333333333333;-61.583333333333336;-61.583333333333336;-6.883333333333333;EPSG:4326;Brazil;AM;;;;;70;100;30;4;Não informado;;;;;;;;;;carbon_content;4;g/kg;reported_bdsolos_carbono_organico_g_kg;ok;dup-001202;duplicate;removed_confirmed_duplicate:exact_scientific_match:bdsolos_embrapa
bdsolos_embrapa:bdsolos_public_carbono_organico:17838218834171bbbe92df50cfecbc67822275b17e67962.csv:829:14055:46932:100-150:carbon_content;bdsolos_embrapa;bdsolos_public_carbono_organico;829:14055:46932;-6.883333333333333;-61.583333333333336;-61.583333333333336;-6.883333333333333;EPSG:4326;Brazil;AM;;;;;100;150;50;4;Não informado;;;;;;;;;;carbon_content;4;g/kg;reported_bdsolos_carbono_organico_g_kg;ok;dup-001199;duplicate;removed_confirmed_duplicate:exact_scientific_match:bdsolos_embrapa
bdsolos_embrapa:bdsolos_public_carbono_organico:17838218834171bbbe92df50cfecbc67822275b17e67962.csv:829:14057:46934:15-30:carbon_content;bdsolos_embrapa;bdsolos_public_carbono_organico;829:14057:46934;-7.95;-60.65;-60.65;-7.95;EPSG:4326;Brazil;AM;;;;;15;30;15;6.3;Não informado;;;;0.25;;;;;;carbon_content;6.3;g/kg;reported_bdsolos_carbono_organico_g_kg;ok;dup-001460;duplicate;removed_confirmed_duplicate:exact_scientific_match:bdsolos_embrapa
bdsolos_embrapa:bdsolos_public_carbono_organico:17838218834171bbbe92df50cfecbc67822275b17e67962.csv:829:14057:46935:30-70:carbon_content;bdsolos_embrapa;bdsolos_public_carbono_organico;829:14057:46935;-7.95;-60.65;-60.65;-7.95;EPSG:4326;Brazil;AM;;;;;30;70;40;4.2;Não informado;;;;0.84;;;;;;carbon_content;4.2;g/kg;reported_bdsolos_carbono_organico_g_kg;ok;dup-001461;duplicate;removed_confirmed_duplicate:exact_scientific_match:bdsolos_embrapa
bdsolos_embrapa:bdsolos_public_carbono_organico:17838218834171bbbe92df50cfecbc67822275b17e67962.csv:829:14057:46936:70-150:carbon_content;bdsolos_embrapa;bdsolos_public_carbono_organico;829:14057:46936;-7.95;-60.65;-60.65;-7.95;EPSG:4326;Brazil;AM;;;;;70;150;80;2.2;Não informado;;;;0.63;;;;;;carbon_content;2.2;g/kg;reported_bdsolos_carbono_organico_g_kg;ok;dup-001462;duplicate;removed_confirmed_duplicate:exact_scientific_match:bdsolos_embrapa
bdsolos_embrapa:bdsolos_public_carbono_organico:17838218834171bbbe92df50cfecbc67822275b17e67962.csv:829:14058:46939:30-60:carbon_content;bdsolos_embrapa;bdsolos_public_carbono_organico;829:14058:46939;-5.416666666666667;-61.03333333333333;-61.03333333333333;-5.416666666666667;EPSG:4326;Brazil;AM;;;;;30;60;30;4;Não informado;;;;;;;;;;carbon_content;4;g/kg;reported_bdsolos_carbono_organico_g_kg;ok;dup-001021;duplicate;removed_confirmed_duplicate:exact_scientific_match:bdsolos_embrapa
bdsolos_embrapa:bdsolos_public_carbono_organico:17838218834171bbbe92df50cfecbc67822275b17e67962.csv:829:14058:46940:60-100:carbon_content;bdsolos_embrapa;bdsolos_public_carbono_organico;829:14058:46940;-5.416666666666667;-61.03333333333333;-61.03333333333333;-5.416666666666667;EPSG:4326;Brazil;AM;;;;;60;100;40;3;Não informado;;;;;;;;;;carbon_content;3;g/kg;reported_bdsolos_carbono_organico_g_kg;ok;dup-001022;duplicate;removed_confirmed_duplicate:exact_scientific_match:bdsolos_embrapa
bdsolos_embrapa:bdsolos_public_carbono_organico:17838218834171bbbe92df50cfecbc67822275b17e67962.csv:829:14058:46941:100-150:carbon_content;bdsolos_embrapa;bdsolos_public_carbono_organico;829:14058:46941;-5.416666666666667;-61.03333333333333;-61.03333333333333;-5.416666666666667;EPSG:4326;Brazil;AM;;;;;100;150;50;2;Não informado;;;;;;;;;;carbon_content;2;g/kg;reported_bdsolos_carbono_organico_g_kg;ok;dup-001020;duplicate;removed_confirmed_duplicate:exact_scientific_match:bdsolos_embrapa
bdsolos_embrapa:bdsolos_public_carbono_organico:17838218834171bbbe92df50cfecbc67822275b17e67962.csv:829:14061:46951:0-5:carbon_content;bdsolos_embrapa;bdsolos_public_carbono_organico;829:14061:46951;-6.816666666666666;-60.86666666666667;-60.86666666666667;-6.816666666666666;EPSG:4326;Brazil;AM;;;;;0;5;5;13;Não informado;;;;;;;;;;carbon_content;13;g/kg;reported_bdsolos_carbono_organico_g_kg;ok;dup-001183;duplicate;removed_confirmed_duplicate:exact_scientific_match:bdsolos_embrapa
bdsolos_embrapa:bdsolos_public_carbono_organico:17838218834171bbbe92df50cfecbc67822275b17e67962.csv:829:14061:46952:5-20:carbon_content;bdsolos_embrapa;bdsolos_public_carbono_organico;829:14061:46952;-6.816666666666666;-60.86666666666667;-60.86666666666667;-6.816666666666666;EPSG:4326;Brazil;AM;;;;;5;20;15;10;Não informado;;;;;;;;;;carbon_content;10;g/kg;reported_bdsolos_carbono_organico_g_kg;ok;dup-001185;duplicate;removed_confirmed_duplicate:exact_scientific_match:bdsolos_embrapa
bdsolos_embrapa:bdsolos_public_carbono_organico:17838218834171bbbe92df50cfecbc67822275b17e67962.csv:829:14061:46953:20-50:carbon_content;bdsolos_embrapa;bdsolos_public_carbono_organico;829:14061:46953;-6.816666666666666;-60.86666666666667;-60.86666666666667;-6.816666666666666;EPSG:4326;Brazil;AM;;;;;20;50;30;6;Não informado;;;;;;;;;;carbon_content;6;g/kg;reported_bdsolos_carbono_organico_g_kg;ok;dup-001184;duplicate;removed_confirmed_duplicate:exact_scientific_match:bdsolos_embrapa
bdsolos_embrapa:bdsolos_public_carbono_organico:17838218834171bbbe92df50cfecbc67822275b17e67962.csv:829:14061:46954:50-90:carbon_content;bdsolos_embrapa;bdsolos_public_carbono_organico;829:14061:46954;-6.816666666666666;-60.86666666666667;-60.86666666666667;-6.816666666666666;EPSG:4326;Brazil;AM;;;;;50;90;40;4;Não informado;;;;;;;;;;carbon_content;4;g/kg;reported_bdsolos_carbono_organico_g_kg;ok;dup-001186;duplicate;removed_confirmed_duplicate:exact_scientific_match:bdsolos_embrapa
bdsolos_embrapa:bdsolos_public_carbono_organico:17838218834171bbbe92df50cfecbc67822275b17e67962.csv:829:14061:46955:90-120:carbon_content;bdsolos_embrapa;bdsolos_public_carbono_organico;829:14061:46955;-6.816666666666666;-60.86666666666667;-60.86666666666667;-6.816666666666666;EPSG:4326;Brazil;AM;;;;;90;120;30;4;Não informado;;;;;;;;;;carbon_content;4;g/kg;reported_bdsolos_carbono_organico_g_kg;ok;dup-001187;duplicate;removed_confirmed_duplicate:exact_scientific_match:bdsolos_embrapa
bdsolos_embrapa:bdsolos_public_carbono_organico:17838218834171bbbe92df50cfecbc67822275b17e67962.csv:829:14065:46969:0-25:carbon_content;bdsolos_embrapa;bdsolos_public_carbono_organico;829:14065:46969;-6.85;-63.71666666666667;-63.71666666666667;-6.85;EPSG:4326;Brazil;AM;;;;;0;25;25;5;Não informado;;;;;;;;;;carbon_content;5;g/kg;reported_bdsolos_carbono_organico_g_kg;ok;dup-001188;duplicate;removed_confirmed_duplicate:exact_scientific_match:bdsolos_embrapa
bdsolos_embrapa:bdsolos_public_carbono_organico:17838218834171bbbe92df50cfecbc67822275b17e67962.csv:829:14065:46970:25-60:carbon_content;bdsolos_embrapa;bdsolos_public_carbono_organico;829:14065:46970;-6.85;-63.71666666666667;-63.71666666666667;-6.85;EPSG:4326;Brazil;AM;;;;;25;60;35;2;Não informado;;;;;;;;;;carbon_content;2;g/kg;reported_bdsolos_carbono_organico_g_kg;ok;dup-001190;duplicate;removed_confirmed_duplicate:exact_scientific_match:bdsolos_embrapa
bdsolos_embrapa:bdsolos_public_carbono_organico:17838218834171bbbe92df50cfecbc67822275b17e67962.csv:829:14065:46971:60-110:carbon_content;bdsolos_embrapa;bdsolos_public_carbono_organico;829:14065:46971;-6.85;-63.71666666666667;-63.71666666666667;-6.85;EPSG:4326;Brazil;AM;;;;;60;110;50;2;Não informado;;;;;;;;;;carbon_content;2;g/kg;reported_bdsolos_carbono_organico_g_kg;ok;dup-001191;duplicate;removed_confirmed_duplicate:exact_scientific_match:bdsolos_embrapa
bdsolos_embrapa:bdsolos_public_carbono_organico:17838218834171bbbe92df50cfecbc67822275b17e67962.csv:829:14065:46972:110-160:carbon_content;bdsolos_embrapa;bdsolos_public_carbono_organico;829:14065:46972;-6.85;-63.71666666666667;-63.71666666666667;-6.85;EPSG:4326;Brazil;AM;;;;;110;160;50;2;Não informado;;;;;;;;;;carbon_content;2;g/kg;reported_bdsolos_carbono_organico_g_kg;ok;dup-001189;duplicate;removed_confirmed_duplicate:exact_scientific_match:bdsolos_embrapa
bdsolos_embrapa:bdsolos_public_carbono_organico:17838218834171bbbe92df50cfecbc67822275b17e67962.csv:829:14066:46973:0-10:carbon_content;bdsolos_embrapa;bdsolos_public_carbono_organico;829:14066:46973;-7.033333333333333;-61.43333333333333;-61.43333333333333;-7.033333333333333;EPSG:4326;Brazil;AM;;;;;0;10;10;55;Não informado;;;;;;;;;;carbon_content;55;g/kg;reported_bdsolos_carbono_organico_g_kg;ok;dup-001228;duplicate;removed_confirmed_duplicate:exact_scientific_match:bdsolos_embrapa
bdsolos_embrapa:bdsolos_public_carbono_organico:17838218834171bbbe92df50cfecbc67822275b17e67962.csv:829:14066:46974:10-25:carbon_content;bdsolos_embrapa;bdsolos_public_carbono_organico;829:14066:46974;-7.033333333333333;-61.43333333333333;-61.43333333333333;-7.033333333333333;EPSG:4326;Brazil;AM;;;;;10;25;15;29;Não informado;;;;;;;;;;carbon_content;29;g/kg;reported_bdsolos_carbono_organico_g_kg;ok;dup-001229;duplicate;removed_confirmed_duplicate:exact_scientific_match:bdsolos_embrapa
bdsolos_embrapa:bdsolos_public_carbono_organico:17838218834171bbbe92df50cfecbc67822275b17e67962.csv:829:14066:46975:25-55:carbon_content;bdsolos_embrapa;bdsolos_public_carbono_organico;829:14066:46975;-7.033333333333333;-61.43333333333333;-61.43333333333333;-7.033333333333333;EPSG:4326;Brazil;AM;;;;;25;55;30;5;Não informado;;;;;;;;;;carbon_content;5;g/kg;reported_bdsolos_carbono_organico_g_kg;ok;dup-001230;duplicate;removed_confirmed_duplicate:exact_scientific_match:bdsolos_embrapa
bdsolos_embrapa:bdsolos_public_carbono_organico:17838218834171bbbe92df50cfecbc67822275b17e67962.csv:829:14066:46976:55-110:carbon_content;bdsolos_embrapa;bdsolos_public_carbono_organico;829:14066:46976;-7.033333333333333;-61.43333333333333;-61.43333333333333;-7.033333333333333;EPSG:4326;Brazil;AM;;;;;55;110;55;2;Não informado;;;;;;;;;;carbon_content;2;g/kg;reported_bdsolos_carbono_organico_g_kg;ok;dup-001231;duplicate;removed_confirmed_duplicate:exact_scientific_match:bdsolos_embrapa
bdsolos_embrapa:bdsolos_public_carbono_organico:17838218834171bbbe92df50cfecbc67822275b17e67962.csv:829:14068:46981:0-20:carbon_content;bdsolos_embrapa;bdsolos_public_carbono_organico;829:14068:46981;-7.7;-63.7;-63.7;-7.7;EPSG:4326;Brazil;AM;;;;;0;20;20;20;Não informado;;;;;;;;;;carbon_content;20;g/kg;reported_bdsolos_carbono_organico_g_kg;ok;dup-001370;duplicate;removed_confirmed_duplicate:exact_scientific_match:bdsolos_embrapa
bdsolos_embrapa:bdsolos_public_carbono_organico:17838218834171bbbe92df50cfecbc67822275b17e67962.csv:829:14068:46982:20-40:carbon_content;bdsolos_embrapa;bdsolos_public_carbono_organico;829:14068:46982;-7.7;-63.7;-63.7;-7.7;EPSG:4326;Brazil;AM;;;;;20;40;20;7;Não informado;;;;;;;;;;carbon_content;7;g/kg;reported_bdsolos_carbono_organico_g_kg;ok;dup-001371;duplicate;removed_confirmed_duplicate:exact_scientific_match:bdsolos_embrapa
bdsolos_embrapa:bdsolos_public_carbono_organico:17838218834171bbbe92df50cfecbc67822275b17e67962.csv:829:14068:46983:40-80:carbon_content;bdsolos_embrapa;bdsolos_public_carbono_organico;829:14068:46983;-7.7;-63.7;-63.7;-7.7;EPSG:4326;Brazil;AM;;;;;40;80;40;3;Não informado;;;;;;;;;;carbon_content;3;g/kg;reported_bdsolos_carbono_organico_g_kg;ok;dup-001372;duplicate;removed_confirmed_duplicate:exact_scientific_match:bdsolos_embrapa
bdsolos_embrapa:bdsolos_public_carbono_organico:17838218834171bbbe92df50cfecbc67822275b17e67962.csv:829:14068:46984:80-150:carbon_content;bdsolos_embrapa;bdsolos_public_carbono_organico;829:14068:46984;-7.7;-63.7;-63.7;-7.7;EPSG:4326;Brazil;AM;;;;;80;150;70;2;Não informado;;;;;;;;;;carbon_content;2;g/kg;reported_bdsolos_carbono_organico_g_kg;ok;dup-001373;duplicate;removed_confirmed_duplicate:exact_scientific_match:bdsolos_embrapa
bdsolos_embrapa:bdsolos_public_carbono_organico:17838218834171bbbe92df50cfecbc67822275b17e67962.csv:829:14069:46985:0-30:carbon_content;bdsolos_embrapa;bdsolos_public_carbono_organico;829:14069:46985;-7.016666666666667;-60.3;-60.3;-7.016666666666667;EPSG:4326;Brazil;AM;;;;;0;30;30;15.4;Não informado;;;;;;;;;;carbon_content;15.4;g/kg;reported_bdsolos_carbono_organico_g_kg;ok;dup-001217;duplicate;removed_confirmed_duplicate:exact_scientific_match:bdsolos_embrapa
bdsolos_embrapa:bdsolos_public_carbono_organico:17838218834171bbbe92df50cfecbc67822275b17e67962.csv:829:14069:46986:30-70:carbon_content;bdsolos_embrapa;bdsolos_public_carbono_organico;829:14069:46986;-7.016666666666667;-60.3;-60.3;-7.016666666666667;EPSG:4326;Brazil;AM;;;;;30;70;40;6.4;Não informado;;;;;;;;;;carbon_content;6.4;g/kg;reported_bdsolos_carbono_organico_g_kg;ok;dup-001219;duplicate;removed_confirmed_duplicate:exact_scientific_match:bdsolos_embrapa
bdsolos_embrapa:bdsolos_public_carbono_organico:17838218834171bbbe92df50cfecbc67822275b17e67962.csv:829:14069:46987:70-170:carbon_content;bdsolos_embrapa;bdsolos_public_carbono_organico;829:14069:46987;-7.016666666666667;-60.3;-60.3;-7.016666666666667;EPSG:4326;Brazil;AM;;;;;70;170;100;5.3;Não informado;;;;;;;;;;carbon_content;5.3;g/kg;reported_bdsolos_carbono_organico_g_kg;ok;dup-001220;duplicate;removed_confirmed_duplicate:exact_scientific_match:bdsolos_embrapa
bdsolos_embrapa:bdsolos_public_carbono_organico:17838218834171bbbe92df50cfecbc67822275b17e67962.csv:829:14069:46988:170-210:carbon_content;bdsolos_embrapa;bdsolos_public_carbono_organico;829:14069:46988;-7.016666666666667;-60.3;-60.3;-7.016666666666667;EPSG:4326;Brazil;AM;;;;;170;210;40;4.4;Não informado;;;;;;;;;;carbon_content;4.4;g/kg;reported_bdsolos_carbono_organico_g_kg;ok;dup-001218;duplicate;removed_confirmed_duplicate:exact_scientific_match:bdsolos_embrapa
bdsolos_embrapa:bdsolos_public_carbono_organico:17838218834171bbbe92df50cfecbc67822275b17e67962.csv:829:14070:46989:0-20:carbon_content;bdsolos_embrapa;bdsolos_public_carbono_organico;829:14070:46989;-6.65;-60.65;-60.65;-6.65;EPSG:4326;Brazil;AM;;;;;0;20;20;10;Não informado;;;;;;;;;;carbon_content;10;g/kg;reported_bdsolos_carbono_organico_g_kg;ok;dup-001142;duplicate;removed_confirmed_duplicate:exact_scientific_match:bdsolos_embrapa
bdsolos_embrapa:bdsolos_public_carbono_organico:17838218834171bbbe92df50cfecbc67822275b17e67962.csv:829:14071:46991:0-20:carbon_content;bdsolos_embrapa;bdsolos_public_carbono_organico;829:14071:46991;-7.216666666666667;-62.35;-62.35;-7.216666666666667;EPSG:4326;Brazil;AM;;;;;0;20;20;12;Não informado;;;;;;;;;;carbon_content;12;g/kg;reported_bdsolos_carbono_organico_g_kg;ok;dup-001264;duplicate;removed_confirmed_duplicate:exact_scientific_match:bdsolos_embrapa
bdsolos_embrapa:bdsolos_public_carbono_organico:17838218834171bbbe92df50cfecbc67822275b17e67962.csv:829:14071:46994:80-120:carbon_content;bdsolos_embrapa;bdsolos_public_carbono_organico;829:14071:46994;-7.216666666666667;-62.35;-62.35;-7.216666666666667;EPSG:4326;Brazil;AM;;;;;80;120;40;2;Não informado;;;;;;;;;;carbon_content;2;g/kg;reported_bdsolos_carbono_organico_g_kg;ok;dup-001266;duplicate;removed_confirmed_duplicate:exact_scientific_match:bdsolos_embrapa
bdsolos_embrapa:bdsolos_public_carbono_organico:17838218834171bbbe92df50cfecbc67822275b17e67962.csv:829:14071:46995:80-120:carbon_content;bdsolos_embrapa;bdsolos_public_carbono_organico;829:14071:46995;-7.216666666666667;-62.35;-62.35;-7.216666666666667;EPSG:4326;Brazil;AM;;;;;80;120;40;2;Não informado;;;;;;;;;;carbon_content;2;g/kg;reported_bdsolos_carbono_organico_g_kg;ok;dup-001266;duplicate;removed_confirmed_duplicate:exact_scientific_match:bdsolos_embrapa
bdsolos_embrapa:bdsolos_public_carbono_organico:17838218834171bbbe92df50cfecbc67822275b17e67962.csv:829:14071:46996:120-160:carbon_content;bdsolos_embrapa;bdsolos_public_carbono_organico;829:14071:46996;-7.216666666666667;-62.35;-62.35;-7.216666666666667;EPSG:4326;Brazil;AM;;;;;120;160;40;2;Não informado;;;;;;;;;;carbon_content;2;g/kg;reported_bdsolos_carbono_organico_g_kg;ok;dup-001265;duplicate;removed_confirmed_duplicate:exact_scientific_match:bdsolos_embrapa
bdsolos_embrapa:bdsolos_public_carbono_organico:17838218834171bbbe92df50cfecbc67822275b17e67962.csv:829:14073:47033:0-35:carbon_content;bdsolos_embrapa;bdsolos_public_carbono_organico;829:14073:47033;-7.083333333333333;-63.983333333333334;-63.983333333333334;-7.083333333333333;EPSG:4326;Brazil;AM;;;;;0;35;35;43;Não informado;;;;;;;;;;carbon_content;43;g/kg;reported_bdsolos_carbono_organico_g_kg;ok;dup-001244;duplicate;removed_confirmed_duplicate:exact_scientific_match:bdsolos_embrapa
bdsolos_embrapa:bdsolos_public_carbono_organico:17838218834171bbbe92df50cfecbc67822275b17e67962.csv:829:14073:47034:35-60:carbon_content;bdsolos_embrapa;bdsolos_public_carbono_organico;829:14073:47034;-7.083333333333333;-63.983333333333334;-63.983333333333334;-7.083333333333333;EPSG:4326;Brazil;AM;;;;;35;60;25;6;Não informado;;;;;;;;;;carbon_content;6;g/kg;reported_bdsolos_carbono_organico_g_kg;ok;dup-001246;duplicate;removed_confirmed_duplicate:exact_scientific_match:bdsolos_embrapa
bdsolos_embrapa:bdsolos_public_carbono_organico:17838218834171bbbe92df50cfecbc67822275b17e67962.csv:829:14073:47035:60-120:carbon_content;bdsolos_embrapa;bdsolos_public_carbono_organico;829:14073:47035;-7.083333333333333;-63.983333333333334;-63.983333333333334;-7.083333333333333;EPSG:4326;Brazil;AM;;;;;60;120;60;4;Não informado;;;;;;;;;;carbon_content;4;g/kg;reported_bdsolos_carbono_organico_g_kg;ok;dup-001247;duplicate;removed_confirmed_duplicate:exact_scientific_match:bdsolos_embrapa
bdsolos_embrapa:bdsolos_public_carbono_organico:17838218834171bbbe92df50cfecbc67822275b17e67962.csv:829:14073:47036:120-160:carbon_content;bdsolos_embrapa;bdsolos_public_carbono_organico;829:14073:47036;-7.083333333333333;-63.983333333333334;-63.983333333333334;-7.083333333333333;EPSG:4326;Brazil;AM;;;;;120;160;40;3;Não informado;;;;;;;;;;carbon_content;3;g/kg;reported_bdsolos_carbono_organico_g_kg;ok;dup-001245;duplicate;removed_confirmed_duplicate:exact_scientific_match:bdsolos_embrapa
bdsolos_embrapa:bdsolos_public_carbono_organico:17838218834171bbbe92df50cfecbc67822275b17e67962.csv:829:13881:47116:35-120:carbon_content;bdsolos_embrapa;bdsolos_public_carbono_organico;829:13881:47116;-7.666666666666667;-60.31666666666667;-60.31666666666667;-7.666666666666667;EPSG:4326;Brazil;AM;;;;;35;120;85;3;Não informado;;;;;;;;;;carbon_content;3;g/kg;reported_bdsolos_carbono_organico_g_kg;ok;dup-001369;duplicate;removed_confirmed_duplicate:exact_scientific_match:bdsolos_embrapa
bdsolos_embrapa:bdsolos_public_carbono_organico:17838218834171bbbe92df50cfecbc67822275b17e67962.csv:829:13887:47138:0-10:carbon_content;bdsolos_embrapa;bdsolos_public_carbono_organico;829:13887:47138;-7.983333333333333;-60.96666666666667;-60.96666666666667;-7.983333333333333;EPSG:4326;Brazil;AM;;;;;0;10;10;21;Não informado;;;;;;;;;;carbon_content;21;g/kg;reported_bdsolos_carbono_organico_g_kg;ok;dup-001469;duplicate;removed_confirmed_duplicate:exact_scientific_match:bdsolos_embrapa
bdsolos_embrapa:bdsolos_public_carbono_organico:17838218834171bbbe92df50cfecbc67822275b17e67962.csv:829:13887:47139:10-35:carbon_content;bdsolos_embrapa;bdsolos_public_carbono_organico;829:13887:47139;-7.983333333333333;-60.96666666666667;-60.96666666666667;-7.983333333333333;EPSG:4326;Brazil;AM;;;;;10;35;25;9.9;Não informado;;;;;;;;;;carbon_content;9.9;g/kg;reported_bdsolos_carbono_organico_g_kg;ok;dup-001470;duplicate;removed_confirmed_duplicate:exact_scientific_match:bdsolos_embrapa
bdsolos_embrapa:bdsolos_public_carbono_organico:17838218834171bbbe92df50cfecbc67822275b17e67962.csv:829:13887:47140:35-80:carbon_content;bdsolos_embrapa;bdsolos_public_carbono_organico;829:13887:47140;-7.983333333333333;-60.96666666666667;-60.96666666666667;-7.983333333333333;EPSG:4326;Brazil;AM;;;;;35;80;45;6;Não informado;;;;;;;;;;carbon_content;6;g/kg;reported_bdsolos_carbono_organico_g_kg;ok;dup-001471;duplicate;removed_confirmed_duplicate:exact_scientific_match:bdsolos_embrapa
bdsolos_embrapa:bdsolos_public_carbono_organico:17838218834171bbbe92df50cfecbc67822275b17e67962.csv:829:13887:47141:80-170:carbon_content;bdsolos_embrapa;bdsolos_public_carbono_organico;829:13887:47141;-7.983333333333333;-60.96666666666667;-60.96666666666667;-7.983333333333333;EPSG:4326;Brazil;AM;;;;;80;170;90;2.9;Não informado;;;;;;;;;;carbon_content;2.9;g/kg;reported_bdsolos_carbono_organico_g_kg;ok;dup-001472;duplicate;removed_confirmed_duplicate:exact_scientific_match:bdsolos_embrapa
bdsolos_embrapa:bdsolos_public_carbono_organico:17838218834171bbbe92df50cfecbc67822275b17e67962.csv:829:13897:47191:38-50:carbon_content;bdsolos_embrapa;bdsolos_public_carbono_organico;829:13897:47191;-7.880722222222222;-63.24927777777778;-63.24927777777778;-7.880722222222222;EPSG:4326;Brazil;AM;1999-08-27;1999;1999;1999;38;50;12;5;Não informado;;;1.39;;;;;;;carbon_content;5;g/kg;reported_bdsolos_carbono_organico_g_kg;ok;dup-001443;duplicate;removed_confirmed_duplicate:exact_scientific_match:bdsolos_embrapa
bdsolos_embrapa:bdsolos_public_carbono_organico:17838218834171bbbe92df50cfecbc67822275b17e67962.csv:829:13897:47192:50-77:carbon_content;bdsolos_embrapa;bdsolos_public_carbono_organico;829:13897:47192;-7.880722222222222;-63.24927777777778;-63.24927777777778;-7.880722222222222;EPSG:4326;Brazil;AM;1999-08-27;1999;1999;1999;50;77;27;4;Não informado;;;1.36;;;;;;;carbon_content;4;g/kg;reported_bdsolos_carbono_organico_g_kg;ok;dup-001444;duplicate;removed_confirmed_duplicate:exact_scientific_match:bdsolos_embrapa
bdsolos_embrapa:bdsolos_public_carbono_organico:17838218834171bbbe92df50cfecbc67822275b17e67962.csv:829:13942:47193:17-29:carbon_content;bdsolos_embrapa;bdsolos_public_carbono_organico;829:13942:47193;-5.633138888888889;-61.04997222222222;-61.04997222222222;-5.633138888888889;EPSG:4326;Brazil;AM;1999-10-20;1999;1999;1999;17;29;12;11.6;Não informado;;;1.09;;;;;;;carbon_content;11.6;g/kg;reported_bdsolos_carbono_organico_g_kg;ok;dup-001033;duplicate;removed_confirmed_duplicate:exact_scientific_match:bdsolos_embrapa
bdsolos_embrapa:bdsolos_public_carbono_organico:17838218834171bbbe92df50cfecbc67822275b17e67962.csv:829:13942:47194:29-51:carbon_content;bdsolos_embrapa;bdsolos_public_carbono_organico;829:13942:47194;-5.633138888888889;-61.04997222222222;-61.04997222222222;-5.633138888888889;EPSG:4326;Brazil;AM;1999-10-20;1999;1999;1999;29;51;22;10.1;Não informado;;;2.1;;;;;;;carbon_content;10.1;g/kg;reported_bdsolos_carbono_organico_g_kg;ok;dup-001034;duplicate;removed_confirmed_duplicate:exact_scientific_match:bdsolos_embrapa
bdsolos_embrapa:bdsolos_public_carbono_organico:17838218834171bbbe92df50cfecbc67822275b17e67962.csv:829:13943:47195:0-20:carbon_content;bdsolos_embrapa;bdsolos_public_carbono_organico;829:13943:47195;-5.6608888888888895;-61.08330555555556;-61.08330555555556;-5.6608888888888895;EPSG:4326;Brazil;AM;1999-10-20;1999;1999;1999;0;20;20;9.8;Não informado;;;2.12;;;;;;;carbon_content;9.8;g/kg;reported_bdsolos_carbono_organico_g_kg;ok;dup-001043;duplicate;removed_confirmed_duplicate:exact_scientific_match:bdsolos_embrapa
bdsolos_embrapa:bdsolos_public_carbono_organico:17838218834171bbbe92df50cfecbc67822275b17e67962.csv:829:13943:47196:20-50:carbon_content;bdsolos_embrapa;bdsolos_public_carbono_organico;829:13943:47196;-5.6608888888888895;-61.08330555555556;-61.08330555555556;-5.6608888888888895;EPSG:4326;Brazil;AM;1999-10-20;1999;1999;1999;20;50;30;1.9;Não informado;;;2.25;0.034;;;;;;carbon_content;1.9;g/kg;reported_bdsolos_carbono_organico_g_kg;ok;dup-001046;duplicate;removed_confirmed_duplicate:exact_scientific_match:bdsolos_embrapa
bdsolos_embrapa:bdsolos_public_carbono_organico:17838218834171bbbe92df50cfecbc67822275b17e67962.csv:829:13943:47197:50-100:carbon_content;bdsolos_embrapa;bdsolos_public_carbono_organico;829:13943:47197;-5.6608888888888895;-61.08330555555556;-61.08330555555556;-5.6608888888888895;EPSG:4326;Brazil;AM;1999-10-20;1999;1999;1999;50;100;50;1.6;Não informado;;;2.09;;;;;;;carbon_content;1.6;g/kg;reported_bdsolos_carbono_organico_g_kg;ok;dup-001047;duplicate;removed_confirmed_duplicate:exact_scientific_match:bdsolos_embrapa
bdsolos_embrapa:bdsolos_public_carbono_organico:17838218834171bbbe92df50cfecbc67822275b17e67962.csv:829:13944:47198:0-20:carbon_content;bdsolos_embrapa;bdsolos_public_carbono_organico;829:13944:47198;-4.906944444444445;-60.05219444444444;-60.05219444444444;-4.906944444444445;EPSG:4326;Brazil;AM;1999-10-21;1999;1999;1999;0;20;20;17.2;Não informado;;;1.24;;;;;;;carbon_content;17.2;g/kg;reported_bdsolos_carbono_organico_g_kg;ok;dup-000984;duplicate;removed_confirmed_duplicate:exact_scientific_match:bdsolos_embrapa
bdsolos_embrapa:bdsolos_public_carbono_organico:17838218834171bbbe92df50cfecbc67822275b17e67962.csv:829:13944:47199:20-35:carbon_content;bdsolos_embrapa;bdsolos_public_carbono_organico;829:13944:47199;-4.906944444444445;-60.05219444444444;-60.05219444444444;-4.906944444444445;EPSG:4326;Brazil;AM;1999-10-21;1999;1999;1999;20;35;15;7.7;Não informado;;;1.25;;;;;;;carbon_content;7.7;g/kg;reported_bdsolos_carbono_organico_g_kg;ok;dup-000986;duplicate;removed_confirmed_duplicate:exact_scientific_match:bdsolos_embrapa
bdsolos_embrapa:bdsolos_public_carbono_organico:17838218834171bbbe92df50cfecbc67822275b17e67962.csv:829:13944:47200:35-57:carbon_content;bdsolos_embrapa;bdsolos_public_carbono_organico;829:13944:47200;-4.906944444444445;-60.05219444444444;-60.05219444444444;-4.906944444444445;EPSG:4326;Brazil;AM;1999-10-21;1999;1999;1999;35;57;22;4.8;Não informado;;;1.21;;;;;;;carbon_content;4.8;g/kg;reported_bdsolos_carbono_organico_g_kg;ok;dup-000987;duplicate;removed_confirmed_duplicate:exact_scientific_match:bdsolos_embrapa
bdsolos_embrapa:bdsolos_public_carbono_organico:17838218834171bbbe92df50cfecbc67822275b17e67962.csv:829:13944:47201:57-120:carbon_content;bdsolos_embrapa;bdsolos_public_carbono_organico;829:13944:47201;-4.906944444444445;-60.05219444444444;-60.05219444444444;-4.906944444444445;EPSG:4326;Brazil;AM;1999-10-21;1999;1999;1999;57;120;63;3.1;Não informado;;;1.2;;;;;;;carbon_content;3.1;g/kg;reported_bdsolos_carbono_organico_g_kg;ok;dup-000988;duplicate;removed_confirmed_duplicate:exact_scientific_match:bdsolos_embrapa
bdsolos_embrapa:bdsolos_public_carbono_organico:17838218834171bbbe92df50cfecbc67822275b17e67962.csv:829:13944:47202:120-200:carbon_content;bdsolos_embrapa;bdsolos_public_carbono_organico;829:13944:47202;-4.906944444444445;-60.05219444444444;-60.05219444444444;-4.906944444444445;EPSG:4326;Brazil;AM;1999-10-21;1999;1999;1999;120;200;80;2.6;Não informado;;;1.19;;;;;;;carbon_content;2.6;g/kg;reported_bdsolos_carbono_organico_g_kg;ok;dup-000985;duplicate;removed_confirmed_duplicate:exact_scientific_match:bdsolos_embrapa
bdsolos_embrapa:bdsolos_public_carbono_organico:17838218834171bbbe92df50cfecbc67822275b17e67962.csv:832:14409:47605:0-20:carbon_content;bdsolos_embrapa;bdsolos_public_carbono_organico;832:14409:47605;-22.3;-42.916666666666664;-42.916666666666664;-22.3;EPSG:4326;Brazil;RJ;1984-05-16;1984;1984;1984;0;20;20;20;Não informado;;;;;;;;;;carbon_content;20;g/kg;reported_bdsolos_carbono_organico_g_kg;ok;dup-000624;duplicate;removed_confirmed_duplicate:exact_scientific_match:bdsolos_embrapa
bdsolos_embrapa:bdsolos_public_carbono_organico:17838218834171bbbe92df50cfecbc67822275b17e67962.csv:832:14532:47807:0-25:carbon_content;bdsolos_embrapa;bdsolos_public_carbono_organico;832:14532:47807;-21.7;-42.11666666666667;-42.11666666666667;-21.7;EPSG:4326;Brazil;RJ;1985-08-20;1985;1985;1985;0;25;25;4.8;Não informado;;;;0.02;;;;;;carbon_content;4.8;g/kg;reported_bdsolos_carbono_organico_g_kg;ok;dup-000580;duplicate;removed_confirmed_duplicate:exact_scientific_match:bdsolos_embrapa
bdsolos_embrapa:bdsolos_public_carbono_organico:17838218834171bbbe92df50cfecbc67822275b17e67962.csv:832:14532:47808:50-70:carbon_content;bdsolos_embrapa;bdsolos_public_carbono_organico;832:14532:47808;-21.7;-42.11666666666667;-42.11666666666667;-21.7;EPSG:4326;Brazil;RJ;1985-08-20;1985;1985;1985;50;70;20;3.8;Não informado;;;;;;;;;;carbon_content;3.8;g/kg;reported_bdsolos_carbono_organico_g_kg;ok;dup-000581;duplicate;removed_confirmed_duplicate:exact_scientific_match:bdsolos_embrapa
bdsolos_embrapa:bdsolos_public_carbono_organico:17838218834171bbbe92df50cfecbc67822275b17e67962.csv:836:14564:47893:0-18:carbon_content;bdsolos_embrapa;bdsolos_public_carbono_organico;836:14564:47893;-22.521944444444447;-43.55166666666667;-43.55166666666667;-22.521944444444447;EPSG:4326;Brazil;RJ;1996-07-04;1996;1996;1996;0;18;18;24.3;Não informado;;;;;;;;;;carbon_content;24.3;g/kg;reported_bdsolos_carbono_organico_g_kg;ok;dup-000644;duplicate;removed_confirmed_duplicate:exact_scientific_match:bdsolos_embrapa
bdsolos_embrapa:bdsolos_public_carbono_organico:17838218834171bbbe92df50cfecbc67822275b17e67962.csv:836:14564:47894:18-30:carbon_content;bdsolos_embrapa;bdsolos_public_carbono_organico;836:14564:47894;-22.521944444444447;-43.55166666666667;-43.55166666666667;-22.521944444444447;EPSG:4326;Brazil;RJ;1996-07-04;1996;1996;1996;18;30;12;13.9;Não informado;;;;;;;;;;carbon_content;13.9;g/kg;reported_bdsolos_carbono_organico_g_kg;ok;dup-000646;duplicate;removed_confirmed_duplicate:exact_scientific_match:bdsolos_embrapa
bdsolos_embrapa:bdsolos_public_carbono_organico:17838218834171bbbe92df50cfecbc67822275b17e67962.csv:836:14564:47895:30-64:carbon_content;bdsolos_embrapa;bdsolos_public_carbono_organico;836:14564:47895;-22.521944444444447;-43.55166666666667;-43.55166666666667;-22.521944444444447;EPSG:4326;Brazil;RJ;1996-07-04;1996;1996;1996;30;64;34;10.2;Não informado;;;;;;;;;;carbon_content;10.2;g/kg;reported_bdsolos_carbono_organico_g_kg;ok;dup-000647;duplicate;removed_confirmed_duplicate:exact_scientific_match:bdsolos_embrapa
bdsolos_embrapa:bdsolos_public_carbono_organico:17838218834171bbbe92df50cfecbc67822275b17e67962.csv:836:14564:47896:64-97:carbon_content;bdsolos_embrapa;bdsolos_public_carbono_organico;836:14564:47896;-22.521944444444447;-43.55166666666667;-43.55166666666667;-22.521944444444447;EPSG:4326;Brazil;RJ;1996-07-04;1996;1996;1996;64;97;33;5.3;Não informado;;;;;;;;;;carbon_content;5.3;g/kg;reported_bdsolos_carbono_organico_g_kg;ok;dup-000648;duplicate;removed_confirmed_duplicate:exact_scientific_match:bdsolos_embrapa
bdsolos_embrapa:bdsolos_public_carbono_organico:17838218834171bbbe92df50cfecbc67822275b17e67962.csv:836:14564:47897:97-148:carbon_content;bdsolos_embrapa;bdsolos_public_carbono_organico;836:14564:47897;-22.521944444444447;-43.55166666666667;-43.55166666666667;-22.521944444444447;EPSG:4326;Brazil;RJ;1996-07-04;1996;1996;1996;97;148;51;3.8;Não informado;;;;;;;;;;carbon_content;3.8;g/kg;reported_bdsolos_carbono_organico_g_kg;ok;dup-000649;duplicate;removed_confirmed_duplicate:exact_scientific_match:bdsolos_embrapa
bdsolos_embrapa:bdsolos_public_carbono_organico:17838218834171bbbe92df50cfecbc67822275b17e67962.csv:836:14564:47898:148-180:carbon_content;bdsolos_embrapa;bdsolos_public_carbono_organico;836:14564:47898;-22.521944444444447;-43.55166666666667;-43.55166666666667;-22.521944444444447;EPSG:4326;Brazil;RJ;1996-07-04;1996;1996;1996;148;180;32;1.5;Não informado;;;;;;;;;;carbon_content;1.5;g/kg;reported_bdsolos_carbono_organico_g_kg;ok;dup-000645;duplicate;removed_confirmed_duplicate:exact_scientific_match:bdsolos_embrapa
hybras_sgb:hybras_v1_2020:HYBRAS:226:30-50:carbon_content;hybras_sgb;hybras_v1_2020;HYBRAS:226;-22.55;-42.22;-42.22;-22.55;EPSG:4326;Brazil;RJ;;;;;30;50;20;1.22;Oxidação úmida - Walkley-Black (1934), titulação;;;1.45;;;;;;;carbon_content;1.22;g/kg;converted_hybras_organic_carbon_percent_to_g_kg;coordinate_from_source|organic_carbon_reported;dup-000662;duplicate;removed_confirmed_duplicate:documented_republication:hybras_sgb
hybras_sgb:hybras_v1_2020:HYBRAS:244:0-22:carbon_content;hybras_sgb;hybras_v1_2020;HYBRAS:244;-22.54;-42.2;-42.2;-22.54;EPSG:4326;Brazil;RJ;;;;;0;22;22;42;Oxidação úmida - Walkley-Black (1934), titulação;;;0.73;;;;;;;carbon_content;42;g/kg;converted_hybras_organic_carbon_percent_to_g_kg;coordinate_from_source|organic_carbon_reported;dup-000658;duplicate;removed_confirmed_duplicate:documented_republication:hybras_sgb
hybras_sgb:hybras_v1_2020:HYBRAS:245:22-44:carbon_content;hybras_sgb;hybras_v1_2020;HYBRAS:245;-22.54;-42.2;-42.2;-22.54;EPSG:4326;Brazil;RJ;;;;;22;44;22;18.5;Oxidação úmida - Walkley-Black (1934), titulação;;;0.79;;;;;;;carbon_content;18.5;g/kg;converted_hybras_organic_carbon_percent_to_g_kg;coordinate_from_source|organic_carbon_reported;dup-000659;duplicate;removed_confirmed_duplicate:documented_republication:hybras_sgb
hybras_sgb:hybras_v1_2020:HYBRAS:337:0-3:carbon_content;hybras_sgb;hybras_v1_2020;HYBRAS:337;-20.92;-47.12;-47.12;-20.92;EPSG:4326;Brazil;MG;;2007;2007;2007;0;3;3;15.661253;Oxidação úmida - Walkley-Black (1934), titulação;;;0.85;;;;;;;carbon_content;15.661253;g/kg;derived_from_hybras_organic_matter_percent_van_bemmelen_1_724;coordinate_from_source|organic_matter_converted_to_carbon;dup-000530;duplicate;removed_confirmed_duplicate:exact_scientific_match:hybras_sgb
hybras_sgb:hybras_v1_2020:HYBRAS:359:25-28:carbon_content;hybras_sgb;hybras_v1_2020;HYBRAS:359;-20.92;-47.12;-47.12;-20.92;EPSG:4326;Brazil;MG;;2007;2007;2007;25;28;3;9.280742;Oxidação úmida - Walkley-Black (1934), titulação;;;1.19;;;;;;;carbon_content;9.280742;g/kg;derived_from_hybras_organic_matter_percent_van_bemmelen_1_724;coordinate_from_source|organic_matter_converted_to_carbon;dup-000532;duplicate;removed_confirmed_duplicate:exact_scientific_match:hybras_sgb
hybras_sgb:hybras_v1_2020:HYBRAS:602:0-20:carbon_content;hybras_sgb;hybras_v1_2020;HYBRAS:602;-31.82;-52.47;-52.47;-31.82;EPSG:4326;Brazil;RS;;2006;2006;2006;0;20;20;11;Oxidação úmida - Walkley-Black (1934), titulação;;;1.62;;;;;;;carbon_content;11;g/kg;converted_hybras_organic_carbon_percent_to_g_kg;coordinate_from_source|organic_carbon_reported;dup-000944;duplicate;removed_confirmed_duplicate:exact_scientific_match:hybras_sgb
hybras_sgb:hybras_v1_2020:HYBRAS:606:0-20:carbon_content;hybras_sgb;hybras_v1_2020;HYBRAS:606;-31.82;-52.47;-52.47;-31.82;EPSG:4326;Brazil;RS;;2006;2006;2006;0;20;20;12.8;Oxidação úmida - Walkley-Black (1934), titulação;;;1.63;;;;;;;carbon_content;12.8;g/kg;converted_hybras_organic_carbon_percent_to_g_kg;coordinate_from_source|organic_carbon_reported;dup-000944;duplicate;removed_confirmed_duplicate:exact_scientific_match:hybras_sgb
hybras_sgb:hybras_v1_2020:HYBRAS:879:0-10:carbon_content;hybras_sgb;hybras_v1_2020;HYBRAS:879;-28.26;-52.41;-52.41;-28.26;EPSG:4326;Brazil;RS;;1994;1994;1994;0;10;10;18.2;Oxidação úmida - Walkley-Black (1934), titulação;;;1.32;;;;;;;carbon_content;18.2;g/kg;converted_hybras_organic_carbon_percent_to_g_kg;coordinate_from_source|organic_carbon_reported;dup-000906;duplicate;removed_confirmed_duplicate:documented_republication:hybras_sgb
wosis_brazil:wosis_latest_orgc:BR-Cooper:851685:1007442:0-16:carbon_content;wosis_brazil;wosis_latest_orgc;BR-Cooper:851685:1007442;-8.25;-52.8167;-52.8167;-8.25;EPSG:4326;Brazil;;;1974;1974;1974;0;16;16;6.8;Não informado;;;;;;;;;;carbon_content;6.8;g/kg;reported_by_wosis_latest_orgc;ok;dup-001521;duplicate;removed_confirmed_duplicate:exact_scientific_match:wosis_brazil
wosis_brazil:wosis_latest_orgc:BR-Cooper:851768:1007607:50-90:carbon_content;wosis_brazil;wosis_latest_orgc;BR-Cooper:851768:1007607;1.066666666666667;-61.03333333333333;-61.03333333333333;1.066666666666667;EPSG:4326;Brazil;;;1975;1975;1975;50;90;40;5.2;Não informado;;;;;;;;;;carbon_content;5.2;g/kg;reported_by_wosis_latest_orgc;ok;dup-001662;duplicate;removed_confirmed_duplicate:exact_scientific_match:wosis_brazil
wosis_brazil:wosis_latest_orgc:BR-Cooper:851768:1007608:60-90:carbon_content;wosis_brazil;wosis_latest_orgc;BR-Cooper:851768:1007608;1.066666666666667;-61.03333333333333;-61.03333333333333;1.066666666666667;EPSG:4326;Brazil;;;1975;1975;1975;60;90;30;1.6;Não informado;;;;;;;;;;carbon_content;1.6;g/kg;reported_by_wosis_latest_orgc;ok;dup-001663;duplicate;removed_confirmed_duplicate:exact_scientific_match:wosis_brazil
wosis_brazil:wosis_latest_orgc:BR-Cooper:851772:1007615:0-8:carbon_content;wosis_brazil;wosis_latest_orgc;BR-Cooper:851772:1007615;-9.483333333333333;-66.11666666666666;-66.11666666666666;-9.483333333333333;EPSG:4326;Brazil;;;1976;1976;1976;0;8;8;19.9;Não informado;;;;;;;;;;carbon_content;19.9;g/kg;reported_by_wosis_latest_orgc;ok;dup-001627;duplicate;removed_confirmed_duplicate:exact_scientific_match:wosis_brazil
wosis_brazil:wosis_latest_orgc:BR-Cooper:851772:1007616:50-90:carbon_content;wosis_brazil;wosis_latest_orgc;BR-Cooper:851772:1007616;-9.483333333333333;-66.11666666666666;-66.11666666666666;-9.483333333333333;EPSG:4326;Brazil;;;1976;1976;1976;50;90;40;7;Não informado;;;;;;;;;;carbon_content;7;g/kg;reported_by_wosis_latest_orgc;ok;dup-001628;duplicate;removed_confirmed_duplicate:exact_scientific_match:wosis_brazil
wosis_brazil:wosis_latest_orgc:BR-Cooper:851773:1007617:0-5:carbon_content;wosis_brazil;wosis_latest_orgc;BR-Cooper:851773:1007617;-9.3833;-72.4333;-72.4333;-9.3833;EPSG:4326;Brazil;;;1977;1977;1977;0;5;5;44;Não informado;;;;;;;;;;carbon_content;44;g/kg;reported_by_wosis_latest_orgc;ok;dup-001619;duplicate;removed_confirmed_duplicate:exact_scientific_match:wosis_brazil
wosis_brazil:wosis_latest_orgc:BR-Cooper:851776:1007624:80-130:carbon_content;wosis_brazil;wosis_latest_orgc;BR-Cooper:851776:1007624;-1.233333333333333;-66.35;-66.35;-1.233333333333333;EPSG:4326;Brazil;;;1977;1977;1977;80;130;50;5;Não informado;;;;;;;;;;carbon_content;5;g/kg;reported_by_wosis_latest_orgc;ok;dup-000001;duplicate;removed_confirmed_duplicate:exact_scientific_match:wosis_brazil
wosis_brazil:wosis_latest_orgc:BR-Cooper:851779:1007630:0-30:carbon_content;wosis_brazil;wosis_latest_orgc;BR-Cooper:851779:1007630;-1.883333333333333;-66.61666666666666;-66.61666666666666;-1.883333333333333;EPSG:4326;Brazil;;;1977;1977;1977;0;30;30;62;Não informado;;;;;;;;;;carbon_content;62;g/kg;reported_by_wosis_latest_orgc;ok;dup-000007;duplicate;removed_confirmed_duplicate:exact_scientific_match:wosis_brazil
wosis_brazil:wosis_latest_orgc:BR-Cooper:851781:1007633:25-100:carbon_content;wosis_brazil;wosis_latest_orgc;BR-Cooper:851781:1007633;-2.15;-68.66666666666667;-68.66666666666667;-2.15;EPSG:4326;Brazil;;;1977;1977;1977;25;100;75;6;Não informado;;;;;;;;;;carbon_content;6;g/kg;reported_by_wosis_latest_orgc;ok;dup-000427;duplicate;removed_confirmed_duplicate:exact_scientific_match:wosis_brazil
wosis_brazil:wosis_latest_orgc:BR-Cooper:851783:1007637:0-12:carbon_content;wosis_brazil;wosis_latest_orgc;BR-Cooper:851783:1007637;-3.65;-68.86666666666666;-68.86666666666666;-3.65;EPSG:4326;Brazil;;;1977;1977;1977;0;12;12;47;Não informado;;;;;;;;;;carbon_content;47;g/kg;reported_by_wosis_latest_orgc;ok;dup-000934;duplicate;removed_confirmed_duplicate:exact_scientific_match:wosis_brazil
wosis_brazil:wosis_latest_orgc:BR-Cooper:851787:1007645:0-15:carbon_content;wosis_brazil;wosis_latest_orgc;BR-Cooper:851787:1007645;-4.716666666666667;-66.5;-66.5;-4.716666666666667;EPSG:4326;Brazil;;;1977;1977;1977;0;15;15;36.1;Não informado;;;;;;;;;;carbon_content;36.1;g/kg;reported_by_wosis_latest_orgc;ok;dup-000982;duplicate;removed_confirmed_duplicate:exact_scientific_match:wosis_brazil
wosis_brazil:wosis_latest_orgc:BR-Cooper:851796:1007663:0-30:carbon_content;wosis_brazil;wosis_latest_orgc;BR-Cooper:851796:1007663;-7.166666666666667;-60.25;-60.25;-7.166666666666667;EPSG:4326;Brazil;;;1978;1978;1978;0;30;30;20;Não informado;;;;;;;;;;carbon_content;20;g/kg;reported_by_wosis_latest_orgc;ok;dup-001253;duplicate;removed_confirmed_duplicate:exact_scientific_match:wosis_brazil
wosis_brazil:wosis_latest_orgc:BR-Cooper:851805:1007681:0-10:carbon_content;wosis_brazil;wosis_latest_orgc;BR-Cooper:851805:1007681;-10.066666666666666;-59.13333333333333;-59.13333333333333;-10.066666666666666;EPSG:4326;Brazil;;;1980;1980;1980;0;10;10;15.3;Não informado;;;;;;;;;;carbon_content;15.3;g/kg;reported_by_wosis_latest_orgc;ok;dup-000013;duplicate;removed_confirmed_duplicate:exact_scientific_match:wosis_brazil
wosis_brazil:wosis_latest_orgc:BR-Cooper:851805:1007682:60-100:carbon_content;wosis_brazil;wosis_latest_orgc;BR-Cooper:851805:1007682;-10.066666666666666;-59.13333333333333;-59.13333333333333;-10.066666666666666;EPSG:4326;Brazil;;;1980;1980;1980;60;100;40;3.9;Não informado;;;;;;;;;;carbon_content;3.9;g/kg;reported_by_wosis_latest_orgc;ok;dup-000014;duplicate;removed_confirmed_duplicate:exact_scientific_match:wosis_brazil
wosis_brazil:wosis_latest_orgc:BR-Cooper:851806:1007683:0-20:carbon_content;wosis_brazil;wosis_latest_orgc;BR-Cooper:851806:1007683;-10.0333;-59.05;-59.05;-10.0333;EPSG:4326;Brazil;;;1980;1980;1980;0;20;20;6;Não informado;;;;;;;;;;carbon_content;6;g/kg;reported_by_wosis_latest_orgc;ok;dup-000009;duplicate;removed_confirmed_duplicate:exact_scientific_match:wosis_brazil
wosis_brazil:wosis_latest_orgc:BR-Cooper:851806:1007684:60-140:carbon_content;wosis_brazil;wosis_latest_orgc;BR-Cooper:851806:1007684;-10.0333;-59.05;-59.05;-10.0333;EPSG:4326;Brazil;;;1980;1980;1980;60;140;80;1.5;Não informado;;;;;;;;;;carbon_content;1.5;g/kg;reported_by_wosis_latest_orgc;ok;dup-000010;duplicate;removed_confirmed_duplicate:exact_scientific_match:wosis_brazil
wosis_brazil:wosis_latest_orgc:BR-Cooper:851807:1007685:0-5:carbon_content;wosis_brazil;wosis_latest_orgc;BR-Cooper:851807:1007685;-10.033333333333333;-59.016666666666666;-59.016666666666666;-10.033333333333333;EPSG:4326;Brazil;;;1980;1980;1980;0;5;5;29.2;Não informado;;;;;;;;;;carbon_content;29.2;g/kg;reported_by_wosis_latest_orgc;ok;dup-000011;duplicate;removed_confirmed_duplicate:exact_scientific_match:wosis_brazil
wosis_brazil:wosis_latest_orgc:BR-Cooper:851807:1007686:60-120:carbon_content;wosis_brazil;wosis_latest_orgc;BR-Cooper:851807:1007686;-10.033333333333333;-59.016666666666666;-59.016666666666666;-10.033333333333333;EPSG:4326;Brazil;;;1980;1980;1980;60;120;60;6.6;Não informado;;;;;;;;;;carbon_content;6.6;g/kg;reported_by_wosis_latest_orgc;ok;dup-000012;duplicate;removed_confirmed_duplicate:exact_scientific_match:wosis_brazil
wosis_brazil:wosis_latest_orgc:BR-Cooper:851808:1007687:0-15:carbon_content;wosis_brazil;wosis_latest_orgc;BR-Cooper:851808:1007687;-8.65;-54.21666666666667;-54.21666666666667;-8.65;EPSG:4326;Brazil;;;1980;1980;1980;0;15;15;9.8;Não informado;;;;;;;;;;carbon_content;9.8;g/kg;reported_by_wosis_latest_orgc;ok;dup-001562;duplicate;removed_confirmed_duplicate:exact_scientific_match:wosis_brazil
wosis_brazil:wosis_latest_orgc:BR-Cooper:851808:1007688:80-109:carbon_content;wosis_brazil;wosis_latest_orgc;BR-Cooper:851808:1007688;-8.65;-54.21666666666667;-54.21666666666667;-8.65;EPSG:4326;Brazil;;;1980;1980;1980;80;109;29;2.8;Não informado;;;;;;;;;;carbon_content;2.8;g/kg;reported_by_wosis_latest_orgc;ok;dup-001563;duplicate;removed_confirmed_duplicate:exact_scientific_match:wosis_brazil
wosis_brazil:wosis_latest_orgc:BR-Cooper:851852:1007776:0-20:carbon_content;wosis_brazil;wosis_latest_orgc;BR-Cooper:851852:1007776;-11.6;-50.63333333333333;-50.63333333333333;-11.6;EPSG:4326;Brazil;;;1981;1981;1981;0;20;20;12.2;Não informado;;;;;;;;;;carbon_content;12.2;g/kg;reported_by_wosis_latest_orgc;ok;dup-000051;duplicate;removed_confirmed_duplicate:exact_scientific_match:wosis_brazil
wosis_brazil:wosis_latest_orgc:BR-Cooper:851853:1007777:65-140:carbon_content;wosis_brazil;wosis_latest_orgc;BR-Cooper:851853:1007777;-11.633333333333333;-50.61666666666667;-50.61666666666667;-11.633333333333333;EPSG:4326;Brazil;;;1981;1981;1981;65;140;75;11;Não informado;;;;;;;;;;carbon_content;11;g/kg;reported_by_wosis_latest_orgc;ok;dup-000053;duplicate;removed_confirmed_duplicate:exact_scientific_match:wosis_brazil
wosis_brazil:wosis_latest_orgc:BR-Cooper:851854:1007779:0-10:carbon_content;wosis_brazil;wosis_latest_orgc;BR-Cooper:851854:1007779;-11.666666666666666;-50.61666666666667;-50.61666666666667;-11.666666666666666;EPSG:4326;Brazil;;;1981;1981;1981;0;10;10;10.4;Não informado;;;;;;;;;;carbon_content;10.4;g/kg;reported_by_wosis_latest_orgc;ok;dup-000054;duplicate;removed_confirmed_duplicate:exact_scientific_match:wosis_brazil
wosis_brazil:wosis_latest_orgc:BR-Cooper:851855:1007781:0-15:carbon_content;wosis_brazil;wosis_latest_orgc;BR-Cooper:851855:1007781;-11.633333333333333;-50.233333333333334;-50.233333333333334;-11.633333333333333;EPSG:4326;Brazil;;;1981;1981;1981;0;15;15;29.8;Não informado;;;;;;;;;;carbon_content;29.8;g/kg;reported_by_wosis_latest_orgc;ok;dup-000052;duplicate;removed_confirmed_duplicate:exact_scientific_match:wosis_brazil
wosis_brazil:wosis_latest_orgc:BR-Cooper:851856:1007783:0-20:carbon_content;wosis_brazil;wosis_latest_orgc;BR-Cooper:851856:1007783;-11.6;-50.21666666666667;-50.21666666666667;-11.6;EPSG:4326;Brazil;;;1981;1981;1981;0;20;20;11.7;Não informado;;;;;;;;;;carbon_content;11.7;g/kg;reported_by_wosis_latest_orgc;ok;dup-000050;duplicate;removed_confirmed_duplicate:exact_scientific_match:wosis_brazil
wosis_brazil:wosis_latest_orgc:BR-Cooper:852165:1008389:0-20:carbon_content;wosis_brazil;wosis_latest_orgc;BR-Cooper:852165:1008389;-12.116666666666667;-59.15;-59.15;-12.116666666666667;EPSG:4326;Brazil;;;1982;1982;1982;0;20;20;6;Não informado;;;;;;;;;;carbon_content;6;g/kg;reported_by_wosis_latest_orgc;ok;dup-000073;duplicate;removed_confirmed_duplicate:exact_scientific_match:wosis_brazil
wosis_brazil:wosis_latest_orgc:BR-Cooper:852166:1008391:0-5:carbon_content;wosis_brazil;wosis_latest_orgc;BR-Cooper:852166:1008391;-12.216666666666667;-58.81666666666667;-58.81666666666667;-12.216666666666667;EPSG:4326;Brazil;;;1982;1982;1982;0;5;5;9;Não informado;;;;;;;;;;carbon_content;9;g/kg;reported_by_wosis_latest_orgc;ok;dup-000076;duplicate;removed_confirmed_duplicate:exact_scientific_match:wosis_brazil
wosis_brazil:wosis_latest_orgc:BR-Cooper:852166:1008392:65-105:carbon_content;wosis_brazil;wosis_latest_orgc;BR-Cooper:852166:1008392;-12.216666666666667;-58.81666666666667;-58.81666666666667;-12.216666666666667;EPSG:4326;Brazil;;;1982;1982;1982;65;105;40;3;Não informado;;;;;;;;;;carbon_content;3;g/kg;reported_by_wosis_latest_orgc;ok;dup-000077;duplicate;removed_confirmed_duplicate:exact_scientific_match:wosis_brazil
wosis_brazil:wosis_latest_orgc:BR-Cooper:852167:1008393:0-10:carbon_content;wosis_brazil;wosis_latest_orgc;BR-Cooper:852167:1008393;-12.35;-59.15;-59.15;-12.35;EPSG:4326;Brazil;;;1982;1982;1982;0;10;10;9;Não informado;;;;;;;;;;carbon_content;9;g/kg;reported_by_wosis_latest_orgc;ok;dup-000085;duplicate;removed_confirmed_duplicate:exact_scientific_match:wosis_brazil
wosis_brazil:wosis_latest_orgc:BR-Cooper:852168:1008395:0-15:carbon_content;wosis_brazil;wosis_latest_orgc;BR-Cooper:852168:1008395;-12.666666666666666;-58.96666666666667;-58.96666666666667;-12.666666666666666;EPSG:4326;Brazil;;;1982;1982;1982;0;15;15;9;Não informado;;;;;;;;;;carbon_content;9;g/kg;reported_by_wosis_latest_orgc;ok;dup-000092;duplicate;removed_confirmed_duplicate:exact_scientific_match:wosis_brazil
wosis_brazil:wosis_latest_orgc:BR-HYBRAS:854568:3273268:0-10:carbon_content;wosis_brazil;wosis_latest_orgc;BR-HYBRAS:854568:3273268;-19.469999313354492;-44.25;-44.25;-19.469999313354492;EPSG:4326;Brazil;;;;;;0;10;10;24.400002;Oxidação úmida - Walkley-Black (1934), titulação;;;;;;;;;;carbon_content;24.400002;g/kg;reported_by_wosis_latest_orgc;ok;dup-000402;duplicate;removed_confirmed_duplicate:documented_republication:hybras_sgb
wosis_brazil:wosis_latest_orgc:BR-HYBRAS:854568:3273269:10-26:carbon_content;wosis_brazil;wosis_latest_orgc;BR-HYBRAS:854568:3273269;-19.469999313354492;-44.25;-44.25;-19.469999313354492;EPSG:4326;Brazil;;;;;;10;26;16;19.7;Oxidação úmida - Walkley-Black (1934), titulação;;;;;;;;;;carbon_content;19.7;g/kg;reported_by_wosis_latest_orgc;ok;dup-000403;duplicate;removed_confirmed_duplicate:documented_republication:hybras_sgb
wosis_brazil:wosis_latest_orgc:BR-HYBRAS:854568:3273270:26-49:carbon_content;wosis_brazil;wosis_latest_orgc;BR-HYBRAS:854568:3273270;-19.469999313354492;-44.25;-44.25;-19.469999313354492;EPSG:4326;Brazil;;;;;;26;49;23;17.9;Oxidação úmida - Walkley-Black (1934), titulação;;;;;;;;;;carbon_content;17.9;g/kg;reported_by_wosis_latest_orgc;ok;dup-000405;duplicate;removed_confirmed_duplicate:documented_republication:hybras_sgb
wosis_brazil:wosis_latest_orgc:BR-HYBRAS:854568:3273271:49-102:carbon_content;wosis_brazil;wosis_latest_orgc;BR-HYBRAS:854568:3273271;-19.469999313354492;-44.25;-44.25;-19.469999313354492;EPSG:4326;Brazil;;;;;;49;102;53;14;Oxidação úmida - Walkley-Black (1934), titulação;;;;;;;;;;carbon_content;14;g/kg;reported_by_wosis_latest_orgc;ok;dup-000406;duplicate;removed_confirmed_duplicate:documented_republication:hybras_sgb
wosis_brazil:wosis_latest_orgc:BR-HYBRAS:854568:3273272:102-142:carbon_content;wosis_brazil;wosis_latest_orgc;BR-HYBRAS:854568:3273272;-19.469999313354492;-44.25;-44.25;-19.469999313354492;EPSG:4326;Brazil;;;;;;102;142;40;13.200001;Oxidação úmida - Walkley-Black (1934), titulação;;;;;;;;;;carbon_content;13.200001;g/kg;reported_by_wosis_latest_orgc;ok;dup-000404;duplicate;removed_confirmed_duplicate:documented_republication:hybras_sgb
wosis_brazil:wosis_latest_orgc:BR-HYBRAS:854569:3273273:0-30:carbon_content;wosis_brazil;wosis_latest_orgc;BR-HYBRAS:854569:3273273;-2.450000047683716;-56.45000076293945;-56.45000076293945;-2.450000047683716;EPSG:4326;Brazil;;;;;;0;30;30;35.7;Oxidação úmida - Walkley-Black (1934), titulação;;;;;;;;;;carbon_content;35.7;g/kg;reported_by_wosis_latest_orgc;ok;dup-000432;duplicate;removed_confirmed_duplicate:documented_republication:hybras_sgb
wosis_brazil:wosis_latest_orgc:BR-HYBRAS:854569:3273274:30-48:carbon_content;wosis_brazil;wosis_latest_orgc;BR-HYBRAS:854569:3273274;-2.450000047683716;-56.45000076293945;-56.45000076293945;-2.450000047683716;EPSG:4326;Brazil;;;;;;30;48;18;13.8;Oxidação úmida - Walkley-Black (1934), titulação;;;;;;;;;;carbon_content;13.8;g/kg;reported_by_wosis_latest_orgc;ok;dup-000443;duplicate;removed_confirmed_duplicate:documented_republication:hybras_sgb
wosis_brazil:wosis_latest_orgc:BR-HYBRAS:854569:3273275:48-110:carbon_content;wosis_brazil;wosis_latest_orgc;BR-HYBRAS:854569:3273275;-2.450000047683716;-56.45000076293945;-56.45000076293945;-2.450000047683716;EPSG:4326;Brazil;;;;;;48;110;62;3.83;Oxidação úmida - Walkley-Black (1934), titulação;;;;;;;;;;carbon_content;3.83;g/kg;reported_by_wosis_latest_orgc;ok;dup-000446;duplicate;removed_confirmed_duplicate:documented_republication:hybras_sgb
wosis_brazil:wosis_latest_orgc:BR-HYBRAS:854570:3273276:0-20:carbon_content;wosis_brazil;wosis_latest_orgc;BR-HYBRAS:854570:3273276;-2.450000047683716;-56.45000076293945;-56.45000076293945;-2.450000047683716;EPSG:4326;Brazil;;;;;;0;20;20;40;Oxidação úmida - Walkley-Black (1934), titulação;;;;;;;;;;carbon_content;40;g/kg;reported_by_wosis_latest_orgc;ok;dup-000430;duplicate;removed_confirmed_duplicate:documented_republication:hybras_sgb
wosis_brazil:wosis_latest_orgc:BR-HYBRAS:854570:3273277:20-62:carbon_content;wosis_brazil;wosis_latest_orgc;BR-HYBRAS:854570:3273277;-2.450000047683716;-56.45000076293945;-56.45000076293945;-2.450000047683716;EPSG:4326;Brazil;;;;;;20;62;42;18.7;Oxidação úmida - Walkley-Black (1934), titulação;;;;;;;;;;carbon_content;18.7;g/kg;reported_by_wosis_latest_orgc;ok;dup-000440;duplicate;removed_confirmed_duplicate:documented_republication:hybras_sgb
wosis_brazil:wosis_latest_orgc:BR-HYBRAS:854570:3273278:62-120:carbon_content;wosis_brazil;wosis_latest_orgc;BR-HYBRAS:854570:3273278;-2.450000047683716;-56.45000076293945;-56.45000076293945;-2.450000047683716;EPSG:4326;Brazil;;;;;;62;120;58;8.5;Oxidação úmida - Walkley-Black (1934), titulação;;;;;;;;;;carbon_content;8.5;g/kg;reported_by_wosis_latest_orgc;ok;dup-000449;duplicate;removed_confirmed_duplicate:documented_republication:hybras_sgb
wosis_brazil:wosis_latest_orgc:BR-HYBRAS:854571:3273279:0-25:carbon_content;wosis_brazil;wosis_latest_orgc;BR-HYBRAS:854571:3273279;-2.450000047683716;-56.45000076293945;-56.45000076293945;-2.450000047683716;EPSG:4326;Brazil;;;;;;0;25;25;33.399998;Oxidação úmida - Walkley-Black (1934), titulação;;;;;;;;;;carbon_content;33.399998;g/kg;reported_by_wosis_latest_orgc;ok;dup-000431;duplicate;removed_confirmed_duplicate:documented_republication:hybras_sgb
wosis_brazil:wosis_latest_orgc:BR-HYBRAS:854571:3273280:25-60:carbon_content;wosis_brazil;wosis_latest_orgc;BR-HYBRAS:854571:3273280;-2.450000047683716;-56.45000076293945;-56.45000076293945;-2.450000047683716;EPSG:4326;Brazil;;;;;;25;60;35;13;Oxidação úmida - Walkley-Black (1934), titulação;;;;;;;;;;carbon_content;13;g/kg;reported_by_wosis_latest_orgc;ok;dup-000441;duplicate;removed_confirmed_duplicate:documented_republication:hybras_sgb
wosis_brazil:wosis_latest_orgc:BR-HYBRAS:854571:3273281:60-102:carbon_content;wosis_brazil;wosis_latest_orgc;BR-HYBRAS:854571:3273281;-2.450000047683716;-56.45000076293945;-56.45000076293945;-2.450000047683716;EPSG:4326;Brazil;;;;;;60;102;42;30.3;Oxidação úmida - Walkley-Black (1934), titulação;;;;;;;;;;carbon_content;30.3;g/kg;reported_by_wosis_latest_orgc;ok;dup-000448;duplicate;removed_confirmed_duplicate:documented_republication:hybras_sgb
wosis_brazil:wosis_latest_orgc:BR-HYBRAS:854571:3273282:102-152:carbon_content;wosis_brazil;wosis_latest_orgc;BR-HYBRAS:854571:3273282;-2.450000047683716;-56.45000076293945;-56.45000076293945;-2.450000047683716;EPSG:4326;Brazil;;;;;;102;152;50;4.19;Oxidação úmida - Walkley-Black (1934), titulação;;;;;;;;;;carbon_content;4.19;g/kg;reported_by_wosis_latest_orgc;ok;dup-000433;duplicate;removed_confirmed_duplicate:documented_republication:hybras_sgb
wosis_brazil:wosis_latest_orgc:BR-HYBRAS:854571:3273283:152-200:carbon_content;wosis_brazil;wosis_latest_orgc;BR-HYBRAS:854571:3273283;-2.450000047683716;-56.45000076293945;-56.45000076293945;-2.450000047683716;EPSG:4326;Brazil;;;;;;152;200;48;3.18;Oxidação úmida - Walkley-Black (1934), titulação;;;;;;;;;;carbon_content;3.18;g/kg;reported_by_wosis_latest_orgc;ok;dup-000435;duplicate;removed_confirmed_duplicate:documented_republication:hybras_sgb
wosis_brazil:wosis_latest_orgc:BR-HYBRAS:854572:3273284:0-20:carbon_content;wosis_brazil;wosis_latest_orgc;BR-HYBRAS:854572:3273284;-2.450000047683716;-56.45000076293945;-56.45000076293945;-2.450000047683716;EPSG:4326;Brazil;;;;;;0;20;20;23.800001;Oxidação úmida - Walkley-Black (1934), titulação;;;;;;;;;;carbon_content;23.800001;g/kg;reported_by_wosis_latest_orgc;ok;dup-000430;duplicate;removed_confirmed_duplicate:documented_republication:hybras_sgb
wosis_brazil:wosis_latest_orgc:BR-HYBRAS:854572:3273285:20-33:carbon_content;wosis_brazil;wosis_latest_orgc;BR-HYBRAS:854572:3273285;-2.450000047683716;-56.45000076293945;-56.45000076293945;-2.450000047683716;EPSG:4326;Brazil;;;;;;20;33;13;11.900001;Oxidação úmida - Walkley-Black (1934), titulação;;;;;;;;;;carbon_content;11.900001;g/kg;reported_by_wosis_latest_orgc;ok;dup-000439;duplicate;removed_confirmed_duplicate:documented_republication:hybras_sgb
wosis_brazil:wosis_latest_orgc:BR-HYBRAS:854572:3273286:33-105:carbon_content;wosis_brazil;wosis_latest_orgc;BR-HYBRAS:854572:3273286;-2.450000047683716;-56.45000076293945;-56.45000076293945;-2.450000047683716;EPSG:4326;Brazil;;;;;;33;105;72;31.800001;Oxidação úmida - Walkley-Black (1934), titulação;;;;;;;;;;carbon_content;31.800001;g/kg;reported_by_wosis_latest_orgc;ok;dup-000444;duplicate;removed_confirmed_duplicate:documented_republication:hybras_sgb
wosis_brazil:wosis_latest_orgc:BR-HYBRAS:854572:3273287:105-177:carbon_content;wosis_brazil;wosis_latest_orgc;BR-HYBRAS:854572:3273287;-2.450000047683716;-56.45000076293945;-56.45000076293945;-2.450000047683716;EPSG:4326;Brazil;;;;;;105;177;72;5.56;Oxidação úmida - Walkley-Black (1934), titulação;;;;;;;;;;carbon_content;5.56;g/kg;reported_by_wosis_latest_orgc;ok;dup-000434;duplicate;removed_confirmed_duplicate:documented_republication:hybras_sgb
wosis_brazil:wosis_latest_orgc:BR-HYBRAS:854572:3273288:177-220:carbon_content;wosis_brazil;wosis_latest_orgc;BR-HYBRAS:854572:3273288;-2.450000047683716;-56.45000076293945;-56.45000076293945;-2.450000047683716;EPSG:4326;Brazil;;;;;;177;220;43;1.43;Oxidação úmida - Walkley-Black (1934), titulação;;;;;;;;;;carbon_content;1.43;g/kg;reported_by_wosis_latest_orgc;ok;dup-000437;duplicate;removed_confirmed_duplicate:documented_republication:hybras_sgb
wosis_brazil:wosis_latest_orgc:BR-HYBRAS:854573:3273289:0-18:carbon_content;wosis_brazil;wosis_latest_orgc;BR-HYBRAS:854573:3273289;-2.450000047683716;-56.45000076293945;-56.45000076293945;-2.450000047683716;EPSG:4326;Brazil;;;;;;0;18;18;19.199999;Oxidação úmida - Walkley-Black (1934), titulação;;;;;;;;;;carbon_content;19.199999;g/kg;reported_by_wosis_latest_orgc;ok;dup-000429;duplicate;removed_confirmed_duplicate:documented_republication:hybras_sgb
wosis_brazil:wosis_latest_orgc:BR-HYBRAS:854573:3273290:18-28:carbon_content;wosis_brazil;wosis_latest_orgc;BR-HYBRAS:854573:3273290;-2.450000047683716;-56.45000076293945;-56.45000076293945;-2.450000047683716;EPSG:4326;Brazil;;;;;;18;28;10;7;Oxidação úmida - Walkley-Black (1934), titulação;;;;;;;;;;carbon_content;7;g/kg;reported_by_wosis_latest_orgc;ok;dup-000438;duplicate;removed_confirmed_duplicate:documented_republication:hybras_sgb
wosis_brazil:wosis_latest_orgc:BR-HYBRAS:854573:3273291:28-58:carbon_content;wosis_brazil;wosis_latest_orgc;BR-HYBRAS:854573:3273291;-2.450000047683716;-56.45000076293945;-56.45000076293945;-2.450000047683716;EPSG:4326;Brazil;;;;;;28;58;30;4.59;Oxidação úmida - Walkley-Black (1934), titulação;;;;;;;;;;carbon_content;4.59;g/kg;reported_by_wosis_latest_orgc;ok;dup-000442;duplicate;removed_confirmed_duplicate:documented_republication:hybras_sgb
wosis_brazil:wosis_latest_orgc:BR-HYBRAS:854573:3273292:58-96:carbon_content;wosis_brazil;wosis_latest_orgc;BR-HYBRAS:854573:3273292;-2.450000047683716;-56.45000076293945;-56.45000076293945;-2.450000047683716;EPSG:4326;Brazil;;;;;;58;96;38;2.78;Oxidação úmida - Walkley-Black (1934), titulação;;;;;;;;;;carbon_content;2.78;g/kg;reported_by_wosis_latest_orgc;ok;dup-000447;duplicate;removed_confirmed_duplicate:documented_republication:hybras_sgb
wosis_brazil:wosis_latest_orgc:BR-HYBRAS:854573:3273293:96-180:carbon_content;wosis_brazil;wosis_latest_orgc;BR-HYBRAS:854573:3273293;-2.450000047683716;-56.45000076293945;-56.45000076293945;-2.450000047683716;EPSG:4326;Brazil;;;;;;96;180;84;1.84;Oxidação úmida - Walkley-Black (1934), titulação;;;;;;;;;;carbon_content;1.84;g/kg;reported_by_wosis_latest_orgc;ok;dup-000451;duplicate;removed_confirmed_duplicate:documented_republication:hybras_sgb
wosis_brazil:wosis_latest_orgc:BR-HYBRAS:854574:3273294:0-6:carbon_content;wosis_brazil;wosis_latest_orgc;BR-HYBRAS:854574:3273294;-4.389999866485596;-70.0199966430664;-70.0199966430664;-4.389999866485596;EPSG:4326;Brazil;;;2004;2004;2004;0;6;6;31.099998;Oxidação úmida - Walkley-Black (1934), titulação;;;;;;;;;;carbon_content;31.099998;g/kg;reported_by_wosis_latest_orgc;ok;dup-000971;duplicate;removed_confirmed_duplicate:documented_republication:hybras_sgb
wosis_brazil:wosis_latest_orgc:BR-HYBRAS:854574:3273295:6-24:carbon_content;wosis_brazil;wosis_latest_orgc;BR-HYBRAS:854574:3273295;-4.389999866485596;-70.0199966430664;-70.0199966430664;-4.389999866485596;EPSG:4326;Brazil;;;2004;2004;2004;6;24;18;10.5;Oxidação úmida - Walkley-Black (1934), titulação;;;;;;;;;;carbon_content;10.5;g/kg;reported_by_wosis_latest_orgc;ok;dup-000975;duplicate;removed_confirmed_duplicate:documented_republication:hybras_sgb
wosis_brazil:wosis_latest_orgc:BR-HYBRAS:854574:3273296:24-46:carbon_content;wosis_brazil;wosis_latest_orgc;BR-HYBRAS:854574:3273296;-4.389999866485596;-70.0199966430664;-70.0199966430664;-4.389999866485596;EPSG:4326;Brazil;;;2004;2004;2004;24;46;22;6.6;Oxidação úmida - Walkley-Black (1934), titulação;;;;;;;;;;carbon_content;6.6;g/kg;reported_by_wosis_latest_orgc;ok;dup-000974;duplicate;removed_confirmed_duplicate:documented_republication:hybras_sgb
wosis_brazil:wosis_latest_orgc:BR-HYBRAS:854575:3273297:0-14:carbon_content;wosis_brazil;wosis_latest_orgc;BR-HYBRAS:854575:3273297;-4.389999866485596;-70.0;-70.0;-4.389999866485596;EPSG:4326;Brazil;;;2004;2004;2004;0;14;14;19.3;Oxidação úmida - Walkley-Black (1934), titulação;;;;;;;;;;carbon_content;19.3;g/kg;reported_by_wosis_latest_orgc;ok;dup-000968;duplicate;removed_confirmed_duplicate:documented_republication:hybras_sgb
wosis_brazil:wosis_latest_orgc:BR-HYBRAS:854575:3273298:14-30:carbon_content;wosis_brazil;wosis_latest_orgc;BR-HYBRAS:854575:3273298;-4.389999866485596;-70.0;-70.0;-4.389999866485596;EPSG:4326;Brazil;;;2004;2004;2004;14;30;16;6.2;Oxidação úmida - Walkley-Black (1934), titulação;;;;;;;;;;carbon_content;6.2;g/kg;reported_by_wosis_latest_orgc;ok;dup-000969;duplicate;removed_confirmed_duplicate:documented_republication:hybras_sgb
wosis_brazil:wosis_latest_orgc:BR-HYBRAS:854575:3273299:30-58:carbon_content;wosis_brazil;wosis_latest_orgc;BR-HYBRAS:854575:3273299;-4.389999866485596;-70.0;-70.0;-4.389999866485596;EPSG:4326;Brazil;;;2004;2004;2004;30;58;28;3.9;Oxidação úmida - Walkley-Black (1934), titulação;;;;;;;;;;carbon_content;3.9;g/kg;reported_by_wosis_latest_orgc;ok;dup-000970;duplicate;removed_confirmed_duplicate:documented_republication:hybras_sgb
wosis_brazil:wosis_latest_orgc:BR-HYBRAS:854576:3273300:0-8:carbon_content;wosis_brazil;wosis_latest_orgc;BR-HYBRAS:854576:3273300;-4.389999866485596;-70.0199966430664;-70.0199966430664;-4.389999866485596;EPSG:4326;Brazil;;;2004;2004;2004;0;8;8;17.1;Oxidação úmida - Walkley-Black (1934), titulação;;;;;;;;;;carbon_content;17.1;g/kg;reported_by_wosis_latest_orgc;ok;dup-000972;duplicate;removed_confirmed_duplicate:documented_republication:hybras_sgb
wosis_brazil:wosis_latest_orgc:BR-HYBRAS:854576:3273301:8-21:carbon_content;wosis_brazil;wosis_latest_orgc;BR-HYBRAS:854576:3273301;-4.389999866485596;-70.0199966430664;-70.0199966430664;-4.389999866485596;EPSG:4326;Brazil;;;2004;2004;2004;8;21;13;7.9;Oxidação úmida - Walkley-Black (1934), titulação;;;;;;;;;;carbon_content;7.9;g/kg;reported_by_wosis_latest_orgc;ok;dup-000976;duplicate;removed_confirmed_duplicate:documented_republication:hybras_sgb
wosis_brazil:wosis_latest_orgc:BR-HYBRAS:854576:3273302:21-39:carbon_content;wosis_brazil;wosis_latest_orgc;BR-HYBRAS:854576:3273302;-4.389999866485596;-70.0199966430664;-70.0199966430664;-4.389999866485596;EPSG:4326;Brazil;;;2004;2004;2004;21;39;18;5.6;Oxidação úmida - Walkley-Black (1934), titulação;;;;;;;;;;carbon_content;5.6;g/kg;reported_by_wosis_latest_orgc;ok;dup-000973;duplicate;removed_confirmed_duplicate:documented_republication:hybras_sgb
wosis_brazil:wosis_latest_orgc:BR-HYBRAS:854577:3273303:0-10:carbon_content;wosis_brazil;wosis_latest_orgc;BR-HYBRAS:854577:3273303;-4.400000095367432;-70.0199966430664;-70.0199966430664;-4.400000095367432;EPSG:4326;Brazil;;;2004;2004;2004;0;10;10;19.6;Oxidação úmida - Walkley-Black (1934), titulação;;;;;;;;;;carbon_content;19.6;g/kg;reported_by_wosis_latest_orgc;ok;dup-000977;duplicate;removed_confirmed_duplicate:documented_republication:hybras_sgb
wosis_brazil:wosis_latest_orgc:BR-HYBRAS:854577:3273304:10-24:carbon_content;wosis_brazil;wosis_latest_orgc;BR-HYBRAS:854577:3273304;-4.400000095367432;-70.0199966430664;-70.0199966430664;-4.400000095367432;EPSG:4326;Brazil;;;2004;2004;2004;10;24;14;10.599999;Oxidação úmida - Walkley-Black (1934), titulação;;;;;;;;;;carbon_content;10.599999;g/kg;reported_by_wosis_latest_orgc;ok;dup-000979;duplicate;removed_confirmed_duplicate:documented_republication:hybras_sgb
wosis_brazil:wosis_latest_orgc:BR-HYBRAS:854577:3273305:24-62:carbon_content;wosis_brazil;wosis_latest_orgc;BR-HYBRAS:854577:3273305;-4.400000095367432;-70.0199966430664;-70.0199966430664;-4.400000095367432;EPSG:4326;Brazil;;;2004;2004;2004;24;62;38;6.7;Oxidação úmida - Walkley-Black (1934), titulação;;;;;;;;;;carbon_content;6.7;g/kg;reported_by_wosis_latest_orgc;ok;dup-000980;duplicate;removed_confirmed_duplicate:documented_republication:hybras_sgb
wosis_brazil:wosis_latest_orgc:BR-HYBRAS:854578:3273306:0-8:carbon_content;wosis_brazil;wosis_latest_orgc;BR-HYBRAS:854578:3273306;-4.400000095367432;-70.0199966430664;-70.0199966430664;-4.400000095367432;EPSG:4326;Brazil;;;2004;2004;2004;0;8;8;19.9;Oxidação úmida - Walkley-Black (1934), titulação;;;;;;;;;;carbon_content;19.9;g/kg;reported_by_wosis_latest_orgc;ok;dup-000978;duplicate;removed_confirmed_duplicate:documented_republication:hybras_sgb
wosis_brazil:wosis_latest_orgc:BR-HYBRAS:854578:3273307:8-30:carbon_content;wosis_brazil;wosis_latest_orgc;BR-HYBRAS:854578:3273307;-4.400000095367432;-70.0199966430664;-70.0199966430664;-4.400000095367432;EPSG:4326;Brazil;;;2004;2004;2004;8;30;22;9.1;Oxidação úmida - Walkley-Black (1934), titulação;;;;;;;;;;carbon_content;9.1;g/kg;reported_by_wosis_latest_orgc;ok;dup-000981;duplicate;removed_confirmed_duplicate:documented_republication:hybras_sgb
wosis_brazil:wosis_latest_orgc:BR-HYBRAS:854579:3273308:0-10:carbon_content;wosis_brazil;wosis_latest_orgc;BR-HYBRAS:854579:3273308;-4.360000133514404;-69.5999984741211;-69.5999984741211;-4.360000133514404;EPSG:4326;Brazil;;;2004;2004;2004;0;10;10;17.3;Oxidação úmida - Walkley-Black (1934), titulação;;;;;;;;;;carbon_content;17.3;g/kg;reported_by_wosis_latest_orgc;ok;dup-000955;duplicate;removed_confirmed_duplicate:documented_republication:hybras_sgb
wosis_brazil:wosis_latest_orgc:BR-HYBRAS:854579:3273309:10-25:carbon_content;wosis_brazil;wosis_latest_orgc;BR-HYBRAS:854579:3273309;-4.360000133514404;-69.5999984741211;-69.5999984741211;-4.360000133514404;EPSG:4326;Brazil;;;2004;2004;2004;10;25;15;7.5;Oxidação úmida - Walkley-Black (1934), titulação;;;;;;;;;;carbon_content;7.5;g/kg;reported_by_wosis_latest_orgc;ok;dup-000961;duplicate;removed_confirmed_duplicate:documented_republication:hybras_sgb
wosis_brazil:wosis_latest_orgc:BR-HYBRAS:854580:3273310:0-7:carbon_content;wosis_brazil;wosis_latest_orgc;BR-HYBRAS:854580:3273310;-4.360000133514404;-69.5999984741211;-69.5999984741211;-4.360000133514404;EPSG:4326;Brazil;;;2004;2004;2004;0;7;7;23.599998;Oxidação úmida - Walkley-Black (1934), titulação;;;;;;;;;;carbon_content;23.599998;g/kg;reported_by_wosis_latest_orgc;ok;dup-000959;duplicate;removed_confirmed_duplicate:documented_republication:hybras_sgb
wosis_brazil:wosis_latest_orgc:BR-HYBRAS:854580:3273311:7-23:carbon_content;wosis_brazil;wosis_latest_orgc;BR-HYBRAS:854580:3273311;-4.360000133514404;-69.5999984741211;-69.5999984741211;-4.360000133514404;EPSG:4326;Brazil;;;2004;2004;2004;7;23;16;9.8;Oxidação úmida - Walkley-Black (1934), titulação;;;;;;;;;;carbon_content;9.8;g/kg;reported_by_wosis_latest_orgc;ok;dup-000966;duplicate;removed_confirmed_duplicate:documented_republication:hybras_sgb
wosis_brazil:wosis_latest_orgc:BR-HYBRAS:854581:3273312:0-11:carbon_content;wosis_brazil;wosis_latest_orgc;BR-HYBRAS:854581:3273312;-4.360000133514404;-69.5999984741211;-69.5999984741211;-4.360000133514404;EPSG:4326;Brazil;;;2004;2004;2004;0;11;11;27.1;Oxidação úmida - Walkley-Black (1934), titulação;;;;;;;;;;carbon_content;27.1;g/kg;reported_by_wosis_latest_orgc;ok;dup-000956;duplicate;removed_confirmed_duplicate:documented_republication:hybras_sgb
wosis_brazil:wosis_latest_orgc:BR-HYBRAS:854581:3273313:11-22:carbon_content;wosis_brazil;wosis_latest_orgc;BR-HYBRAS:854581:3273313;-4.360000133514404;-69.5999984741211;-69.5999984741211;-4.360000133514404;EPSG:4326;Brazil;;;2004;2004;2004;11;22;11;7.6;Oxidação úmida - Walkley-Black (1934), titulação;;;;;;;;;;carbon_content;7.6;g/kg;reported_by_wosis_latest_orgc;ok;dup-000962;duplicate;removed_confirmed_duplicate:documented_republication:hybras_sgb
wosis_brazil:wosis_latest_orgc:BR-HYBRAS:854582:3273314:0-12:carbon_content;wosis_brazil;wosis_latest_orgc;BR-HYBRAS:854582:3273314;-4.360000133514404;-69.5999984741211;-69.5999984741211;-4.360000133514404;EPSG:4326;Brazil;;;2004;2004;2004;0;12;12;16.3;Oxidação úmida - Walkley-Black (1934), titulação;;;;;;;;;;carbon_content;16.3;g/kg;reported_by_wosis_latest_orgc;ok;dup-000957;duplicate;removed_confirmed_duplicate:documented_republication:hybras_sgb
wosis_brazil:wosis_latest_orgc:BR-HYBRAS:854582:3273315:12-25:carbon_content;wosis_brazil;wosis_latest_orgc;BR-HYBRAS:854582:3273315;-4.360000133514404;-69.5999984741211;-69.5999984741211;-4.360000133514404;EPSG:4326;Brazil;;;2004;2004;2004;12;25;13;6.9;Oxidação úmida - Walkley-Black (1934), titulação;;;;;;;;;;carbon_content;6.9;g/kg;reported_by_wosis_latest_orgc;ok;dup-000963;duplicate;removed_confirmed_duplicate:documented_republication:hybras_sgb
wosis_brazil:wosis_latest_orgc:BR-HYBRAS:854583:3273316:0-9:carbon_content;wosis_brazil;wosis_latest_orgc;BR-HYBRAS:854583:3273316;-4.360000133514404;-69.5999984741211;-69.5999984741211;-4.360000133514404;EPSG:4326;Brazil;;;2004;2004;2004;0;9;9;29;Oxidação úmida - Walkley-Black (1934), titulação;;;;;;;;;;carbon_content;29;g/kg;reported_by_wosis_latest_orgc;ok;dup-000960;duplicate;removed_confirmed_duplicate:documented_republication:hybras_sgb
wosis_brazil:wosis_latest_orgc:BR-HYBRAS:854583:3273317:9-27:carbon_content;wosis_brazil;wosis_latest_orgc;BR-HYBRAS:854583:3273317;-4.360000133514404;-69.5999984741211;-69.5999984741211;-4.360000133514404;EPSG:4326;Brazil;;;2004;2004;2004;9;27;18;11.2;Oxidação úmida - Walkley-Black (1934), titulação;;;;;;;;;;carbon_content;11.2;g/kg;reported_by_wosis_latest_orgc;ok;dup-000967;duplicate;removed_confirmed_duplicate:documented_republication:hybras_sgb
wosis_brazil:wosis_latest_orgc:BR-HYBRAS:854584:3273318:0-6:carbon_content;wosis_brazil;wosis_latest_orgc;BR-HYBRAS:854584:3273318;-4.349999904632568;-69.5999984741211;-69.5999984741211;-4.349999904632568;EPSG:4326;Brazil;;;2004;2004;2004;0;6;6;84.399994;Oxidação úmida - Walkley-Black (1934), titulação;;;;;;;;;;carbon_content;84.399994;g/kg;reported_by_wosis_latest_orgc;ok;dup-000949;duplicate;removed_confirmed_duplicate:documented_republication:hybras_sgb
wosis_brazil:wosis_latest_orgc:BR-HYBRAS:854584:3273319:6-10:carbon_content;wosis_brazil;wosis_latest_orgc;BR-HYBRAS:854584:3273319;-4.349999904632568;-69.5999984741211;-69.5999984741211;-4.349999904632568;EPSG:4326;Brazil;;;2004;2004;2004;6;10;4;19.9;Oxidação úmida - Walkley-Black (1934), titulação;;;;;;;;;;carbon_content;19.9;g/kg;reported_by_wosis_latest_orgc;ok;dup-000953;duplicate;removed_confirmed_duplicate:documented_republication:hybras_sgb
wosis_brazil:wosis_latest_orgc:BR-HYBRAS:854584:3273320:10-20:carbon_content;wosis_brazil;wosis_latest_orgc;BR-HYBRAS:854584:3273320;-4.349999904632568;-69.5999984741211;-69.5999984741211;-4.349999904632568;EPSG:4326;Brazil;;;2004;2004;2004;10;20;10;10;Oxidação úmida - Walkley-Black (1934), titulação;;;;;;;;;;carbon_content;10;g/kg;reported_by_wosis_latest_orgc;ok;dup-000951;duplicate;removed_confirmed_duplicate:documented_republication:hybras_sgb
wosis_brazil:wosis_latest_orgc:BR-HYBRAS:854585:3273321:0-9:carbon_content;wosis_brazil;wosis_latest_orgc;BR-HYBRAS:854585:3273321;-4.349999904632568;-69.5999984741211;-69.5999984741211;-4.349999904632568;EPSG:4326;Brazil;;;2004;2004;2004;0;9;9;38.800003;Oxidação úmida - Walkley-Black (1934), titulação;;;;;;;;;;carbon_content;38.800003;g/kg;reported_by_wosis_latest_orgc;ok;dup-000950;duplicate;removed_confirmed_duplicate:documented_republication:hybras_sgb
wosis_brazil:wosis_latest_orgc:BR-HYBRAS:854585:3273322:9-16:carbon_content;wosis_brazil;wosis_latest_orgc;BR-HYBRAS:854585:3273322;-4.349999904632568;-69.5999984741211;-69.5999984741211;-4.349999904632568;EPSG:4326;Brazil;;;2004;2004;2004;9;16;7;8.7;Oxidação úmida - Walkley-Black (1934), titulação;;;;;;;;;;carbon_content;8.7;g/kg;reported_by_wosis_latest_orgc;ok;dup-000954;duplicate;removed_confirmed_duplicate:documented_republication:hybras_sgb
wosis_brazil:wosis_latest_orgc:BR-HYBRAS:854585:3273323:16-25:carbon_content;wosis_brazil;wosis_latest_orgc;BR-HYBRAS:854585:3273323;-4.349999904632568;-69.5999984741211;-69.5999984741211;-4.349999904632568;EPSG:4326;Brazil;;;2004;2004;2004;16;25;9;5.5;Oxidação úmida - Walkley-Black (1934), titulação;;;;;;;;;;carbon_content;5.5;g/kg;reported_by_wosis_latest_orgc;ok;dup-000952;duplicate;removed_confirmed_duplicate:documented_republication:hybras_sgb
wosis_brazil:wosis_latest_orgc:BR-HYBRAS:854586:3273324:0-5:carbon_content;wosis_brazil;wosis_latest_orgc;BR-HYBRAS:854586:3273324;-4.360000133514404;-69.5999984741211;-69.5999984741211;-4.360000133514404;EPSG:4326;Brazil;;;2004;2004;2004;0;5;5;32.3;Oxidação úmida - Walkley-Black (1934), titulação;;;;;;;;;;carbon_content;32.3;g/kg;reported_by_wosis_latest_orgc;ok;dup-000958;duplicate;removed_confirmed_duplicate:documented_republication:hybras_sgb
wosis_brazil:wosis_latest_orgc:BR-HYBRAS:854586:3273325:5-18:carbon_content;wosis_brazil;wosis_latest_orgc;BR-HYBRAS:854586:3273325;-4.360000133514404;-69.5999984741211;-69.5999984741211;-4.360000133514404;EPSG:4326;Brazil;;;2004;2004;2004;5;18;13;9.4;Oxidação úmida - Walkley-Black (1934), titulação;;;;;;;;;;carbon_content;9.4;g/kg;reported_by_wosis_latest_orgc;ok;dup-000965;duplicate;removed_confirmed_duplicate:documented_republication:hybras_sgb
wosis_brazil:wosis_latest_orgc:BR-HYBRAS:854586:3273326:18-37:carbon_content;wosis_brazil;wosis_latest_orgc;BR-HYBRAS:854586:3273326;-4.360000133514404;-69.5999984741211;-69.5999984741211;-4.360000133514404;EPSG:4326;Brazil;;;2004;2004;2004;18;37;19;6.3;Oxidação úmida - Walkley-Black (1934), titulação;;;;;;;;;;carbon_content;6.3;g/kg;reported_by_wosis_latest_orgc;ok;dup-000964;duplicate;removed_confirmed_duplicate:documented_republication:hybras_sgb
wosis_brazil:wosis_latest_orgc:BR-HYBRAS:854615:3273402:0-8:carbon_content;wosis_brazil;wosis_latest_orgc;BR-HYBRAS:854615:3273402;-5.059999942779541;-47.61000061035156;-47.61000061035156;-5.059999942779541;EPSG:4326;Brazil;;;1993;1993;1993;0;8;8;35.6;Oxidação úmida - Walkley-Black (1934), titulação;;;;;;;;;;carbon_content;35.6;g/kg;reported_by_wosis_latest_orgc;ok;dup-000989;duplicate;removed_confirmed_duplicate:documented_republication:hybras_sgb
wosis_brazil:wosis_latest_orgc:BR-HYBRAS:854615:3273403:8-43:carbon_content;wosis_brazil;wosis_latest_orgc;BR-HYBRAS:854615:3273403;-5.059999942779541;-47.61000061035156;-47.61000061035156;-5.059999942779541;EPSG:4326;Brazil;;;1993;1993;1993;8;43;35;11.599999;Oxidação úmida - Walkley-Black (1934), titulação;;;;;;;;;;carbon_content;11.599999;g/kg;reported_by_wosis_latest_orgc;ok;dup-000992;duplicate;removed_confirmed_duplicate:documented_republication:hybras_sgb
wosis_brazil:wosis_latest_orgc:BR-HYBRAS:854615:3273404:43-90:carbon_content;wosis_brazil;wosis_latest_orgc;BR-HYBRAS:854615:3273404;-5.059999942779541;-47.61000061035156;-47.61000061035156;-5.059999942779541;EPSG:4326;Brazil;;;1993;1993;1993;43;90;47;6.3;Oxidação úmida - Walkley-Black (1934), titulação;;;;;;;;;;carbon_content;6.3;g/kg;reported_by_wosis_latest_orgc;ok;dup-000991;duplicate;removed_confirmed_duplicate:documented_republication:hybras_sgb
wosis_brazil:wosis_latest_orgc:BR-HYBRAS:854615:3273405:90-130:carbon_content;wosis_brazil;wosis_latest_orgc;BR-HYBRAS:854615:3273405;-5.059999942779541;-47.61000061035156;-47.61000061035156;-5.059999942779541;EPSG:4326;Brazil;;;1993;1993;1993;90;130;40;3.7;Oxidação úmida - Walkley-Black (1934), titulação;;;;;;;;;;carbon_content;3.7;g/kg;reported_by_wosis_latest_orgc;ok;dup-000993;duplicate;removed_confirmed_duplicate:documented_republication:hybras_sgb
wosis_brazil:wosis_latest_orgc:BR-HYBRAS:854615:3273406:130-185:carbon_content;wosis_brazil;wosis_latest_orgc;BR-HYBRAS:854615:3273406;-5.059999942779541;-47.61000061035156;-47.61000061035156;-5.059999942779541;EPSG:4326;Brazil;;;1993;1993;1993;130;185;55;2.5;Oxidação úmida - Walkley-Black (1934), titulação;;;;;;;;;;carbon_content;2.5;g/kg;reported_by_wosis_latest_orgc;ok;dup-000990;duplicate;removed_confirmed_duplicate:documented_republication:hybras_sgb
wosis_brazil:wosis_latest_orgc:BR-HYBRAS:854626:3273425:0-10:carbon_content;wosis_brazil;wosis_latest_orgc;BR-HYBRAS:854626:3273425;-5.070000171661377;-47.58000183105469;-47.58000183105469;-5.070000171661377;EPSG:4326;Brazil;;;1993;1993;1993;0;10;10;37.6;Oxidação úmida - Walkley-Black (1934), titulação;;;;;;;;;;carbon_content;37.6;g/kg;reported_by_wosis_latest_orgc;ok;dup-000994;duplicate;removed_confirmed_duplicate:documented_republication:hybras_sgb
wosis_brazil:wosis_latest_orgc:BR-HYBRAS:854626:3273426:10-45:carbon_content;wosis_brazil;wosis_latest_orgc;BR-HYBRAS:854626:3273426;-5.070000171661377;-47.58000183105469;-47.58000183105469;-5.070000171661377;EPSG:4326;Brazil;;;1993;1993;1993;10;45;35;9.4;Oxidação úmida - Walkley-Black (1934), titulação;;;;;;;;;;carbon_content;9.4;g/kg;reported_by_wosis_latest_orgc;ok;dup-000995;duplicate;removed_confirmed_duplicate:documented_republication:hybras_sgb
wosis_brazil:wosis_latest_orgc:BR-HYBRAS:854626:3273427:45-87:carbon_content;wosis_brazil;wosis_latest_orgc;BR-HYBRAS:854626:3273427;-5.070000171661377;-47.58000183105469;-47.58000183105469;-5.070000171661377;EPSG:4326;Brazil;;;1993;1993;1993;45;87;42;6;Oxidação úmida - Walkley-Black (1934), titulação;;;;;;;;;;carbon_content;6;g/kg;reported_by_wosis_latest_orgc;ok;dup-000997;duplicate;removed_confirmed_duplicate:documented_republication:hybras_sgb
wosis_brazil:wosis_latest_orgc:BR-HYBRAS:854626:3273428:87-135:carbon_content;wosis_brazil;wosis_latest_orgc;BR-HYBRAS:854626:3273428;-5.070000171661377;-47.58000183105469;-47.58000183105469;-5.070000171661377;EPSG:4326;Brazil;;;1993;1993;1993;87;135;48;4.2;Oxidação úmida - Walkley-Black (1934), titulação;;;;;;;;;;carbon_content;4.2;g/kg;reported_by_wosis_latest_orgc;ok;dup-000998;duplicate;removed_confirmed_duplicate:documented_republication:hybras_sgb
wosis_brazil:wosis_latest_orgc:BR-HYBRAS:854626:3273429:135-190:carbon_content;wosis_brazil;wosis_latest_orgc;BR-HYBRAS:854626:3273429;-5.070000171661377;-47.58000183105469;-47.58000183105469;-5.070000171661377;EPSG:4326;Brazil;;;1993;1993;1993;135;190;55;2.8;Oxidação úmida - Walkley-Black (1934), titulação;;;;;;;;;;carbon_content;2.8;g/kg;reported_by_wosis_latest_orgc;ok;dup-000996;duplicate;removed_confirmed_duplicate:documented_republication:hybras_sgb
wosis_brazil:wosis_latest_orgc:BR-HYBRAS:854637:3273440:0-16:carbon_content;wosis_brazil;wosis_latest_orgc;BR-HYBRAS:854637:3273440;-5.070000171661377;-47.59000015258789;-47.59000015258789;-5.070000171661377;EPSG:4326;Brazil;;;1993;1993;1993;0;16;16;24.9;Oxidação úmida - Walkley-Black (1934), titulação;;;;;;;;;;carbon_content;24.9;g/kg;reported_by_wosis_latest_orgc;ok;dup-000999;duplicate;removed_confirmed_duplicate:documented_republication:hybras_sgb
wosis_brazil:wosis_latest_orgc:BR-HYBRAS:854637:3273441:16-43:carbon_content;wosis_brazil;wosis_latest_orgc;BR-HYBRAS:854637:3273441;-5.070000171661377;-47.59000015258789;-47.59000015258789;-5.070000171661377;EPSG:4326;Brazil;;;1993;1993;1993;16;43;27;10.4;Oxidação úmida - Walkley-Black (1934), titulação;;;;;;;;;;carbon_content;10.4;g/kg;reported_by_wosis_latest_orgc;ok;dup-001001;duplicate;removed_confirmed_duplicate:documented_republication:hybras_sgb
wosis_brazil:wosis_latest_orgc:BR-HYBRAS:854637:3273442:43-86:carbon_content;wosis_brazil;wosis_latest_orgc;BR-HYBRAS:854637:3273442;-5.070000171661377;-47.59000015258789;-47.59000015258789;-5.070000171661377;EPSG:4326;Brazil;;;1993;1993;1993;43;86;43;7.3;Oxidação úmida - Walkley-Black (1934), titulação;;;;;;;;;;carbon_content;7.3;g/kg;reported_by_wosis_latest_orgc;ok;dup-001002;duplicate;removed_confirmed_duplicate:documented_republication:hybras_sgb
wosis_brazil:wosis_latest_orgc:BR-HYBRAS:854637:3273443:86-129:carbon_content;wosis_brazil;wosis_latest_orgc;BR-HYBRAS:854637:3273443;-5.070000171661377;-47.59000015258789;-47.59000015258789;-5.070000171661377;EPSG:4326;Brazil;;;1993;1993;1993;86;129;43;3.2;Oxidação úmida - Walkley-Black (1934), titulação;;;;;;;;;;carbon_content;3.2;g/kg;reported_by_wosis_latest_orgc;ok;dup-001003;duplicate;removed_confirmed_duplicate:documented_republication:hybras_sgb
wosis_brazil:wosis_latest_orgc:BR-HYBRAS:854637:3273444:129-175:carbon_content;wosis_brazil;wosis_latest_orgc;BR-HYBRAS:854637:3273444;-5.070000171661377;-47.59000015258789;-47.59000015258789;-5.070000171661377;EPSG:4326;Brazil;;;1993;1993;1993;129;175;46;2.9;Oxidação úmida - Walkley-Black (1934), titulação;;;;;;;;;;carbon_content;2.9;g/kg;reported_by_wosis_latest_orgc;ok;dup-001000;duplicate;removed_confirmed_duplicate:documented_republication:hybras_sgb
wosis_brazil:wosis_latest_orgc:BR-HYBRAS:854648:3273455:0-12:carbon_content;wosis_brazil;wosis_latest_orgc;BR-HYBRAS:854648:3273455;-5.079999923706055;-47.58000183105469;-47.58000183105469;-5.079999923706055;EPSG:4326;Brazil;;;1993;1993;1993;0;12;12;45;Oxidação úmida - Walkley-Black (1934), titulação;;;;;;;;;;carbon_content;45;g/kg;reported_by_wosis_latest_orgc;ok;dup-001004;duplicate;removed_confirmed_duplicate:documented_republication:hybras_sgb
wosis_brazil:wosis_latest_orgc:BR-HYBRAS:854648:3273456:12-46:carbon_content;wosis_brazil;wosis_latest_orgc;BR-HYBRAS:854648:3273456;-5.079999923706055;-47.58000183105469;-47.58000183105469;-5.079999923706055;EPSG:4326;Brazil;;;1993;1993;1993;12;46;34;11.2;Oxidação úmida - Walkley-Black (1934), titulação;;;;;;;;;;carbon_content;11.2;g/kg;reported_by_wosis_latest_orgc;ok;dup-001005;duplicate;removed_confirmed_duplicate:documented_republication:hybras_sgb
wosis_brazil:wosis_latest_orgc:BR-HYBRAS:854648:3273457:46-87:carbon_content;wosis_brazil;wosis_latest_orgc;BR-HYBRAS:854648:3273457;-5.079999923706055;-47.58000183105469;-47.58000183105469;-5.079999923706055;EPSG:4326;Brazil;;;1993;1993;1993;46;87;41;5.7;Oxidação úmida - Walkley-Black (1934), titulação;;;;;;;;;;carbon_content;5.7;g/kg;reported_by_wosis_latest_orgc;ok;dup-001007;duplicate;removed_confirmed_duplicate:documented_republication:hybras_sgb
wosis_brazil:wosis_latest_orgc:BR-HYBRAS:854648:3273458:87-132:carbon_content;wosis_brazil;wosis_latest_orgc;BR-HYBRAS:854648:3273458;-5.079999923706055;-47.58000183105469;-47.58000183105469;-5.079999923706055;EPSG:4326;Brazil;;;1993;1993;1993;87;132;45;2.9;Oxidação úmida - Walkley-Black (1934), titulação;;;;;;;;;;carbon_content;2.9;g/kg;reported_by_wosis_latest_orgc;ok;dup-001008;duplicate;removed_confirmed_duplicate:documented_republication:hybras_sgb
wosis_brazil:wosis_latest_orgc:BR-HYBRAS:854648:3273459:132-175:carbon_content;wosis_brazil;wosis_latest_orgc;BR-HYBRAS:854648:3273459;-5.079999923706055;-47.58000183105469;-47.58000183105469;-5.079999923706055;EPSG:4326;Brazil;;;1993;1993;1993;132;175;43;2.5;Oxidação úmida - Walkley-Black (1934), titulação;;;;;;;;;;carbon_content;2.5;g/kg;reported_by_wosis_latest_orgc;ok;dup-001006;duplicate;removed_confirmed_duplicate:documented_republication:hybras_sgb
wosis_brazil:wosis_latest_orgc:BR-HYBRAS:854659:3273470:0-15:carbon_content;wosis_brazil;wosis_latest_orgc;BR-HYBRAS:854659:3273470;-12.670000076293945;-39.11000061035156;-39.11000061035156;-12.670000076293945;EPSG:4326;Brazil;;;;;;0;15;15;6.38;Oxidação úmida - Walkley-Black (1934), titulação;;;;;;;;;;carbon_content;6.38;g/kg;reported_by_wosis_latest_orgc;ok;dup-000094;duplicate;removed_confirmed_duplicate:documented_republication:hybras_sgb
wosis_brazil:wosis_latest_orgc:BR-HYBRAS:854659:3273471:15-35:carbon_content;wosis_brazil;wosis_latest_orgc;BR-HYBRAS:854659:3273471;-12.670000076293945;-39.11000061035156;-39.11000061035156;-12.670000076293945;EPSG:4326;Brazil;;;;;;15;35;20;6.38;Oxidação úmida - Walkley-Black (1934), titulação;;;;;;;;;;carbon_content;6.38;g/kg;reported_by_wosis_latest_orgc;ok;dup-000105;duplicate;removed_confirmed_duplicate:documented_republication:hybras_sgb
wosis_brazil:wosis_latest_orgc:BR-HYBRAS:854659:3273472:35-55:carbon_content;wosis_brazil;wosis_latest_orgc;BR-HYBRAS:854659:3273472;-12.670000076293945;-39.11000061035156;-39.11000061035156;-12.670000076293945;EPSG:4326;Brazil;;;;;;35;55;20;4.06;Oxidação úmida - Walkley-Black (1934), titulação;;;;;;;;;;carbon_content;4.06;g/kg;reported_by_wosis_latest_orgc;ok;dup-000111;duplicate;removed_confirmed_duplicate:documented_republication:hybras_sgb
wosis_brazil:wosis_latest_orgc:BR-HYBRAS:854659:3273473:55-83:carbon_content;wosis_brazil;wosis_latest_orgc;BR-HYBRAS:854659:3273473;-12.670000076293945;-39.11000061035156;-39.11000061035156;-12.670000076293945;EPSG:4326;Brazil;;;;;;55;83;28;2.32;Oxidação úmida - Walkley-Black (1934), titulação;;;;;;;;;;carbon_content;2.32;g/kg;reported_by_wosis_latest_orgc;ok;dup-000117;duplicate;removed_confirmed_duplicate:documented_republication:hybras_sgb
wosis_brazil:wosis_latest_orgc:BR-HYBRAS:854659:3273474:83-120:carbon_content;wosis_brazil;wosis_latest_orgc;BR-HYBRAS:854659:3273474;-12.670000076293945;-39.11000061035156;-39.11000061035156;-12.670000076293945;EPSG:4326;Brazil;;;;;;83;120;37;2.32;Oxidação úmida - Walkley-Black (1934), titulação;;;;;;;;;;carbon_content;2.32;g/kg;reported_by_wosis_latest_orgc;ok;dup-000123;duplicate;removed_confirmed_duplicate:documented_republication:hybras_sgb
wosis_brazil:wosis_latest_orgc:BR-HYBRAS:854659:3273475:120-200:carbon_content;wosis_brazil;wosis_latest_orgc;BR-HYBRAS:854659:3273475;-12.670000076293945;-39.11000061035156;-39.11000061035156;-12.670000076293945;EPSG:4326;Brazil;;;;;;120;200;80;1.74;Oxidação úmida - Walkley-Black (1934), titulação;;;;;;;;;;carbon_content;1.74;g/kg;reported_by_wosis_latest_orgc;ok;dup-000103;duplicate;removed_confirmed_duplicate:documented_republication:hybras_sgb
wosis_brazil:wosis_latest_orgc:BR-HYBRAS:854670:3273486:0-16:carbon_content;wosis_brazil;wosis_latest_orgc;BR-HYBRAS:854670:3273486;-12.670000076293945;-39.11000061035156;-39.11000061035156;-12.670000076293945;EPSG:4326;Brazil;;;;;;0;16;16;3.48;Oxidação úmida - Walkley-Black (1934), titulação;;;;;;;;;;carbon_content;3.48;g/kg;reported_by_wosis_latest_orgc;ok;dup-000095;duplicate;removed_confirmed_duplicate:documented_republication:hybras_sgb
wosis_brazil:wosis_latest_orgc:BR-HYBRAS:854670:3273487:16-44:carbon_content;wosis_brazil;wosis_latest_orgc;BR-HYBRAS:854670:3273487;-12.670000076293945;-39.11000061035156;-39.11000061035156;-12.670000076293945;EPSG:4326;Brazil;;;;;;16;44;28;2.9;Oxidação úmida - Walkley-Black (1934), titulação;;;;;;;;;;carbon_content;2.9;g/kg;reported_by_wosis_latest_orgc;ok;dup-000108;duplicate;removed_confirmed_duplicate:documented_republication:hybras_sgb
wosis_brazil:wosis_latest_orgc:BR-HYBRAS:854670:3273488:44-92:carbon_content;wosis_brazil;wosis_latest_orgc;BR-HYBRAS:854670:3273488;-12.670000076293945;-39.11000061035156;-39.11000061035156;-12.670000076293945;EPSG:4326;Brazil;;;;;;44;92;48;1.16;Oxidação úmida - Walkley-Black (1934), titulação;;;;;;;;;;carbon_content;1.16;g/kg;reported_by_wosis_latest_orgc;ok;dup-000116;duplicate;removed_confirmed_duplicate:documented_republication:hybras_sgb
wosis_brazil:wosis_latest_orgc:BR-HYBRAS:854670:3273489:92-140:carbon_content;wosis_brazil;wosis_latest_orgc;BR-HYBRAS:854670:3273489;-12.670000076293945;-39.11000061035156;-39.11000061035156;-12.670000076293945;EPSG:4326;Brazil;;;;;;92;140;48;1.74;Oxidação úmida - Walkley-Black (1934), titulação;;;;;;;;;;carbon_content;1.74;g/kg;reported_by_wosis_latest_orgc;ok;dup-000125;duplicate;removed_confirmed_duplicate:documented_republication:hybras_sgb
wosis_brazil:wosis_latest_orgc:BR-HYBRAS:854670:3273490:140-170:carbon_content;wosis_brazil;wosis_latest_orgc;BR-HYBRAS:854670:3273490;-12.670000076293945;-39.11000061035156;-39.11000061035156;-12.670000076293945;EPSG:4326;Brazil;;;;;;140;170;30;1.74;Oxidação úmida - Walkley-Black (1934), titulação;;;;;;;;;;carbon_content;1.74;g/kg;reported_by_wosis_latest_orgc;ok;dup-000104;duplicate;removed_confirmed_duplicate:documented_republication:hybras_sgb
wosis_brazil:wosis_latest_orgc:BR-HYBRAS:854681:3273501:0-9:carbon_content;wosis_brazil;wosis_latest_orgc;BR-HYBRAS:854681:3273501;-12.670000076293945;-39.11000061035156;-39.11000061035156;-12.670000076293945;EPSG:4326;Brazil;;;;;;0;9;9;7.54;Oxidação úmida - Walkley-Black (1934), titulação;;;;;;;;;;carbon_content;7.54;g/kg;reported_by_wosis_latest_orgc;ok;dup-000097;duplicate;removed_confirmed_duplicate:documented_republication:hybras_sgb
wosis_brazil:wosis_latest_orgc:BR-HYBRAS:854681:3273502:9-38:carbon_content;wosis_brazil;wosis_latest_orgc;BR-HYBRAS:854681:3273502;-12.670000076293945;-39.11000061035156;-39.11000061035156;-12.670000076293945;EPSG:4326;Brazil;;;;;;9;38;29;4.64;Oxidação úmida - Walkley-Black (1934), titulação;;;;;;;;;;carbon_content;4.64;g/kg;reported_by_wosis_latest_orgc;ok;dup-000124;duplicate;removed_confirmed_duplicate:documented_republication:hybras_sgb
wosis_brazil:wosis_latest_orgc:BR-HYBRAS:854681:3273503:38-72:carbon_content;wosis_brazil;wosis_latest_orgc;BR-HYBRAS:854681:3273503;-12.670000076293945;-39.11000061035156;-39.11000061035156;-12.670000076293945;EPSG:4326;Brazil;;;;;;38;72;34;1.74;Oxidação úmida - Walkley-Black (1934), titulação;;;;;;;;;;carbon_content;1.74;g/kg;reported_by_wosis_latest_orgc;ok;dup-000113;duplicate;removed_confirmed_duplicate:documented_republication:hybras_sgb
wosis_brazil:wosis_latest_orgc:BR-HYBRAS:854681:3273504:72-120:carbon_content;wosis_brazil;wosis_latest_orgc;BR-HYBRAS:854681:3273504;-12.670000076293945;-39.11000061035156;-39.11000061035156;-12.670000076293945;EPSG:4326;Brazil;;;;;;72;120;48;1.74;Oxidação úmida - Walkley-Black (1934), titulação;;;;;;;;;;carbon_content;1.74;g/kg;reported_by_wosis_latest_orgc;ok;dup-000122;duplicate;removed_confirmed_duplicate:documented_republication:hybras_sgb
wosis_brazil:wosis_latest_orgc:BR-HYBRAS:854681:3273505:120-160:carbon_content;wosis_brazil;wosis_latest_orgc;BR-HYBRAS:854681:3273505;-12.670000076293945;-39.11000061035156;-39.11000061035156;-12.670000076293945;EPSG:4326;Brazil;;;;;;120;160;40;1.74;Oxidação úmida - Walkley-Black (1934), titulação;;;;;;;;;;carbon_content;1.74;g/kg;reported_by_wosis_latest_orgc;ok;dup-000102;duplicate;removed_confirmed_duplicate:documented_republication:hybras_sgb
wosis_brazil:wosis_latest_orgc:BR-HYBRAS:854692:3273516:0-12:carbon_content;wosis_brazil;wosis_latest_orgc;BR-HYBRAS:854692:3273516;-12.670000076293945;-39.11000061035156;-39.11000061035156;-12.670000076293945;EPSG:4326;Brazil;;;;;;0;12;12;6.38;Oxidação úmida - Walkley-Black (1934), titulação;;;;;;;;;;carbon_content;6.38;g/kg;reported_by_wosis_latest_orgc;ok;dup-000093;duplicate;removed_confirmed_duplicate:documented_republication:hybras_sgb
wosis_brazil:wosis_latest_orgc:BR-HYBRAS:854692:3273517:12-32:carbon_content;wosis_brazil;wosis_latest_orgc;BR-HYBRAS:854692:3273517;-12.670000076293945;-39.11000061035156;-39.11000061035156;-12.670000076293945;EPSG:4326;Brazil;;;;;;12;32;20;3.48;Oxidação úmida - Walkley-Black (1934), titulação;;;;;;;;;;carbon_content;3.48;g/kg;reported_by_wosis_latest_orgc;ok;dup-000101;duplicate;removed_confirmed_duplicate:documented_republication:hybras_sgb
wosis_brazil:wosis_latest_orgc:BR-HYBRAS:854692:3273518:32-57:carbon_content;wosis_brazil;wosis_latest_orgc;BR-HYBRAS:854692:3273518;-12.670000076293945;-39.11000061035156;-39.11000061035156;-12.670000076293945;EPSG:4326;Brazil;;;;;;32;57;25;1.74;Oxidação úmida - Walkley-Black (1934), titulação;;;;;;;;;;carbon_content;1.74;g/kg;reported_by_wosis_latest_orgc;ok;dup-000110;duplicate;removed_confirmed_duplicate:documented_republication:hybras_sgb
wosis_brazil:wosis_latest_orgc:BR-HYBRAS:854692:3273519:57-120:carbon_content;wosis_brazil;wosis_latest_orgc;BR-HYBRAS:854692:3273519;-12.670000076293945;-39.11000061035156;-39.11000061035156;-12.670000076293945;EPSG:4326;Brazil;;;;;;57;120;63;1.74;Oxidação úmida - Walkley-Black (1934), titulação;;;;;;;;;;carbon_content;1.74;g/kg;reported_by_wosis_latest_orgc;ok;dup-000118;duplicate;removed_confirmed_duplicate:documented_republication:hybras_sgb
wosis_brazil:wosis_latest_orgc:BR-HYBRAS:854692:3273520:120-200:carbon_content;wosis_brazil;wosis_latest_orgc;BR-HYBRAS:854692:3273520;-12.670000076293945;-39.11000061035156;-39.11000061035156;-12.670000076293945;EPSG:4326;Brazil;;;;;;120;200;80;1.16;Oxidação úmida - Walkley-Black (1934), titulação;;;;;;;;;;carbon_content;1.16;g/kg;reported_by_wosis_latest_orgc;ok;dup-000103;duplicate;removed_confirmed_duplicate:documented_republication:hybras_sgb
wosis_brazil:wosis_latest_orgc:BR-HYBRAS:854703:3273531:0-20:carbon_content;wosis_brazil;wosis_latest_orgc;BR-HYBRAS:854703:3273531;-12.670000076293945;-39.11000061035156;-39.11000061035156;-12.670000076293945;EPSG:4326;Brazil;;;;;;0;20;20;6.96;Oxidação úmida - Walkley-Black (1934), titulação;;;;;;;;;;carbon_content;6.96;g/kg;reported_by_wosis_latest_orgc;ok;dup-000096;duplicate;removed_confirmed_duplicate:documented_republication:hybras_sgb
wosis_brazil:wosis_latest_orgc:BR-HYBRAS:854703:3273532:20-40:carbon_content;wosis_brazil;wosis_latest_orgc;BR-HYBRAS:854703:3273532;-12.670000076293945;-39.11000061035156;-39.11000061035156;-12.670000076293945;EPSG:4326;Brazil;;;;;;20;40;20;3.48;Oxidação úmida - Walkley-Black (1934), titulação;;;;;;;;;;carbon_content;3.48;g/kg;reported_by_wosis_latest_orgc;ok;dup-000109;duplicate;removed_confirmed_duplicate:documented_republication:hybras_sgb
wosis_brazil:wosis_latest_orgc:BR-HYBRAS:854703:3273533:40-70:carbon_content;wosis_brazil;wosis_latest_orgc;BR-HYBRAS:854703:3273533;-12.670000076293945;-39.11000061035156;-39.11000061035156;-12.670000076293945;EPSG:4326;Brazil;;;;;;40;70;30;1.74;Oxidação úmida - Walkley-Black (1934), titulação;;;;;;;;;;carbon_content;1.74;g/kg;reported_by_wosis_latest_orgc;ok;dup-000115;duplicate;removed_confirmed_duplicate:documented_republication:hybras_sgb
wosis_brazil:wosis_latest_orgc:BR-HYBRAS:854703:3273534:70-100:carbon_content;wosis_brazil;wosis_latest_orgc;BR-HYBRAS:854703:3273534;-12.670000076293945;-39.11000061035156;-39.11000061035156;-12.670000076293945;EPSG:4326;Brazil;;;;;;70;100;30;1.74;Oxidação úmida - Walkley-Black (1934), titulação;;;;;;;;;;carbon_content;1.74;g/kg;reported_by_wosis_latest_orgc;ok;dup-000121;duplicate;removed_confirmed_duplicate:documented_republication:hybras_sgb
wosis_brazil:wosis_latest_orgc:BR-HYBRAS:854703:3273535:100-140:carbon_content;wosis_brazil;wosis_latest_orgc;BR-HYBRAS:854703:3273535;-12.670000076293945;-39.11000061035156;-39.11000061035156;-12.670000076293945;EPSG:4326;Brazil;;;;;;100;140;40;1.16;Oxidação úmida - Walkley-Black (1934), titulação;;;;;;;;;;carbon_content;1.16;g/kg;reported_by_wosis_latest_orgc;ok;dup-000098;duplicate;removed_confirmed_duplicate:documented_republication:hybras_sgb
wosis_brazil:wosis_latest_orgc:BR-HYBRAS:854714:3273546:0-15:carbon_content;wosis_brazil;wosis_latest_orgc;BR-HYBRAS:854714:3273546;-12.670000076293945;-39.11000061035156;-39.11000061035156;-12.670000076293945;EPSG:4326;Brazil;;;;;;0;15;15;8.12;Oxidação úmida - Walkley-Black (1934), titulação;;;;;;;;;;carbon_content;8.12;g/kg;reported_by_wosis_latest_orgc;ok;dup-000094;duplicate;removed_confirmed_duplicate:documented_republication:hybras_sgb
wosis_brazil:wosis_latest_orgc:BR-HYBRAS:854714:3273547:15-39:carbon_content;wosis_brazil;wosis_latest_orgc;BR-HYBRAS:854714:3273547;-12.670000076293945;-39.11000061035156;-39.11000061035156;-12.670000076293945;EPSG:4326;Brazil;;;;;;15;39;24;4.64;Oxidação úmida - Walkley-Black (1934), titulação;;;;;;;;;;carbon_content;4.64;g/kg;reported_by_wosis_latest_orgc;ok;dup-000107;duplicate;removed_confirmed_duplicate:documented_republication:hybras_sgb
wosis_brazil:wosis_latest_orgc:BR-HYBRAS:854714:3273548:39-60:carbon_content;wosis_brazil;wosis_latest_orgc;BR-HYBRAS:854714:3273548;-12.670000076293945;-39.11000061035156;-39.11000061035156;-12.670000076293945;EPSG:4326;Brazil;;;;;;39;60;21;2.9;Oxidação úmida - Walkley-Black (1934), titulação;;;;;;;;;;carbon_content;2.9;g/kg;reported_by_wosis_latest_orgc;ok;dup-000114;duplicate;removed_confirmed_duplicate:documented_republication:hybras_sgb
wosis_brazil:wosis_latest_orgc:BR-HYBRAS:854714:3273549:60-115:carbon_content;wosis_brazil;wosis_latest_orgc;BR-HYBRAS:854714:3273549;-12.670000076293945;-39.11000061035156;-39.11000061035156;-12.670000076293945;EPSG:4326;Brazil;;;;;;60;115;55;1.74;Oxidação úmida - Walkley-Black (1934), titulação;;;;;;;;;;carbon_content;1.74;g/kg;reported_by_wosis_latest_orgc;ok;dup-000119;duplicate;removed_confirmed_duplicate:documented_republication:hybras_sgb
wosis_brazil:wosis_latest_orgc:BR-HYBRAS:854714:3273550:115-145:carbon_content;wosis_brazil;wosis_latest_orgc;BR-HYBRAS:854714:3273550;-12.670000076293945;-39.11000061035156;-39.11000061035156;-12.670000076293945;EPSG:4326;Brazil;;;;;;115;145;30;1.74;Oxidação úmida - Walkley-Black (1934), titulação;;;;;;;;;;carbon_content;1.74;g/kg;reported_by_wosis_latest_orgc;ok;dup-000099;duplicate;removed_confirmed_duplicate:documented_republication:hybras_sgb
wosis_brazil:wosis_latest_orgc:BR-HYBRAS:854725:3273561:15-36:carbon_content;wosis_brazil;wosis_latest_orgc;BR-HYBRAS:854725:3273561;-12.670000076293945;-39.11000061035156;-39.11000061035156;-12.670000076293945;EPSG:4326;Brazil;;;;;;15;36;21;2.32;Oxidação úmida - Walkley-Black (1934), titulação;;;;;;;;;;carbon_content;2.32;g/kg;reported_by_wosis_latest_orgc;ok;dup-000106;duplicate;removed_confirmed_duplicate:documented_republication:hybras_sgb
wosis_brazil:wosis_latest_orgc:BR-HYBRAS:854725:3273562:36-62:carbon_content;wosis_brazil;wosis_latest_orgc;BR-HYBRAS:854725:3273562;-12.670000076293945;-39.11000061035156;-39.11000061035156;-12.670000076293945;EPSG:4326;Brazil;;;;;;36;62;26;3.48;Oxidação úmida - Walkley-Black (1934), titulação;;;;;;;;;;carbon_content;3.48;g/kg;reported_by_wosis_latest_orgc;ok;dup-000112;duplicate;removed_confirmed_duplicate:documented_republication:hybras_sgb
wosis_brazil:wosis_latest_orgc:BR-HYBRAS:854725:3273563:62-117:carbon_content;wosis_brazil;wosis_latest_orgc;BR-HYBRAS:854725:3273563;-12.670000076293945;-39.11000061035156;-39.11000061035156;-12.670000076293945;EPSG:4326;Brazil;;;;;;62;117;55;1.74;Oxidação úmida - Walkley-Black (1934), titulação;;;;;;;;;;carbon_content;1.74;g/kg;reported_by_wosis_latest_orgc;ok;dup-000120;duplicate;removed_confirmed_duplicate:documented_republication:hybras_sgb
wosis_brazil:wosis_latest_orgc:BR-HYBRAS:854725:3273564:117-140:carbon_content;wosis_brazil;wosis_latest_orgc;BR-HYBRAS:854725:3273564;-12.670000076293945;-39.11000061035156;-39.11000061035156;-12.670000076293945;EPSG:4326;Brazil;;;;;;117;140;23;1.16;Oxidação úmida - Walkley-Black (1934), titulação;;;;;;;;;;carbon_content;1.16;g/kg;reported_by_wosis_latest_orgc;ok;dup-000100;duplicate;removed_confirmed_duplicate:documented_republication:hybras_sgb
wosis_brazil:wosis_latest_orgc:BR-HYBRAS:854796:3273635:0-14:carbon_content;wosis_brazil;wosis_latest_orgc;BR-HYBRAS:854796:3273635;-22.559999465942383;-42.20000076293945;-42.20000076293945;-22.559999465942383;EPSG:4326;Brazil;;;;;;0;14;14;62.7;Oxidação úmida - Walkley-Black (1934), titulação;;;;;;;;;;carbon_content;62.7;g/kg;reported_by_wosis_latest_orgc;ok;dup-000677;duplicate;removed_confirmed_duplicate:documented_republication:hybras_sgb
wosis_brazil:wosis_latest_orgc:BR-HYBRAS:854796:3273636:14-40:carbon_content;wosis_brazil;wosis_latest_orgc;BR-HYBRAS:854796:3273636;-22.559999465942383;-42.20000076293945;-42.20000076293945;-22.559999465942383;EPSG:4326;Brazil;;;;;;14;40;26;12.4;Oxidação úmida - Walkley-Black (1934), titulação;;;;;;;;;;carbon_content;12.4;g/kg;reported_by_wosis_latest_orgc;ok;dup-000678;duplicate;removed_confirmed_duplicate:documented_republication:hybras_sgb
wosis_brazil:wosis_latest_orgc:BR-HYBRAS:854807:3273647:0-14:carbon_content;wosis_brazil;wosis_latest_orgc;BR-HYBRAS:854807:3273647;-22.559999465942383;-42.20000076293945;-42.20000076293945;-22.559999465942383;EPSG:4326;Brazil;;;;;;0;14;14;66;Oxidação úmida - Walkley-Black (1934), titulação;;;;;;;;;;carbon_content;66;g/kg;reported_by_wosis_latest_orgc;ok;dup-000677;duplicate;removed_confirmed_duplicate:documented_republication:hybras_sgb
wosis_brazil:wosis_latest_orgc:BR-HYBRAS:854807:3273648:14-40:carbon_content;wosis_brazil;wosis_latest_orgc;BR-HYBRAS:854807:3273648;-22.559999465942383;-42.20000076293945;-42.20000076293945;-22.559999465942383;EPSG:4326;Brazil;;;;;;14;40;26;11.599999;Oxidação úmida - Walkley-Black (1934), titulação;;;;;;;;;;carbon_content;11.599999;g/kg;reported_by_wosis_latest_orgc;ok;dup-000678;duplicate;removed_confirmed_duplicate:documented_republication:hybras_sgb
wosis_brazil:wosis_latest_orgc:BR-HYBRAS:854818:3273659:0-26:carbon_content;wosis_brazil;wosis_latest_orgc;BR-HYBRAS:854818:3273659;-22.559999465942383;-42.209999084472656;-42.209999084472656;-22.559999465942383;EPSG:4326;Brazil;;;;;;0;26;26;96.4;Oxidação úmida - Walkley-Black (1934), titulação;;;;;;;;;;carbon_content;96.4;g/kg;reported_by_wosis_latest_orgc;ok;dup-000679;duplicate;removed_confirmed_duplicate:documented_republication:hybras_sgb
wosis_brazil:wosis_latest_orgc:BR-HYBRAS:854818:3273660:26-57:carbon_content;wosis_brazil;wosis_latest_orgc;BR-HYBRAS:854818:3273660;-22.559999465942383;-42.209999084472656;-42.209999084472656;-22.559999465942383;EPSG:4326;Brazil;;;;;;26;57;31;22.1;Oxidação úmida - Walkley-Black (1934), titulação;;;;;;;;;;carbon_content;22.1;g/kg;reported_by_wosis_latest_orgc;ok;dup-000680;duplicate;removed_confirmed_duplicate:documented_republication:hybras_sgb
wosis_brazil:wosis_latest_orgc:BR-HYBRAS:854829:3273671:0-26:carbon_content;wosis_brazil;wosis_latest_orgc;BR-HYBRAS:854829:3273671;-22.559999465942383;-42.209999084472656;-42.209999084472656;-22.559999465942383;EPSG:4326;Brazil;;;;;;0;26;26;128;Oxidação úmida - Walkley-Black (1934), titulação;;;;;;;;;;carbon_content;128;g/kg;reported_by_wosis_latest_orgc;ok;dup-000679;duplicate;removed_confirmed_duplicate:documented_republication:hybras_sgb
wosis_brazil:wosis_latest_orgc:BR-HYBRAS:854829:3273672:26-57:carbon_content;wosis_brazil;wosis_latest_orgc;BR-HYBRAS:854829:3273672;-22.559999465942383;-42.209999084472656;-42.209999084472656;-22.559999465942383;EPSG:4326;Brazil;;;;;;26;57;31;32.4;Oxidação úmida - Walkley-Black (1934), titulação;;;;;;;;;;carbon_content;32.4;g/kg;reported_by_wosis_latest_orgc;ok;dup-000680;duplicate;removed_confirmed_duplicate:documented_republication:hybras_sgb
wosis_brazil:wosis_latest_orgc:BR-HYBRAS:854833:3273685:0-12:carbon_content;wosis_brazil;wosis_latest_orgc;BR-HYBRAS:854833:3273685;-22.85833168029785;-47.07759094238281;-47.07759094238281;-22.85833168029785;EPSG:4326;Brazil;;;;;;0;12;12;19;Oxidação úmida - Walkley-Black (1934), titulação;;;;;;;;;;carbon_content;19;g/kg;reported_by_wosis_latest_orgc;ok;dup-000791;duplicate;removed_confirmed_duplicate:documented_republication:hybras_sgb
wosis_brazil:wosis_latest_orgc:BR-HYBRAS:854833:3273686:12-32:carbon_content;wosis_brazil;wosis_latest_orgc;BR-HYBRAS:854833:3273686;-22.85833168029785;-47.07759094238281;-47.07759094238281;-22.85833168029785;EPSG:4326;Brazil;;;;;;12;32;20;16;Oxidação úmida - Walkley-Black (1934), titulação;;;;;;;;;;carbon_content;16;g/kg;reported_by_wosis_latest_orgc;ok;dup-000792;duplicate;removed_confirmed_duplicate:documented_republication:hybras_sgb
wosis_brazil:wosis_latest_orgc:BR-HYBRAS:854833:3273687:32-58:carbon_content;wosis_brazil;wosis_latest_orgc;BR-HYBRAS:854833:3273687;-22.85833168029785;-47.07759094238281;-47.07759094238281;-22.85833168029785;EPSG:4326;Brazil;;;;;;32;58;26;10;Oxidação úmida - Walkley-Black (1934), titulação;;;;;;;;;;carbon_content;10;g/kg;reported_by_wosis_latest_orgc;ok;dup-000794;duplicate;removed_confirmed_duplicate:documented_republication:hybras_sgb
wosis_brazil:wosis_latest_orgc:BR-HYBRAS:854833:3273688:58-92:carbon_content;wosis_brazil;wosis_latest_orgc;BR-HYBRAS:854833:3273688;-22.85833168029785;-47.07759094238281;-47.07759094238281;-22.85833168029785;EPSG:4326;Brazil;;;;;;58;92;34;10;Oxidação úmida - Walkley-Black (1934), titulação;;;;;;;;;;carbon_content;10;g/kg;reported_by_wosis_latest_orgc;ok;dup-000795;duplicate;removed_confirmed_duplicate:documented_republication:hybras_sgb
wosis_brazil:wosis_latest_orgc:BR-HYBRAS:854833:3273689:140-200:carbon_content;wosis_brazil;wosis_latest_orgc;BR-HYBRAS:854833:3273689;-22.85833168029785;-47.07759094238281;-47.07759094238281;-22.85833168029785;EPSG:4326;Brazil;;;;;;140;200;60;3;Oxidação úmida - Walkley-Black (1934), titulação;;;;;;;;;;carbon_content;3;g/kg;reported_by_wosis_latest_orgc;ok;dup-000793;duplicate;removed_confirmed_duplicate:documented_republication:hybras_sgb
wosis_brazil:wosis_latest_orgc:BR-HYBRAS:854834:3273690:0-12:carbon_content;wosis_brazil;wosis_latest_orgc;BR-HYBRAS:854834:3273690;-22.85904884338379;-47.07872009277344;-47.07872009277344;-22.85904884338379;EPSG:4326;Brazil;;;;;;0;12;12;16.2;Oxidação úmida - Walkley-Black (1934), titulação;;;;;;;;;;carbon_content;16.2;g/kg;reported_by_wosis_latest_orgc;ok;dup-000796;duplicate;removed_confirmed_duplicate:documented_republication:hybras_sgb
wosis_brazil:wosis_latest_orgc:BR-HYBRAS:854834:3273691:12-27:carbon_content;wosis_brazil;wosis_latest_orgc;BR-HYBRAS:854834:3273691;-22.85904884338379;-47.07872009277344;-47.07872009277344;-22.85904884338379;EPSG:4326;Brazil;;;;;;12;27;15;13.3;Oxidação úmida - Walkley-Black (1934), titulação;;;;;;;;;;carbon_content;13.3;g/kg;reported_by_wosis_latest_orgc;ok;dup-000797;duplicate;removed_confirmed_duplicate:documented_republication:hybras_sgb
wosis_brazil:wosis_latest_orgc:BR-HYBRAS:854834:3273692:27-53:carbon_content;wosis_brazil;wosis_latest_orgc;BR-HYBRAS:854834:3273692;-22.85904884338379;-47.07872009277344;-47.07872009277344;-22.85904884338379;EPSG:4326;Brazil;;;;;;27;53;26;5.8;Oxidação úmida - Walkley-Black (1934), titulação;;;;;;;;;;carbon_content;5.8;g/kg;reported_by_wosis_latest_orgc;ok;dup-000799;duplicate;removed_confirmed_duplicate:documented_republication:hybras_sgb
wosis_brazil:wosis_latest_orgc:BR-HYBRAS:854834:3273693:53-98:carbon_content;wosis_brazil;wosis_latest_orgc;BR-HYBRAS:854834:3273693;-22.85904884338379;-47.07872009277344;-47.07872009277344;-22.85904884338379;EPSG:4326;Brazil;;;;;;53;98;45;4.6;Oxidação úmida - Walkley-Black (1934), titulação;;;;;;;;;;carbon_content;4.6;g/kg;reported_by_wosis_latest_orgc;ok;dup-000800;duplicate;removed_confirmed_duplicate:documented_republication:hybras_sgb
wosis_brazil:wosis_latest_orgc:BR-HYBRAS:854834:3273694:130-190:carbon_content;wosis_brazil;wosis_latest_orgc;BR-HYBRAS:854834:3273694;-22.85904884338379;-47.07872009277344;-47.07872009277344;-22.85904884338379;EPSG:4326;Brazil;;;;;;130;190;60;2.9;Oxidação úmida - Walkley-Black (1934), titulação;;;;;;;;;;carbon_content;2.9;g/kg;reported_by_wosis_latest_orgc;ok;dup-000798;duplicate;removed_confirmed_duplicate:documented_republication:hybras_sgb
wosis_brazil:wosis_latest_orgc:BR-HYBRAS:854835:3273695:0-15:carbon_content;wosis_brazil;wosis_latest_orgc;BR-HYBRAS:854835:3273695;-22.859642028808594;-47.08024215698242;-47.08024215698242;-22.859642028808594;EPSG:4326;Brazil;;;;;;0;15;15;18;Oxidação úmida - Walkley-Black (1934), titulação;;;;;;;;;;carbon_content;18;g/kg;reported_by_wosis_latest_orgc;ok;dup-000801;duplicate;removed_confirmed_duplicate:documented_republication:hybras_sgb
wosis_brazil:wosis_latest_orgc:BR-HYBRAS:854835:3273696:15-40:carbon_content;wosis_brazil;wosis_latest_orgc;BR-HYBRAS:854835:3273696;-22.859642028808594;-47.08024215698242;-47.08024215698242;-22.859642028808594;EPSG:4326;Brazil;;;;;;15;40;25;11.599999;Oxidação úmida - Walkley-Black (1934), titulação;;;;;;;;;;carbon_content;11.599999;g/kg;reported_by_wosis_latest_orgc;ok;dup-000803;duplicate;removed_confirmed_duplicate:documented_republication:hybras_sgb
wosis_brazil:wosis_latest_orgc:BR-HYBRAS:854835:3273697:40-76:carbon_content;wosis_brazil;wosis_latest_orgc;BR-HYBRAS:854835:3273697;-22.859642028808594;-47.08024215698242;-47.08024215698242;-22.859642028808594;EPSG:4326;Brazil;;;;;;40;76;36;7.5;Oxidação úmida - Walkley-Black (1934), titulação;;;;;;;;;;carbon_content;7.5;g/kg;reported_by_wosis_latest_orgc;ok;dup-000804;duplicate;removed_confirmed_duplicate:documented_republication:hybras_sgb
wosis_brazil:wosis_latest_orgc:BR-HYBRAS:854835:3273698:76-132:carbon_content;wosis_brazil;wosis_latest_orgc;BR-HYBRAS:854835:3273698;-22.859642028808594;-47.08024215698242;-47.08024215698242;-22.859642028808594;EPSG:4326;Brazil;;;;;;76;132;56;5.8;Oxidação úmida - Walkley-Black (1934), titulação;;;;;;;;;;carbon_content;5.8;g/kg;reported_by_wosis_latest_orgc;ok;dup-000805;duplicate;removed_confirmed_duplicate:documented_republication:hybras_sgb
wosis_brazil:wosis_latest_orgc:BR-HYBRAS:854835:3273699:132-200:carbon_content;wosis_brazil;wosis_latest_orgc;BR-HYBRAS:854835:3273699;-22.859642028808594;-47.08024215698242;-47.08024215698242;-22.859642028808594;EPSG:4326;Brazil;;;;;;132;200;68;7.5;Oxidação úmida - Walkley-Black (1934), titulação;;;;;;;;;;carbon_content;7.5;g/kg;reported_by_wosis_latest_orgc;ok;dup-000802;duplicate;removed_confirmed_duplicate:documented_republication:hybras_sgb
wosis_brazil:wosis_latest_orgc:BR-HYBRAS:854840:3273712:0-11:carbon_content;wosis_brazil;wosis_latest_orgc;BR-HYBRAS:854840:3273712;-22.549999237060547;-42.22999954223633;-42.22999954223633;-22.549999237060547;EPSG:4326;Brazil;;;;;;0;11;11;32.9;Oxidação úmida - Walkley-Black (1934), titulação;;;;;;;;;;carbon_content;32.9;g/kg;reported_by_wosis_latest_orgc;ok;dup-000664;duplicate;removed_confirmed_duplicate:documented_republication:hybras_sgb
wosis_brazil:wosis_latest_orgc:BR-HYBRAS:854840:3273713:11-28:carbon_content;wosis_brazil;wosis_latest_orgc;BR-HYBRAS:854840:3273713;-22.549999237060547;-42.22999954223633;-42.22999954223633;-22.549999237060547;EPSG:4326;Brazil;;;;;;11;28;17;52.7;Oxidação úmida - Walkley-Black (1934), titulação;;;;;;;;;;carbon_content;52.7;g/kg;reported_by_wosis_latest_orgc;ok;dup-000665;duplicate;removed_confirmed_duplicate:documented_republication:hybras_sgb
wosis_brazil:wosis_latest_orgc:BR-HYBRAS:854840:3273714:28-54:carbon_content;wosis_brazil;wosis_latest_orgc;BR-HYBRAS:854840:3273714;-22.549999237060547;-42.22999954223633;-42.22999954223633;-22.549999237060547;EPSG:4326;Brazil;;;;;;28;54;26;3.36;Oxidação úmida - Walkley-Black (1934), titulação;;;;;;;;;;carbon_content;3.36;g/kg;reported_by_wosis_latest_orgc;ok;dup-000666;duplicate;removed_confirmed_duplicate:documented_republication:hybras_sgb
wosis_brazil:wosis_latest_orgc:BR-HYBRAS:854840:3273715:54-67:carbon_content;wosis_brazil;wosis_latest_orgc;BR-HYBRAS:854840:3273715;-22.549999237060547;-42.22999954223633;-42.22999954223633;-22.549999237060547;EPSG:4326;Brazil;;;;;;54;67;13;3.02;Oxidação úmida - Walkley-Black (1934), titulação;;;;;;;;;;carbon_content;3.02;g/kg;reported_by_wosis_latest_orgc;ok;dup-000667;duplicate;removed_confirmed_duplicate:documented_republication:hybras_sgb
wosis_brazil:wosis_latest_orgc:BR-HYBRAS:854851:3273746:0-11:carbon_content;wosis_brazil;wosis_latest_orgc;BR-HYBRAS:854851:3273746;-22.549999237060547;-42.22999954223633;-42.22999954223633;-22.549999237060547;EPSG:4326;Brazil;;;;;;0;11;11;10.900001;Oxidação úmida - Walkley-Black (1934), titulação;;;;;;;;;;carbon_content;10.900001;g/kg;reported_by_wosis_latest_orgc;ok;dup-000664;duplicate;removed_confirmed_duplicate:documented_republication:hybras_sgb
wosis_brazil:wosis_latest_orgc:BR-HYBRAS:854851:3273747:11-28:carbon_content;wosis_brazil;wosis_latest_orgc;BR-HYBRAS:854851:3273747;-22.549999237060547;-42.22999954223633;-42.22999954223633;-22.549999237060547;EPSG:4326;Brazil;;;;;;11;28;17;2.26;Oxidação úmida - Walkley-Black (1934), titulação;;;;;;;;;;carbon_content;2.26;g/kg;reported_by_wosis_latest_orgc;ok;dup-000665;duplicate;removed_confirmed_duplicate:documented_republication:hybras_sgb
wosis_brazil:wosis_latest_orgc:BR-HYBRAS:854851:3273748:28-54:carbon_content;wosis_brazil;wosis_latest_orgc;BR-HYBRAS:854851:3273748;-22.549999237060547;-42.22999954223633;-42.22999954223633;-22.549999237060547;EPSG:4326;Brazil;;;;;;28;54;26;1.91;Oxidação úmida - Walkley-Black (1934), titulação;;;;;;;;;;carbon_content;1.91;g/kg;reported_by_wosis_latest_orgc;ok;dup-000666;duplicate;removed_confirmed_duplicate:documented_republication:hybras_sgb
wosis_brazil:wosis_latest_orgc:BR-HYBRAS:854851:3273749:54-67:carbon_content;wosis_brazil;wosis_latest_orgc;BR-HYBRAS:854851:3273749;-22.549999237060547;-42.22999954223633;-42.22999954223633;-22.549999237060547;EPSG:4326;Brazil;;;;;;54;67;13;2.32;Oxidação úmida - Walkley-Black (1934), titulação;;;;;;;;;;carbon_content;2.32;g/kg;reported_by_wosis_latest_orgc;ok;dup-000667;duplicate;removed_confirmed_duplicate:documented_republication:hybras_sgb
wosis_brazil:wosis_latest_orgc:BR-HYBRAS:854862:3273780:0-16:carbon_content;wosis_brazil;wosis_latest_orgc;BR-HYBRAS:854862:3273780;-22.549999237060547;-42.2400016784668;-42.2400016784668;-22.549999237060547;EPSG:4326;Brazil;;;;;;0;16;16;17.2;Oxidação úmida - Walkley-Black (1934), titulação;;;;;;;;;;carbon_content;17.2;g/kg;reported_by_wosis_latest_orgc;ok;dup-000668;duplicate;removed_confirmed_duplicate:documented_republication:hybras_sgb
wosis_brazil:wosis_latest_orgc:BR-HYBRAS:854862:3273781:16-29:carbon_content;wosis_brazil;wosis_latest_orgc;BR-HYBRAS:854862:3273781;-22.549999237060547;-42.2400016784668;-42.2400016784668;-22.549999237060547;EPSG:4326;Brazil;;;;;;16;29;13;5.8;Oxidação úmida - Walkley-Black (1934), titulação;;;;;;;;;;carbon_content;5.8;g/kg;reported_by_wosis_latest_orgc;ok;dup-000669;duplicate;removed_confirmed_duplicate:documented_republication:hybras_sgb
wosis_brazil:wosis_latest_orgc:BR-HYBRAS:854862:3273782:29-65:carbon_content;wosis_brazil;wosis_latest_orgc;BR-HYBRAS:854862:3273782;-22.549999237060547;-42.2400016784668;-42.2400016784668;-22.549999237060547;EPSG:4326;Brazil;;;;;;29;65;36;3.77;Oxidação úmida - Walkley-Black (1934), titulação;;;;;;;;;;carbon_content;3.77;g/kg;reported_by_wosis_latest_orgc;ok;dup-000670;duplicate;removed_confirmed_duplicate:documented_republication:hybras_sgb
wosis_brazil:wosis_latest_orgc:BR-HYBRAS:854865:3273792:0-10:carbon_content;wosis_brazil;wosis_latest_orgc;BR-HYBRAS:854865:3273792;-20.68000030517578;-42.52000045776367;-42.52000045776367;-20.68000030517578;EPSG:4326;Brazil;;;;;;0;10;10;45.5;Oxidação úmida - Walkley-Black modificado/Mebius (1960);;;;;;;;;;carbon_content;45.5;g/kg;reported_by_wosis_latest_orgc;ok;dup-000514;duplicate;removed_confirmed_duplicate:documented_republication:hybras_sgb
wosis_brazil:wosis_latest_orgc:BR-HYBRAS:854866:3273793:0-10:carbon_content;wosis_brazil;wosis_latest_orgc;BR-HYBRAS:854866:3273793;-20.68000030517578;-42.52000045776367;-42.52000045776367;-20.68000030517578;EPSG:4326;Brazil;;;;;;0;10;10;36.8;Oxidação úmida - Walkley-Black modificado/Mebius (1960);;;;;;;;;;carbon_content;36.8;g/kg;reported_by_wosis_latest_orgc;ok;dup-000514;duplicate;removed_confirmed_duplicate:documented_republication:hybras_sgb
wosis_brazil:wosis_latest_orgc:BR-HYBRAS:854867:3273794:0-10:carbon_content;wosis_brazil;wosis_latest_orgc;BR-HYBRAS:854867:3273794;-20.68000030517578;-42.52000045776367;-42.52000045776367;-20.68000030517578;EPSG:4326;Brazil;;;;;;0;10;10;29.1;Oxidação úmida - Walkley-Black modificado/Mebius (1960);;;;;;;;;;carbon_content;29.1;g/kg;reported_by_wosis_latest_orgc;ok;dup-000514;duplicate;removed_confirmed_duplicate:documented_republication:hybras_sgb
wosis_brazil:wosis_latest_orgc:BR-HYBRAS:854868:3273795:0-10:carbon_content;wosis_brazil;wosis_latest_orgc;BR-HYBRAS:854868:3273795;-4.829999923706055;-39.130001068115234;-39.130001068115234;-4.829999923706055;EPSG:4326;Brazil;;;;;;0;10;10;9.4;Oxidação úmida - Walkley-Black modificado/Mebius (1960);;;;;;;;;;carbon_content;9.4;g/kg;reported_by_wosis_latest_orgc;ok;dup-000983;duplicate;removed_confirmed_duplicate:documented_republication:hybras_sgb
wosis_brazil:wosis_latest_orgc:BR-HYBRAS:854869:3273796:0-10:carbon_content;wosis_brazil;wosis_latest_orgc;BR-HYBRAS:854869:3273796;-4.829999923706055;-39.130001068115234;-39.130001068115234;-4.829999923706055;EPSG:4326;Brazil;;;;;;0;10;10;12.1;Oxidação úmida - Walkley-Black modificado/Mebius (1960);;;;;;;;;;carbon_content;12.1;g/kg;reported_by_wosis_latest_orgc;ok;dup-000983;duplicate;removed_confirmed_duplicate:documented_republication:hybras_sgb
wosis_brazil:wosis_latest_orgc:BR-HYBRAS:854870:3273797:0-10:carbon_content;wosis_brazil;wosis_latest_orgc;BR-HYBRAS:854870:3273797;-4.829999923706055;-39.130001068115234;-39.130001068115234;-4.829999923706055;EPSG:4326;Brazil;;;;;;0;10;10;8.7;Oxidação úmida - Walkley-Black modificado/Mebius (1960);;;;;;;;;;carbon_content;8.7;g/kg;reported_by_wosis_latest_orgc;ok;dup-000983;duplicate;removed_confirmed_duplicate:documented_republication:hybras_sgb
wosis_brazil:wosis_latest_orgc:BR-HYBRAS:854873:3273808:0-16:carbon_content;wosis_brazil;wosis_latest_orgc;BR-HYBRAS:854873:3273808;-22.549999237060547;-42.2400016784668;-42.2400016784668;-22.549999237060547;EPSG:4326;Brazil;;;;;;0;16;16;8.87;Oxidação úmida - Walkley-Black (1934), titulação;;;;;;;;;;carbon_content;8.87;g/kg;reported_by_wosis_latest_orgc;ok;dup-000668;duplicate;removed_confirmed_duplicate:documented_republication:hybras_sgb
wosis_brazil:wosis_latest_orgc:BR-HYBRAS:854873:3273809:16-29:carbon_content;wosis_brazil;wosis_latest_orgc;BR-HYBRAS:854873:3273809;-22.549999237060547;-42.2400016784668;-42.2400016784668;-22.549999237060547;EPSG:4326;Brazil;;;;;;16;29;13;5.39;Oxidação úmida - Walkley-Black (1934), titulação;;;;;;;;;;carbon_content;5.39;g/kg;reported_by_wosis_latest_orgc;ok;dup-000669;duplicate;removed_confirmed_duplicate:documented_republication:hybras_sgb
wosis_brazil:wosis_latest_orgc:BR-HYBRAS:854873:3273810:29-65:carbon_content;wosis_brazil;wosis_latest_orgc;BR-HYBRAS:854873:3273810;-22.549999237060547;-42.2400016784668;-42.2400016784668;-22.549999237060547;EPSG:4326;Brazil;;;;;;29;65;36;3.89;Oxidação úmida - Walkley-Black (1934), titulação;;;;;;;;;;carbon_content;3.89;g/kg;reported_by_wosis_latest_orgc;ok;dup-000670;duplicate;removed_confirmed_duplicate:documented_republication:hybras_sgb
wosis_brazil:wosis_latest_orgc:BR-HYBRAS:854874:3273812:0-10:carbon_content;wosis_brazil;wosis_latest_orgc;BR-HYBRAS:854874:3273812;-28.260000228881836;-52.40999984741211;-52.40999984741211;-28.260000228881836;EPSG:4326;Brazil;;1994-11-10;1994;1994;1994;0;10;10;18.2;Oxidação úmida - Walkley-Black (1934), titulação;;;;;;;;;;carbon_content;18.2;g/kg;reported_by_wosis_latest_orgc;ok;dup-000906;duplicate;removed_confirmed_duplicate:documented_republication:hybras_sgb
wosis_brazil:wosis_latest_orgc:BR-HYBRAS:854874:3273813:10-20:carbon_content;wosis_brazil;wosis_latest_orgc;BR-HYBRAS:854874:3273813;-28.260000228881836;-52.40999984741211;-52.40999984741211;-28.260000228881836;EPSG:4326;Brazil;;1994-11-10;1994;1994;1994;10;20;10;18;Oxidação úmida - Walkley-Black (1934), titulação;;;;;;;;;;carbon_content;18;g/kg;reported_by_wosis_latest_orgc;ok;dup-000907;duplicate;removed_confirmed_duplicate:documented_republication:hybras_sgb
wosis_brazil:wosis_latest_orgc:BR-HYBRAS:854874:3273814:20-30:carbon_content;wosis_brazil;wosis_latest_orgc;BR-HYBRAS:854874:3273814;-28.260000228881836;-52.40999984741211;-52.40999984741211;-28.260000228881836;EPSG:4326;Brazil;;1994-11-10;1994;1994;1994;20;30;10;17.9;Oxidação úmida - Walkley-Black (1934), titulação;;;;;;;;;;carbon_content;17.9;g/kg;reported_by_wosis_latest_orgc;ok;dup-000908;duplicate;removed_confirmed_duplicate:documented_republication:hybras_sgb
wosis_brazil:wosis_latest_orgc:BR-HYBRAS:854875:3273815:0-10:carbon_content;wosis_brazil;wosis_latest_orgc;BR-HYBRAS:854875:3273815;-28.260000228881836;-52.40999984741211;-52.40999984741211;-28.260000228881836;EPSG:4326;Brazil;;1994-11-10;1994;1994;1994;0;10;10;18.2;Oxidação úmida - Walkley-Black (1934), titulação;;;;;;;;;;carbon_content;18.2;g/kg;reported_by_wosis_latest_orgc;ok;dup-000906;duplicate;removed_confirmed_duplicate:documented_republication:hybras_sgb
wosis_brazil:wosis_latest_orgc:BR-HYBRAS:854875:3273816:10-20:carbon_content;wosis_brazil;wosis_latest_orgc;BR-HYBRAS:854875:3273816;-28.260000228881836;-52.40999984741211;-52.40999984741211;-28.260000228881836;EPSG:4326;Brazil;;1994-11-10;1994;1994;1994;10;20;10;17.9;Oxidação úmida - Walkley-Black (1934), titulação;;;;;;;;;;carbon_content;17.9;g/kg;reported_by_wosis_latest_orgc;ok;dup-000907;duplicate;removed_confirmed_duplicate:documented_republication:hybras_sgb
wosis_brazil:wosis_latest_orgc:BR-HYBRAS:854875:3273817:20-30:carbon_content;wosis_brazil;wosis_latest_orgc;BR-HYBRAS:854875:3273817;-28.260000228881836;-52.40999984741211;-52.40999984741211;-28.260000228881836;EPSG:4326;Brazil;;1994-11-10;1994;1994;1994;20;30;10;17.3;Oxidação úmida - Walkley-Black (1934), titulação;;;;;;;;;;carbon_content;17.3;g/kg;reported_by_wosis_latest_orgc;ok;dup-000908;duplicate;removed_confirmed_duplicate:documented_republication:hybras_sgb
wosis_brazil:wosis_latest_orgc:BR-HYBRAS:854876:3273818:0-10:carbon_content;wosis_brazil;wosis_latest_orgc;BR-HYBRAS:854876:3273818;-28.260000228881836;-52.40999984741211;-52.40999984741211;-28.260000228881836;EPSG:4326;Brazil;;1994-11-10;1994;1994;1994;0;10;10;18.6;Oxidação úmida - Walkley-Black (1934), titulação;;;;;;;;;;carbon_content;18.6;g/kg;reported_by_wosis_latest_orgc;ok;dup-000906;duplicate;removed_confirmed_duplicate:documented_republication:hybras_sgb
wosis_brazil:wosis_latest_orgc:BR-HYBRAS:854876:3273819:10-20:carbon_content;wosis_brazil;wosis_latest_orgc;BR-HYBRAS:854876:3273819;-28.260000228881836;-52.40999984741211;-52.40999984741211;-28.260000228881836;EPSG:4326;Brazil;;1994-11-10;1994;1994;1994;10;20;10;18.300001;Oxidação úmida - Walkley-Black (1934), titulação;;;;;;;;;;carbon_content;18.300001;g/kg;reported_by_wosis_latest_orgc;ok;dup-000907;duplicate;removed_confirmed_duplicate:documented_republication:hybras_sgb
wosis_brazil:wosis_latest_orgc:BR-HYBRAS:854876:3273820:20-30:carbon_content;wosis_brazil;wosis_latest_orgc;BR-HYBRAS:854876:3273820;-28.260000228881836;-52.40999984741211;-52.40999984741211;-28.260000228881836;EPSG:4326;Brazil;;1994-11-10;1994;1994;1994;20;30;10;17.8;Oxidação úmida - Walkley-Black (1934), titulação;;;;;;;;;;carbon_content;17.8;g/kg;reported_by_wosis_latest_orgc;ok;dup-000908;duplicate;removed_confirmed_duplicate:documented_republication:hybras_sgb
wosis_brazil:wosis_latest_orgc:BR-HYBRAS:854883:3273842:0-12:carbon_content;wosis_brazil;wosis_latest_orgc;BR-HYBRAS:854883:3273842;-22.549999237060547;-42.220001220703125;-42.220001220703125;-22.549999237060547;EPSG:4326;Brazil;;;;;;0;12;12;10.4;Oxidação úmida - Walkley-Black (1934), titulação;;;;;;;;;;carbon_content;10.4;g/kg;reported_by_wosis_latest_orgc;ok;dup-000660;duplicate;removed_confirmed_duplicate:documented_republication:hybras_sgb
wosis_brazil:wosis_latest_orgc:BR-HYBRAS:854883:3273843:12-30:carbon_content;wosis_brazil;wosis_latest_orgc;BR-HYBRAS:854883:3273843;-22.549999237060547;-42.220001220703125;-42.220001220703125;-22.549999237060547;EPSG:4326;Brazil;;;;;;12;30;18;4.41;Oxidação úmida - Walkley-Black (1934), titulação;;;;;;;;;;carbon_content;4.41;g/kg;reported_by_wosis_latest_orgc;ok;dup-000661;duplicate;removed_confirmed_duplicate:documented_republication:hybras_sgb
wosis_brazil:wosis_latest_orgc:BR-HYBRAS:854883:3273844:30-50:carbon_content;wosis_brazil;wosis_latest_orgc;BR-HYBRAS:854883:3273844;-22.549999237060547;-42.220001220703125;-42.220001220703125;-22.549999237060547;EPSG:4326;Brazil;;;;;;30;50;20;1.22;Oxidação úmida - Walkley-Black (1934), titulação;;;;;;;;;;carbon_content;1.22;g/kg;reported_by_wosis_latest_orgc;ok;dup-000662;duplicate;removed_confirmed_duplicate:documented_republication:hybras_sgb
wosis_brazil:wosis_latest_orgc:BR-HYBRAS:854883:3273845:50-93:carbon_content;wosis_brazil;wosis_latest_orgc;BR-HYBRAS:854883:3273845;-22.549999237060547;-42.220001220703125;-42.220001220703125;-22.549999237060547;EPSG:4326;Brazil;;;;;;50;93;43;1.68;Oxidação úmida - Walkley-Black (1934), titulação;;;;;;;;;;carbon_content;1.68;g/kg;reported_by_wosis_latest_orgc;ok;dup-000663;duplicate;removed_confirmed_duplicate:documented_republication:hybras_sgb
wosis_brazil:wosis_latest_orgc:BR-HYBRAS:854894:3273891:0-12:carbon_content;wosis_brazil;wosis_latest_orgc;BR-HYBRAS:854894:3273891;-22.549999237060547;-42.220001220703125;-42.220001220703125;-22.549999237060547;EPSG:4326;Brazil;;;;;;0;12;12;9.86;Oxidação úmida - Walkley-Black (1934), titulação;;;;;;;;;;carbon_content;9.86;g/kg;reported_by_wosis_latest_orgc;ok;dup-000660;duplicate;removed_confirmed_duplicate:documented_republication:hybras_sgb
wosis_brazil:wosis_latest_orgc:BR-HYBRAS:854894:3273892:12-30:carbon_content;wosis_brazil;wosis_latest_orgc;BR-HYBRAS:854894:3273892;-22.549999237060547;-42.220001220703125;-42.220001220703125;-22.549999237060547;EPSG:4326;Brazil;;;;;;12;30;18;2.09;Oxidação úmida - Walkley-Black (1934), titulação;;;;;;;;;;carbon_content;2.09;g/kg;reported_by_wosis_latest_orgc;ok;dup-000661;duplicate;removed_confirmed_duplicate:documented_republication:hybras_sgb
wosis_brazil:wosis_latest_orgc:BR-HYBRAS:854894:3273893:30-50:carbon_content;wosis_brazil;wosis_latest_orgc;BR-HYBRAS:854894:3273893;-22.549999237060547;-42.220001220703125;-42.220001220703125;-22.549999237060547;EPSG:4326;Brazil;;;;;;30;50;20;1.22;Oxidação úmida - Walkley-Black (1934), titulação;;;;;;;;;;carbon_content;1.22;g/kg;reported_by_wosis_latest_orgc;ok;dup-000662;duplicate;removed_confirmed_duplicate:documented_republication:hybras_sgb
wosis_brazil:wosis_latest_orgc:BR-HYBRAS:854894:3273894:50-93:carbon_content;wosis_brazil;wosis_latest_orgc;BR-HYBRAS:854894:3273894;-22.549999237060547;-42.220001220703125;-42.220001220703125;-22.549999237060547;EPSG:4326;Brazil;;;;;;50;93;43;1.91;Oxidação úmida - Walkley-Black (1934), titulação;;;;;;;;;;carbon_content;1.91;g/kg;reported_by_wosis_latest_orgc;ok;dup-000663;duplicate;removed_confirmed_duplicate:documented_republication:hybras_sgb
wosis_brazil:wosis_latest_orgc:BR-HYBRAS:854902:3273926:0-20:carbon_content;wosis_brazil;wosis_latest_orgc;BR-HYBRAS:854902:3273926;-22.579999923706055;-42.22999954223633;-42.22999954223633;-22.579999923706055;EPSG:4326;Brazil;;;;;;0;20;20;73.1;Oxidação úmida - Walkley-Black (1934), titulação;;;;;;;;;;carbon_content;73.1;g/kg;reported_by_wosis_latest_orgc;ok;dup-000697;duplicate;removed_confirmed_duplicate:documented_republication:hybras_sgb
wosis_brazil:wosis_latest_orgc:BR-HYBRAS:854902:3273927:20-40:carbon_content;wosis_brazil;wosis_latest_orgc;BR-HYBRAS:854902:3273927;-22.579999923706055;-42.22999954223633;-42.22999954223633;-22.579999923706055;EPSG:4326;Brazil;;;;;;20;40;20;13.200001;Oxidação úmida - Walkley-Black (1934), titulação;;;;;;;;;;carbon_content;13.200001;g/kg;reported_by_wosis_latest_orgc;ok;dup-000698;duplicate;removed_confirmed_duplicate:documented_republication:hybras_sgb
wosis_brazil:wosis_latest_orgc:BR-HYBRAS:854902:3273928:40-85:carbon_content;wosis_brazil;wosis_latest_orgc;BR-HYBRAS:854902:3273928;-22.579999923706055;-42.22999954223633;-42.22999954223633;-22.579999923706055;EPSG:4326;Brazil;;;;;;40;85;45;5.92;Oxidação úmida - Walkley-Black (1934), titulação;;;;;;;;;;carbon_content;5.92;g/kg;reported_by_wosis_latest_orgc;ok;dup-000699;duplicate;removed_confirmed_duplicate:documented_republication:hybras_sgb
wosis_brazil:wosis_latest_orgc:BR-HYBRAS:854904:3273932:0-20:carbon_content;wosis_brazil;wosis_latest_orgc;BR-HYBRAS:854904:3273932;-22.579999923706055;-42.22999954223633;-42.22999954223633;-22.579999923706055;EPSG:4326;Brazil;;;;;;0;20;20;31.900002;Oxidação úmida - Walkley-Black (1934), titulação;;;;;;;;;;carbon_content;31.900002;g/kg;reported_by_wosis_latest_orgc;ok;dup-000697;duplicate;removed_confirmed_duplicate:documented_republication:hybras_sgb
wosis_brazil:wosis_latest_orgc:BR-HYBRAS:854904:3273933:20-40:carbon_content;wosis_brazil;wosis_latest_orgc;BR-HYBRAS:854904:3273933;-22.579999923706055;-42.22999954223633;-42.22999954223633;-22.579999923706055;EPSG:4326;Brazil;;;;;;20;40;20;8.059999;Oxidação úmida - Walkley-Black (1934), titulação;;;;;;;;;;carbon_content;8.059999;g/kg;reported_by_wosis_latest_orgc;ok;dup-000698;duplicate;removed_confirmed_duplicate:documented_republication:hybras_sgb
wosis_brazil:wosis_latest_orgc:BR-HYBRAS:854904:3273934:40-85:carbon_content;wosis_brazil;wosis_latest_orgc;BR-HYBRAS:854904:3273934;-22.579999923706055;-42.22999954223633;-42.22999954223633;-22.579999923706055;EPSG:4326;Brazil;;;;;;40;85;45;3.77;Oxidação úmida - Walkley-Black (1934), titulação;;;;;;;;;;carbon_content;3.77;g/kg;reported_by_wosis_latest_orgc;ok;dup-000699;duplicate;removed_confirmed_duplicate:documented_republication:hybras_sgb
wosis_brazil:wosis_latest_orgc:BR-HYBRAS:854909:3273951:0-20:carbon_content;wosis_brazil;wosis_latest_orgc;BR-HYBRAS:854909:3273951;-22.56999969482422;-42.2400016784668;-42.2400016784668;-22.56999969482422;EPSG:4326;Brazil;;;;;;0;20;20;63.5;Oxidação úmida - Walkley-Black (1934), titulação;;;;;;;;;;carbon_content;63.5;g/kg;reported_by_wosis_latest_orgc;ok;dup-000694;duplicate;removed_confirmed_duplicate:documented_republication:hybras_sgb
wosis_brazil:wosis_latest_orgc:BR-HYBRAS:854909:3273952:20-40:carbon_content;wosis_brazil;wosis_latest_orgc;BR-HYBRAS:854909:3273952;-22.56999969482422;-42.2400016784668;-42.2400016784668;-22.56999969482422;EPSG:4326;Brazil;;;;;;20;40;20;136;Oxidação úmida - Walkley-Black (1934), titulação;;;;;;;;;;carbon_content;136;g/kg;reported_by_wosis_latest_orgc;ok;dup-000695;duplicate;removed_confirmed_duplicate:documented_republication:hybras_sgb
wosis_brazil:wosis_latest_orgc:BR-HYBRAS:854909:3273953:40-69:carbon_content;wosis_brazil;wosis_latest_orgc;BR-HYBRAS:854909:3273953;-22.56999969482422;-42.2400016784668;-42.2400016784668;-22.56999969482422;EPSG:4326;Brazil;;;;;;40;69;29;65.6;Oxidação úmida - Walkley-Black (1934), titulação;;;;;;;;;;carbon_content;65.6;g/kg;reported_by_wosis_latest_orgc;ok;dup-000696;duplicate;removed_confirmed_duplicate:documented_republication:hybras_sgb
wosis_brazil:wosis_latest_orgc:BR-HYBRAS:854916:3273966:0-20:carbon_content;wosis_brazil;wosis_latest_orgc;BR-HYBRAS:854916:3273966;-22.56999969482422;-42.2400016784668;-42.2400016784668;-22.56999969482422;EPSG:4326;Brazil;;;;;;0;20;20;86.6;Oxidação úmida - Walkley-Black (1934), titulação;;;;;;;;;;carbon_content;86.6;g/kg;reported_by_wosis_latest_orgc;ok;dup-000694;duplicate;removed_confirmed_duplicate:documented_republication:hybras_sgb
wosis_brazil:wosis_latest_orgc:BR-HYBRAS:854916:3273967:20-40:carbon_content;wosis_brazil;wosis_latest_orgc;BR-HYBRAS:854916:3273967;-22.56999969482422;-42.2400016784668;-42.2400016784668;-22.56999969482422;EPSG:4326;Brazil;;;;;;20;40;20;77.1;Oxidação úmida - Walkley-Black (1934), titulação;;;;;;;;;;carbon_content;77.1;g/kg;reported_by_wosis_latest_orgc;ok;dup-000695;duplicate;removed_confirmed_duplicate:documented_republication:hybras_sgb
wosis_brazil:wosis_latest_orgc:BR-HYBRAS:854916:3273968:40-69:carbon_content;wosis_brazil;wosis_latest_orgc;BR-HYBRAS:854916:3273968;-22.56999969482422;-42.2400016784668;-42.2400016784668;-22.56999969482422;EPSG:4326;Brazil;;;;;;40;69;29;45.6;Oxidação úmida - Walkley-Black (1934), titulação;;;;;;;;;;carbon_content;45.6;g/kg;reported_by_wosis_latest_orgc;ok;dup-000696;duplicate;removed_confirmed_duplicate:documented_republication:hybras_sgb
wosis_brazil:wosis_latest_orgc:BR-HYBRAS:854917:3273969:0-46:carbon_content;wosis_brazil;wosis_latest_orgc;BR-HYBRAS:854917:3273969;-22.56999969482422;-42.22999954223633;-42.22999954223633;-22.56999969482422;EPSG:4326;Brazil;;;;;;0;46;46;234;Oxidação úmida - Walkley-Black (1934), titulação;;;;;;;;;;carbon_content;234;g/kg;reported_by_wosis_latest_orgc;ok;dup-000693;duplicate;removed_confirmed_duplicate:documented_republication:hybras_sgb
wosis_brazil:wosis_latest_orgc:BR-HYBRAS:854918:3273970:0-46:carbon_content;wosis_brazil;wosis_latest_orgc;BR-HYBRAS:854918:3273970;-22.56999969482422;-42.22999954223633;-42.22999954223633;-22.56999969482422;EPSG:4326;Brazil;;;;;;0;46;46;201;Oxidação úmida - Walkley-Black (1934), titulação;;;;;;;;;;carbon_content;201;g/kg;reported_by_wosis_latest_orgc;ok;dup-000693;duplicate;removed_confirmed_duplicate:documented_republication:hybras_sgb
wosis_brazil:wosis_latest_orgc:BR-HYBRAS:854919:3273971:0-22:carbon_content;wosis_brazil;wosis_latest_orgc;BR-HYBRAS:854919:3273971;-22.540000915527344;-42.20000076293945;-42.20000076293945;-22.540000915527344;EPSG:4326;Brazil;;;;;;0;22;22;42;Oxidação úmida - Walkley-Black (1934), titulação;;;;;;;;;;carbon_content;42;g/kg;reported_by_wosis_latest_orgc;ok;dup-000658;duplicate;removed_confirmed_duplicate:documented_republication:hybras_sgb
wosis_brazil:wosis_latest_orgc:BR-HYBRAS:854919:3273972:22-44:carbon_content;wosis_brazil;wosis_latest_orgc;BR-HYBRAS:854919:3273972;-22.540000915527344;-42.20000076293945;-42.20000076293945;-22.540000915527344;EPSG:4326;Brazil;;;;;;22;44;22;18.5;Oxidação úmida - Walkley-Black (1934), titulação;;;;;;;;;;carbon_content;18.5;g/kg;reported_by_wosis_latest_orgc;ok;dup-000659;duplicate;removed_confirmed_duplicate:documented_republication:hybras_sgb
wosis_brazil:wosis_latest_orgc:BR-HYBRAS:854920:3273973:0-22:carbon_content;wosis_brazil;wosis_latest_orgc;BR-HYBRAS:854920:3273973;-22.540000915527344;-42.20000076293945;-42.20000076293945;-22.540000915527344;EPSG:4326;Brazil;;;;;;0;22;22;42;Oxidação úmida - Walkley-Black (1934), titulação;;;;;;;;;;carbon_content;42;g/kg;reported_by_wosis_latest_orgc;ok;dup-000658;duplicate;removed_confirmed_duplicate:documented_republication:hybras_sgb
wosis_brazil:wosis_latest_orgc:BR-HYBRAS:854920:3273974:22-44:carbon_content;wosis_brazil;wosis_latest_orgc;BR-HYBRAS:854920:3273974;-22.540000915527344;-42.20000076293945;-42.20000076293945;-22.540000915527344;EPSG:4326;Brazil;;;;;;22;44;22;18.5;Oxidação úmida - Walkley-Black (1934), titulação;;;;;;;;;;carbon_content;18.5;g/kg;reported_by_wosis_latest_orgc;ok;dup-000659;duplicate;removed_confirmed_duplicate:documented_republication:hybras_sgb
wosis_brazil:wosis_latest_orgc:BR-HYBRAS:854951:3274052:0-16:carbon_content;wosis_brazil;wosis_latest_orgc;BR-HYBRAS:854951:3274052;-2.450000047683716;-56.45000076293945;-56.45000076293945;-2.450000047683716;EPSG:4326;Brazil;;;;;;0;16;16;56.5;Oxidação úmida - Walkley-Black (1934), titulação;;;;;;;;;;carbon_content;56.5;g/kg;reported_by_wosis_latest_orgc;ok;dup-000428;duplicate;removed_confirmed_duplicate:documented_republication:hybras_sgb
wosis_brazil:wosis_latest_orgc:BR-HYBRAS:854951:3274053:16-46:carbon_content;wosis_brazil;wosis_latest_orgc;BR-HYBRAS:854951:3274053;-2.450000047683716;-56.45000076293945;-56.45000076293945;-2.450000047683716;EPSG:4326;Brazil;;;;;;16;46;30;34.5;Oxidação úmida - Walkley-Black (1934), titulação;;;;;;;;;;carbon_content;34.5;g/kg;reported_by_wosis_latest_orgc;ok;dup-000436;duplicate;removed_confirmed_duplicate:documented_republication:hybras_sgb
wosis_brazil:wosis_latest_orgc:BR-HYBRAS:854951:3274054:46-65:carbon_content;wosis_brazil;wosis_latest_orgc;BR-HYBRAS:854951:3274054;-2.450000047683716;-56.45000076293945;-56.45000076293945;-2.450000047683716;EPSG:4326;Brazil;;;;;;46;65;19;17.2;Oxidação úmida - Walkley-Black (1934), titulação;;;;;;;;;;carbon_content;17.2;g/kg;reported_by_wosis_latest_orgc;ok;dup-000445;duplicate;removed_confirmed_duplicate:documented_republication:hybras_sgb
wosis_brazil:wosis_latest_orgc:BR-HYBRAS:854951:3274055:65-150:carbon_content;wosis_brazil;wosis_latest_orgc;BR-HYBRAS:854951:3274055;-2.450000047683716;-56.45000076293945;-56.45000076293945;-2.450000047683716;EPSG:4326;Brazil;;;;;;65;150;85;2;Oxidação úmida - Walkley-Black (1934), titulação;;;;;;;;;;carbon_content;2;g/kg;reported_by_wosis_latest_orgc;ok;dup-000450;duplicate;removed_confirmed_duplicate:documented_republication:hybras_sgb
wosis_brazil:wosis_latest_orgc:BR-RioDoce:854952:2973263:0-12:carbon_content;wosis_brazil;wosis_latest_orgc;BR-RioDoce:854952:2973263;-20.1333;-43.9667;-43.9667;-20.1333;EPSG:4326;Brazil;;;1983;1983;1983;0;12;12;22.5;Não informado;;;;;;;;;;carbon_content;22.5;g/kg;reported_by_wosis_latest_orgc;ok;dup-000487;duplicate;removed_confirmed_duplicate:exact_scientific_match:wosis_brazil
wosis_brazil:wosis_latest_orgc:BR-RioDoce:854953:2973264:0-27:carbon_content;wosis_brazil;wosis_latest_orgc;BR-RioDoce:854953:2973264;-20.2333;-42.8167;-42.8167;-20.2333;EPSG:4326;Brazil;;;1983;1983;1983;0;27;27;19.2;Não informado;;;;;;;;;;carbon_content;19.2;g/kg;reported_by_wosis_latest_orgc;ok;dup-000489;duplicate;removed_confirmed_duplicate:exact_scientific_match:wosis_brazil
wosis_brazil:wosis_latest_orgc:BR-RioDoce:854954:2973265:0-15:carbon_content;wosis_brazil;wosis_latest_orgc;BR-RioDoce:854954:2973265;-20.25;-42.1667;-42.1667;-20.25;EPSG:4326;Brazil;;;1983;1983;1983;0;15;15;54.3;Não informado;;;;;;;;;;carbon_content;54.3;g/kg;reported_by_wosis_latest_orgc;ok;dup-000490;duplicate;removed_confirmed_duplicate:exact_scientific_match:wosis_brazil
wosis_brazil:wosis_latest_orgc:BR-RioDoce:854956:2973267:0-20:carbon_content;wosis_brazil;wosis_latest_orgc;BR-RioDoce:854956:2973267;-20.0833;-41.6667;-41.6667;-20.0833;EPSG:4326;Brazil;;;1983;1983;1983;0;20;20;13.2;Não informado;;;;;;;;;;carbon_content;13.2;g/kg;reported_by_wosis_latest_orgc;ok;dup-000485;duplicate;removed_confirmed_duplicate:exact_scientific_match:wosis_brazil
wosis_brazil:wosis_latest_orgc:BR-RioDoce:854959:2973270:0-9:carbon_content;wosis_brazil;wosis_latest_orgc;BR-RioDoce:854959:2973270;-20.5167;-41.7167;-41.7167;-20.5167;EPSG:4326;Brazil;;;1983;1983;1983;0;9;9;27.6;Não informado;;;;;;;;;;carbon_content;27.6;g/kg;reported_by_wosis_latest_orgc;ok;dup-000503;duplicate;removed_confirmed_duplicate:exact_scientific_match:wosis_brazil
wosis_brazil:wosis_latest_orgc:BR-RioDoce:854960:2973271:0-10:carbon_content;wosis_brazil;wosis_latest_orgc;BR-RioDoce:854960:2973271;-20.1333;-41.1833;-41.1833;-20.1333;EPSG:4326;Brazil;;;1983;1983;1983;0;10;10;27.2;Não informado;;;;;;;;;;carbon_content;27.2;g/kg;reported_by_wosis_latest_orgc;ok;dup-000486;duplicate;removed_confirmed_duplicate:exact_scientific_match:wosis_brazil
wosis_brazil:wosis_latest_orgc:BR-RioDoce:854961:2973272:0-15:carbon_content;wosis_brazil;wosis_latest_orgc;BR-RioDoce:854961:2973272;-21.1167;-43.7833;-43.7833;-21.1167;EPSG:4326;Brazil;;;1983;1983;1983;0;15;15;7.6;Não informado;;;;;;;;;;carbon_content;7.6;g/kg;reported_by_wosis_latest_orgc;ok;dup-000533;duplicate;removed_confirmed_duplicate:exact_scientific_match:wosis_brazil
wosis_brazil:wosis_latest_orgc:BR-RioDoce:854962:2973273:0-20:carbon_content;wosis_brazil;wosis_latest_orgc;BR-RioDoce:854962:2973273;-21.1333;-43.2167;-43.2167;-21.1333;EPSG:4326;Brazil;;;1983;1983;1983;0;20;20;8.9;Não informado;;;;;;;;;;carbon_content;8.9;g/kg;reported_by_wosis_latest_orgc;ok;dup-000534;duplicate;removed_confirmed_duplicate:exact_scientific_match:wosis_brazil
wosis_brazil:wosis_latest_orgc:BR-RioDoce:854963:2973274:0-10:carbon_content;wosis_brazil;wosis_latest_orgc;BR-RioDoce:854963:2973274;-20.8833;-43.4333;-43.4333;-20.8833;EPSG:4326;Brazil;;;1983;1983;1983;0;10;10;16.7;Não informado;;;;;;;;;;carbon_content;16.7;g/kg;reported_by_wosis_latest_orgc;ok;dup-000529;duplicate;removed_confirmed_duplicate:exact_scientific_match:wosis_brazil
wosis_brazil:wosis_latest_orgc:BR-RioDoce:854964:2973275:0-40:carbon_content;wosis_brazil;wosis_latest_orgc;BR-RioDoce:854964:2973275;-20.2667;-43.95;-43.95;-20.2667;EPSG:4326;Brazil;;;1983;1983;1983;0;40;40;6.2;Não informado;;;;;;;;;;carbon_content;6.2;g/kg;reported_by_wosis_latest_orgc;ok;dup-000491;duplicate;removed_confirmed_duplicate:exact_scientific_match:wosis_brazil
wosis_brazil:wosis_latest_orgc:BR-RioDoce:854966:2973277:0-20:carbon_content;wosis_brazil;wosis_latest_orgc;BR-RioDoce:854966:2973277;-20.0167;-42.75;-42.75;-20.0167;EPSG:4326;Brazil;;;1983;1983;1983;0;20;20;8.2;Não informado;;;;;;;;;;carbon_content;8.2;g/kg;reported_by_wosis_latest_orgc;ok;dup-000474;duplicate;removed_confirmed_duplicate:exact_scientific_match:wosis_brazil
wosis_brazil:wosis_latest_orgc:BR-RioDoce:854973:2973284:0-15:carbon_content;wosis_brazil;wosis_latest_orgc;BR-RioDoce:854973:2973284;-18.8227;-41.5524;-41.5524;-18.8227;EPSG:4326;Brazil;;;1970;1970;1970;0;15;15;15.5;Não informado;;;;;;;;;;carbon_content;15.5;g/kg;reported_by_wosis_latest_orgc;ok;dup-000334;duplicate;removed_confirmed_duplicate:exact_scientific_match:wosis_brazil
wosis_brazil:wosis_latest_orgc:BR-RioDoce:854974:2973285:0-13:carbon_content;wosis_brazil;wosis_latest_orgc;BR-RioDoce:854974:2973285;-19.0818;-42.3095;-42.3095;-19.0818;EPSG:4326;Brazil;;;1970;1970;1970;0;13;13;19.9;Não informado;;;;;;;;;;carbon_content;19.9;g/kg;reported_by_wosis_latest_orgc;ok;dup-000345;duplicate;removed_confirmed_duplicate:exact_scientific_match:wosis_brazil
wosis_brazil:wosis_latest_orgc:BR-RioDoce:854975:2973286:0-12:carbon_content;wosis_brazil;wosis_latest_orgc;BR-RioDoce:854975:2973286;-19.6091;-42.1571;-42.1571;-19.6091;EPSG:4326;Brazil;;;1970;1970;1970;0;12;12;12.3;Não informado;;;;;;;;;;carbon_content;12.3;g/kg;reported_by_wosis_latest_orgc;ok;dup-000418;duplicate;removed_confirmed_duplicate:exact_scientific_match:wosis_brazil
wosis_brazil:wosis_latest_orgc:BR-RioDoce:854976:2973287:0-15:carbon_content;wosis_brazil;wosis_latest_orgc;BR-RioDoce:854976:2973287;-18.6864;-42.8381;-42.8381;-18.6864;EPSG:4326;Brazil;;;1970;1970;1970;0;15;15;20;Não informado;;;;;;;;;;carbon_content;20;g/kg;reported_by_wosis_latest_orgc;ok;dup-000330;duplicate;removed_confirmed_duplicate:exact_scientific_match:wosis_brazil
wosis_brazil:wosis_latest_orgc:BR-RioDoce:854977:2973288:0-13:carbon_content;wosis_brazil;wosis_latest_orgc;BR-RioDoce:854977:2973288;-20.4409;-41.7952;-41.7952;-20.4409;EPSG:4326;Brazil;;;1970;1970;1970;0;13;13;18.3;Não informado;;;;;;;;;;carbon_content;18.3;g/kg;reported_by_wosis_latest_orgc;ok;dup-000501;duplicate;removed_confirmed_duplicate:exact_scientific_match:wosis_brazil
wosis_brazil:wosis_latest_orgc:BR-RioDoce:854978:2973289:56-104:carbon_content;wosis_brazil;wosis_latest_orgc;BR-RioDoce:854978:2973289;-20.5254;-41.7308;-41.7308;-20.5254;EPSG:4326;Brazil;;;1978;1978;1978;56;104;48;4.9;Não informado;;;;;;;;;;carbon_content;4.9;g/kg;reported_by_wosis_latest_orgc;ok;dup-000504;duplicate;removed_confirmed_duplicate:exact_scientific_match:wosis_brazil
wosis_brazil:wosis_latest_orgc:BR-RioDoce:854979:2973290:0-12:carbon_content;wosis_brazil;wosis_latest_orgc;BR-RioDoce:854979:2973290;-20.4746;-41.7962;-41.7962;-20.4746;EPSG:4326;Brazil;;;1978;1978;1978;0;12;12;38.2;Não informado;;;;;;;;;;carbon_content;38.2;g/kg;reported_by_wosis_latest_orgc;ok;dup-000502;duplicate;removed_confirmed_duplicate:exact_scientific_match:wosis_brazil
wosis_brazil:wosis_latest_orgc:BR-RioDoce:854980:2973291:0-20:carbon_content;wosis_brazil;wosis_latest_orgc;BR-RioDoce:854980:2973291;-19.5864;-40.9762;-40.9762;-19.5864;EPSG:4326;Brazil;;;1970;1970;1970;0;20;20;23.2;Não informado;;;;;;;;;;carbon_content;23.2;g/kg;reported_by_wosis_latest_orgc;ok;dup-000417;duplicate;removed_confirmed_duplicate:exact_scientific_match:wosis_brazil
wosis_brazil:wosis_latest_orgc:BR-RioDoce:854982:2973293:0-16:carbon_content;wosis_brazil;wosis_latest_orgc;BR-RioDoce:854982:2973293;-19.7572;-41.1615;-41.1615;-19.7572;EPSG:4326;Brazil;;;1978;1978;1978;0;16;16;23.7;Não informado;;;;;;;;;;carbon_content;23.7;g/kg;reported_by_wosis_latest_orgc;ok;dup-000419;duplicate;removed_confirmed_duplicate:exact_scientific_match:wosis_brazil
wosis_brazil:wosis_latest_orgc:BR-RioDoce:854983:2973294:0-14:carbon_content;wosis_brazil;wosis_latest_orgc;BR-RioDoce:854983:2973294;-19.4565;-40.9077;-40.9077;-19.4565;EPSG:4326;Brazil;;;1978;1978;1978;0;14;14;13.3;Não informado;;;;;;;;;;carbon_content;13.3;g/kg;reported_by_wosis_latest_orgc;ok;dup-000401;duplicate;removed_confirmed_duplicate:exact_scientific_match:wosis_brazil
wosis_brazil:wosis_latest_orgc:BR-RioDoce:854984:2973295:0-15:carbon_content;wosis_brazil;wosis_latest_orgc;BR-RioDoce:854984:2973295;-20.1409;-42.2143;-42.2143;-20.1409;EPSG:4326;Brazil;;;1970;1970;1970;0;15;15;54.3;Não informado;;;;;;;;;;carbon_content;54.3;g/kg;reported_by_wosis_latest_orgc;ok;dup-000488;duplicate;removed_confirmed_duplicate:exact_scientific_match:wosis_brazil
wosis_brazil:wosis_latest_orgc:BR-RioDoce:854985:2973296:28-400:carbon_content;wosis_brazil;wosis_latest_orgc;BR-RioDoce:854985:2973296;-19.5562;-40.9385;-40.9385;-19.5562;EPSG:4326;Brazil;;;1978;1978;1978;28;400;372;0.8;Não informado;;;;;;;;;;carbon_content;0.8;g/kg;reported_by_wosis_latest_orgc;ok;dup-000416;duplicate;removed_confirmed_duplicate:exact_scientific_match:wosis_brazil
wosis_brazil:wosis_latest_orgc:BR-RioDoce:855185:2973496:8-14:carbon_content;wosis_brazil;wosis_latest_orgc;BR-RioDoce:855185:2973496;-19.500486373901367;-41.017086029052734;-41.017086029052734;-19.500486373901367;EPSG:4326;Brazil;;;;;;8;14;6;16.9;Não informado;;;;;;;;;;carbon_content;16.9;g/kg;reported_by_wosis_latest_orgc;ok;dup-000413;duplicate;removed_confirmed_duplicate:exact_scientific_match:wosis_brazil
wosis_brazil:wosis_latest_orgc:BR-RioDoce:855186:2973497:0-3:carbon_content;wosis_brazil;wosis_latest_orgc;BR-RioDoce:855186:2973497;-19.500486373901367;-41.017086029052734;-41.017086029052734;-19.500486373901367;EPSG:4326;Brazil;;;;;;0;3;3;45.4;Não informado;;;;;;;;;;carbon_content;45.4;g/kg;reported_by_wosis_latest_orgc;ok;dup-000407;duplicate;removed_confirmed_duplicate:exact_scientific_match:wosis_brazil
wosis_brazil:wosis_latest_orgc:BR-RioDoce:855218:2973529:0-22:carbon_content;wosis_brazil;wosis_latest_orgc;BR-RioDoce:855218:2973529;-20.78382110595703;-42.78373718261719;-42.78373718261719;-20.78382110595703;EPSG:4326;Brazil;;;;;;0;22;22;30.8;Não informado;;;;;;;;;;carbon_content;30.8;g/kg;reported_by_wosis_latest_orgc;ok;dup-000520;duplicate;removed_confirmed_duplicate:exact_scientific_match:wosis_brazil
wosis_brazil:wosis_latest_orgc:BR-RioDoce:855257:2973568:16-42:carbon_content;wosis_brazil;wosis_latest_orgc;BR-RioDoce:855257:2973568;-20.70048713684082;-42.833740234375;-42.833740234375;-20.70048713684082;EPSG:4326;Brazil;;;;;;16;42;26;13.6;Não informado;;;;;;;;;;carbon_content;13.6;g/kg;reported_by_wosis_latest_orgc;ok;dup-000517;duplicate;removed_confirmed_duplicate:exact_scientific_match:wosis_brazil
wosis_brazil:wosis_latest_orgc:BR-RioDoce:855319:2973630:103-165:carbon_content;wosis_brazil;wosis_latest_orgc;BR-RioDoce:855319:2973630;-20.78382110595703;-42.78373718261719;-42.78373718261719;-20.78382110595703;EPSG:4326;Brazil;;;;;;103;165;62;3.5;Não informado;;;;;;;;;;carbon_content;3.5;g/kg;reported_by_wosis_latest_orgc;ok;dup-000521;duplicate;removed_confirmed_duplicate:exact_scientific_match:wosis_brazil
wosis_brazil:wosis_latest_orgc:BR-RioDoce:855729:2974040:0-22:carbon_content;wosis_brazil;wosis_latest_orgc;BR-RioDoce:855729:2974040;-19.517484664916992;-41.017086029052734;-41.017086029052734;-19.517484664916992;EPSG:4326;Brazil;;;;;;0;22;22;24.7;Não informado;;;;;;;;;;carbon_content;24.7;g/kg;reported_by_wosis_latest_orgc;ok;dup-000414;duplicate;removed_confirmed_duplicate:exact_scientific_match:wosis_brazil
wosis_brazil:wosis_latest_orgc:BR-RioDoce:856151:2974462:0-16:carbon_content;wosis_brazil;wosis_latest_orgc;BR-RioDoce:856151:2974462;-20.70048713684082;-42.833740234375;-42.833740234375;-20.70048713684082;EPSG:4326;Brazil;;;;;;0;16;16;22.4;Não informado;;;;;;;;;;carbon_content;22.4;g/kg;reported_by_wosis_latest_orgc;ok;dup-000515;duplicate;removed_confirmed_duplicate:exact_scientific_match:wosis_brazil
wosis_brazil:wosis_latest_orgc:BR-RioDoce:856153:2974464:82-137:carbon_content;wosis_brazil;wosis_latest_orgc;BR-RioDoce:856153:2974464;-20.70048713684082;-42.833740234375;-42.833740234375;-20.70048713684082;EPSG:4326;Brazil;;;;;;82;137;55;5.8;Não informado;;;;;;;;;;carbon_content;5.8;g/kg;reported_by_wosis_latest_orgc;ok;dup-000519;duplicate;removed_confirmed_duplicate:exact_scientific_match:wosis_brazil
wosis_brazil:wosis_latest_orgc:BR-RioDoce:856154:2974465:137-185:carbon_content;wosis_brazil;wosis_latest_orgc;BR-RioDoce:856154:2974465;-20.70048713684082;-42.833740234375;-42.833740234375;-20.70048713684082;EPSG:4326;Brazil;;;;;;137;185;48;3.9;Não informado;;;;;;;;;;carbon_content;3.9;g/kg;reported_by_wosis_latest_orgc;ok;dup-000516;duplicate;removed_confirmed_duplicate:exact_scientific_match:wosis_brazil
wosis_brazil:wosis_latest_orgc:BR-RioDoce:856159:2974470:42-82:carbon_content;wosis_brazil;wosis_latest_orgc;BR-RioDoce:856159:2974470;-20.70048713684082;-42.833740234375;-42.833740234375;-20.70048713684082;EPSG:4326;Brazil;;;;;;42;82;40;12.1;Não informado;;;;;;;;;;carbon_content;12.1;g/kg;reported_by_wosis_latest_orgc;ok;dup-000518;duplicate;removed_confirmed_duplicate:exact_scientific_match:wosis_brazil
wosis_brazil:wosis_latest_orgc:BR-RioDoce:856163:2974474:0-15:carbon_content;wosis_brazil;wosis_latest_orgc;BR-RioDoce:856163:2974474;-20.80048942565918;-42.78373718261719;-42.78373718261719;-20.80048942565918;EPSG:4326;Brazil;;;;;;0;15;15;9.7;Não informado;;;;;;;;;;carbon_content;9.7;g/kg;reported_by_wosis_latest_orgc;ok;dup-000524;duplicate;removed_confirmed_duplicate:exact_scientific_match:wosis_brazil
wosis_brazil:wosis_latest_orgc:BR-RioDoce:856171:2974482:100-130:carbon_content;wosis_brazil;wosis_latest_orgc;BR-RioDoce:856171:2974482;-20.017154693603516;-41.58372497558594;-41.58372497558594;-20.017154693603516;EPSG:4326;Brazil;;;;;;100;130;30;3.3;Não informado;;;;;;;;;;carbon_content;3.3;g/kg;reported_by_wosis_latest_orgc;ok;dup-000475;duplicate;removed_confirmed_duplicate:exact_scientific_match:wosis_brazil
wosis_brazil:wosis_latest_orgc:BR-RioDoce:856176:2974487:15-34:carbon_content;wosis_brazil;wosis_latest_orgc;BR-RioDoce:856176:2974487;-20.80048942565918;-42.78373718261719;-42.78373718261719;-20.80048942565918;EPSG:4326;Brazil;;;;;;15;34;19;16.4;Não informado;;;;;;;;;;carbon_content;16.4;g/kg;reported_by_wosis_latest_orgc;ok;dup-000525;duplicate;removed_confirmed_duplicate:exact_scientific_match:wosis_brazil
wosis_brazil:wosis_latest_orgc:BR-RioDoce:856177:2974488:34-78:carbon_content;wosis_brazil;wosis_latest_orgc;BR-RioDoce:856177:2974488;-20.80048942565918;-42.78373718261719;-42.78373718261719;-20.80048942565918;EPSG:4326;Brazil;;;;;;34;78;44;10.1;Não informado;;;;;;;;;;carbon_content;10.1;g/kg;reported_by_wosis_latest_orgc;ok;dup-000527;duplicate;removed_confirmed_duplicate:exact_scientific_match:wosis_brazil
wosis_brazil:wosis_latest_orgc:BR-RioDoce:856178:2974489:78-170:carbon_content;wosis_brazil;wosis_latest_orgc;BR-RioDoce:856178:2974489;-20.80048942565918;-42.78373718261719;-42.78373718261719;-20.80048942565918;EPSG:4326;Brazil;;;;;;78;170;92;7.4;Não informado;;;;;;;;;;carbon_content;7.4;g/kg;reported_by_wosis_latest_orgc;ok;dup-000528;duplicate;removed_confirmed_duplicate:exact_scientific_match:wosis_brazil
wosis_brazil:wosis_latest_orgc:BR-RioDoce:856179:2974490:170-210:carbon_content;wosis_brazil;wosis_latest_orgc;BR-RioDoce:856179:2974490;-20.80048942565918;-42.78373718261719;-42.78373718261719;-20.80048942565918;EPSG:4326;Brazil;;;;;;170;210;40;4.3;Não informado;;;;;;;;;;carbon_content;4.3;g/kg;reported_by_wosis_latest_orgc;ok;dup-000526;duplicate;removed_confirmed_duplicate:exact_scientific_match:wosis_brazil
wosis_brazil:wosis_latest_orgc:BR-RioDoce:856214:2974525:70-103:carbon_content;wosis_brazil;wosis_latest_orgc;BR-RioDoce:856214:2974525;-20.78382110595703;-42.78373718261719;-42.78373718261719;-20.78382110595703;EPSG:4326;Brazil;;;;;;70;103;33;10.1;Não informado;;;;;;;;;;carbon_content;10.1;g/kg;reported_by_wosis_latest_orgc;ok;dup-000523;duplicate;removed_confirmed_duplicate:exact_scientific_match:wosis_brazil
wosis_brazil:wosis_latest_orgc:BR-RioDoce:856230:2974541:3-8:carbon_content;wosis_brazil;wosis_latest_orgc;BR-RioDoce:856230:2974541;-19.500486373901367;-41.017086029052734;-41.017086029052734;-19.500486373901367;EPSG:4326;Brazil;;;;;;3;8;5;24.4;Não informado;;;;;;;;;;carbon_content;24.4;g/kg;reported_by_wosis_latest_orgc;ok;dup-000410;duplicate;removed_confirmed_duplicate:exact_scientific_match:wosis_brazil
wosis_brazil:wosis_latest_orgc:BR-RioDoce:856231:2974542:14-22:carbon_content;wosis_brazil;wosis_latest_orgc;BR-RioDoce:856231:2974542;-19.500486373901367;-41.017086029052734;-41.017086029052734;-19.500486373901367;EPSG:4326;Brazil;;;;;;14;22;8;13.4;Não informado;;;;;;;;;;carbon_content;13.4;g/kg;reported_by_wosis_latest_orgc;ok;dup-000408;duplicate;removed_confirmed_duplicate:exact_scientific_match:wosis_brazil
wosis_brazil:wosis_latest_orgc:BR-RioDoce:856232:2974543:72-90:carbon_content;wosis_brazil;wosis_latest_orgc;BR-RioDoce:856232:2974543;-19.500486373901367;-41.017086029052734;-41.017086029052734;-19.500486373901367;EPSG:4326;Brazil;;;;;;72;90;18;2;Não informado;;;;;;;;;;carbon_content;2;g/kg;reported_by_wosis_latest_orgc;ok;dup-000412;duplicate;removed_confirmed_duplicate:exact_scientific_match:wosis_brazil
wosis_brazil:wosis_latest_orgc:BR-RioDoce:856236:2974547:22-70:carbon_content;wosis_brazil;wosis_latest_orgc;BR-RioDoce:856236:2974547;-20.78382110595703;-42.78373718261719;-42.78373718261719;-20.78382110595703;EPSG:4326;Brazil;;;;;;22;70;48;16.8;Não informado;;;;;;;;;;carbon_content;16.8;g/kg;reported_by_wosis_latest_orgc;ok;dup-000522;duplicate;removed_confirmed_duplicate:exact_scientific_match:wosis_brazil
wosis_brazil:wosis_latest_orgc:BR-RioDoce:856377:2974688:22-52:carbon_content;wosis_brazil;wosis_latest_orgc;BR-RioDoce:856377:2974688;-19.517484664916992;-41.017086029052734;-41.017086029052734;-19.517484664916992;EPSG:4326;Brazil;;;;;;22;52;30;1.8;Não informado;;;;;;;;;;carbon_content;1.8;g/kg;reported_by_wosis_latest_orgc;ok;dup-000415;duplicate;removed_confirmed_duplicate:exact_scientific_match:wosis_brazil
wosis_brazil:wosis_latest_orgc:BR-RioDoce:856386:2974697:22-40:carbon_content;wosis_brazil;wosis_latest_orgc;BR-RioDoce:856386:2974697;-19.500486373901367;-41.017086029052734;-41.017086029052734;-19.500486373901367;EPSG:4326;Brazil;;;;;;22;40;18;8.7;Não informado;;;;;;;;;;carbon_content;8.7;g/kg;reported_by_wosis_latest_orgc;ok;dup-000409;duplicate;removed_confirmed_duplicate:exact_scientific_match:wosis_brazil
wosis_brazil:wosis_latest_orgc:BR-RioDoce:856387:2974698:40-72:carbon_content;wosis_brazil;wosis_latest_orgc;BR-RioDoce:856387:2974698;-19.500486373901367;-41.017086029052734;-41.017086029052734;-19.500486373901367;EPSG:4326;Brazil;;;;;;40;72;32;6.3;Não informado;;;;;;;;;;carbon_content;6.3;g/kg;reported_by_wosis_latest_orgc;ok;dup-000411;duplicate;removed_confirmed_duplicate:exact_scientific_match:wosis_brazil
wosis_brazil:wosis_latest_orgc:BR-RioDoce:856418:2974729:80-110:carbon_content;wosis_brazil;wosis_latest_orgc;BR-RioDoce:856418:2974729;-20.650489807128906;-42.18373489379883;-42.18373489379883;-20.650489807128906;EPSG:4326;Brazil;;;;;;80;110;30;3.4;Não informado;;;;;;;;;;carbon_content;3.4;g/kg;reported_by_wosis_latest_orgc;ok;dup-000513;duplicate;removed_confirmed_duplicate:exact_scientific_match:wosis_brazil
wosis_brazil:wosis_latest_orgc:WD-ISIS:1116055:5299:0-6:carbon_content;wosis_brazil;wosis_latest_orgc;WD-ISIS:1116055:5299;-6.67;-35.13333333333333;-35.13333333333333;-6.67;EPSG:4326;Brazil;;;1986;1986;1986;0;6;6;10;Não informado;;;;;;;;;;carbon_content;10;g/kg;reported_by_wosis_latest_orgc;ok;dup-001143;duplicate;removed_confirmed_duplicate:exact_scientific_match:wosis_brazil
wosis_brazil:wosis_latest_orgc:WD-ISIS:1116055:5300:6-19:carbon_content;wosis_brazil;wosis_latest_orgc;WD-ISIS:1116055:5300;-6.67;-35.13333333333333;-35.13333333333333;-6.67;EPSG:4326;Brazil;;;1986;1986;1986;6;19;13;4.2;Não informado;;;;;;;;;;carbon_content;4.2;g/kg;reported_by_wosis_latest_orgc;ok;dup-001148;duplicate;removed_confirmed_duplicate:exact_scientific_match:wosis_brazil
wosis_brazil:wosis_latest_orgc:WD-ISIS:1116055:5301:19-50:carbon_content;wosis_brazil;wosis_latest_orgc;WD-ISIS:1116055:5301;-6.67;-35.13333333333333;-35.13333333333333;-6.67;EPSG:4326;Brazil;;;1986;1986;1986;19;50;31;2.9;Não informado;;;;;;;;;;carbon_content;2.9;g/kg;reported_by_wosis_latest_orgc;ok;dup-001145;duplicate;removed_confirmed_duplicate:exact_scientific_match:wosis_brazil
wosis_brazil:wosis_latest_orgc:WD-ISIS:1116055:5303:50-75:carbon_content;wosis_brazil;wosis_latest_orgc;WD-ISIS:1116055:5303;-6.67;-35.13333333333333;-35.13333333333333;-6.67;EPSG:4326;Brazil;;;1986;1986;1986;50;75;25;1;Não informado;;;;;;;;;;carbon_content;1;g/kg;reported_by_wosis_latest_orgc;ok;dup-001147;duplicate;removed_confirmed_duplicate:exact_scientific_match:wosis_brazil
wosis_brazil:wosis_latest_orgc:WD-ISIS:1116055:5304:75-175:carbon_content;wosis_brazil;wosis_latest_orgc;WD-ISIS:1116055:5304;-6.67;-35.13333333333333;-35.13333333333333;-6.67;EPSG:4326;Brazil;;;1986;1986;1986;75;175;100;1.6;Não informado;;;;;;;;;;carbon_content;1.6;g/kg;reported_by_wosis_latest_orgc;ok;dup-001149;duplicate;removed_confirmed_duplicate:exact_scientific_match:wosis_brazil
wosis_brazil:wosis_latest_orgc:WD-ISIS:1116055:5306:175-225:carbon_content;wosis_brazil;wosis_latest_orgc;WD-ISIS:1116055:5306;-6.67;-35.13333333333333;-35.13333333333333;-6.67;EPSG:4326;Brazil;;;1986;1986;1986;175;225;50;1.6;Não informado;;;;;;;;;;carbon_content;1.6;g/kg;reported_by_wosis_latest_orgc;ok;dup-001144;duplicate;removed_confirmed_duplicate:exact_scientific_match:wosis_brazil
wosis_brazil:wosis_latest_orgc:WD-WISE:1121971:29012:0-18:carbon_content;wosis_brazil;wosis_latest_orgc;WD-WISE:1121971:29012;-15.5916672;-47.7194442999999;-47.7194442999999;-15.5916672;EPSG:4326;Brazil;;;1985;1985;1985;0;18;18;21.2;Não informado;;;;;;;;;;carbon_content;21.2;g/kg;reported_by_wosis_latest_orgc;ok;dup-000188;duplicate;removed_confirmed_duplicate:exact_scientific_match:wosis_brazil
wosis_brazil:wosis_latest_orgc:WD-WISE:1121971:29013:18-30:carbon_content;wosis_brazil;wosis_latest_orgc;WD-WISE:1121971:29013;-15.5916672;-47.7194442999999;-47.7194442999999;-15.5916672;EPSG:4326;Brazil;;;1985;1985;1985;18;30;12;15.9;Não informado;;;;;;;;;;carbon_content;15.9;g/kg;reported_by_wosis_latest_orgc;ok;dup-000190;duplicate;removed_confirmed_duplicate:exact_scientific_match:wosis_brazil
wosis_brazil:wosis_latest_orgc:WD-WISE:1121971:29014:30-38:carbon_content;wosis_brazil;wosis_latest_orgc;WD-WISE:1121971:29014;-15.5916672;-47.7194442999999;-47.7194442999999;-15.5916672;EPSG:4326;Brazil;;;1985;1985;1985;30;38;8;10;Não informado;;;;;;;;;;carbon_content;10;g/kg;reported_by_wosis_latest_orgc;ok;dup-000191;duplicate;removed_confirmed_duplicate:exact_scientific_match:wosis_brazil
wosis_brazil:wosis_latest_orgc:WD-WISE:1121971:29016:70-110:carbon_content;wosis_brazil;wosis_latest_orgc;WD-WISE:1121971:29016;-15.5916672;-47.7194442999999;-47.7194442999999;-15.5916672;EPSG:4326;Brazil;;;1985;1985;1985;70;110;40;2.6;Não informado;;;;;;;;;;carbon_content;2.6;g/kg;reported_by_wosis_latest_orgc;ok;dup-000193;duplicate;removed_confirmed_duplicate:exact_scientific_match:wosis_brazil
wosis_brazil:wosis_latest_orgc:WD-WISE:1121971:29017:110-180:carbon_content;wosis_brazil;wosis_latest_orgc;WD-WISE:1121971:29017;-15.5916672;-47.7194442999999;-47.7194442999999;-15.5916672;EPSG:4326;Brazil;;;1985;1985;1985;110;180;70;1.8;Não informado;;;;;;;;;;carbon_content;1.8;g/kg;reported_by_wosis_latest_orgc;ok;dup-000189;duplicate;removed_confirmed_duplicate:exact_scientific_match:wosis_brazil
wosis_brazil:wosis_latest_orgc:WD-WISE:1121972:29019:0-18:carbon_content;wosis_brazil;wosis_latest_orgc;WD-WISE:1121972:29019;-21.2583331999999;-47.7916679;-47.7916679;-21.2583331999999;EPSG:4326;Brazil;;;1985;1985;1985;0;18;18;23.2;Não informado;;;;;;;;;;carbon_content;23.2;g/kg;reported_by_wosis_latest_orgc;ok;dup-000535;duplicate;removed_confirmed_duplicate:exact_scientific_match:wosis_brazil
wosis_brazil:wosis_latest_orgc:WD-WISE:1121972:29020:18-45:carbon_content;wosis_brazil;wosis_latest_orgc;WD-WISE:1121972:29020;-21.2583331999999;-47.7916679;-47.7916679;-21.2583331999999;EPSG:4326;Brazil;;;1985;1985;1985;18;45;27;14.2;Não informado;;;;;;;;;;carbon_content;14.2;g/kg;reported_by_wosis_latest_orgc;ok;dup-000537;duplicate;removed_confirmed_duplicate:exact_scientific_match:wosis_brazil
wosis_brazil:wosis_latest_orgc:WD-WISE:1121972:29021:45-85:carbon_content;wosis_brazil;wosis_latest_orgc;WD-WISE:1121972:29021;-21.2583331999999;-47.7916679;-47.7916679;-21.2583331999999;EPSG:4326;Brazil;;;1985;1985;1985;45;85;40;8.3;Não informado;;;;;;;;;;carbon_content;8.3;g/kg;reported_by_wosis_latest_orgc;ok;dup-000540;duplicate;removed_confirmed_duplicate:exact_scientific_match:wosis_brazil
wosis_brazil:wosis_latest_orgc:WD-WISE:1121972:29022:85-130:carbon_content;wosis_brazil;wosis_latest_orgc;WD-WISE:1121972:29022;-21.2583331999999;-47.7916679;-47.7916679;-21.2583331999999;EPSG:4326;Brazil;;;1985;1985;1985;85;130;45;6.9;Não informado;;;;;;;;;;carbon_content;6.9;g/kg;reported_by_wosis_latest_orgc;ok;dup-000541;duplicate;removed_confirmed_duplicate:exact_scientific_match:wosis_brazil
wosis_brazil:wosis_latest_orgc:WD-WISE:1121972:29023:130-235:carbon_content;wosis_brazil;wosis_latest_orgc;WD-WISE:1121972:29023;-21.2583331999999;-47.7916679;-47.7916679;-21.2583331999999;EPSG:4326;Brazil;;;1985;1985;1985;130;235;105;4.4;Não informado;;;;;;;;;;carbon_content;4.4;g/kg;reported_by_wosis_latest_orgc;ok;dup-000536;duplicate;removed_confirmed_duplicate:exact_scientific_match:wosis_brazil
wosis_brazil:wosis_latest_orgc:WD-WISE:1121972:29024:235-335:carbon_content;wosis_brazil;wosis_latest_orgc;WD-WISE:1121972:29024;-21.2583331999999;-47.7916679;-47.7916679;-21.2583331999999;EPSG:4326;Brazil;;;1985;1985;1985;235;335;100;2.7;Não informado;;;;;;;;;;carbon_content;2.7;g/kg;reported_by_wosis_latest_orgc;ok;dup-000538;duplicate;removed_confirmed_duplicate:exact_scientific_match:wosis_brazil
wosis_brazil:wosis_latest_orgc:WD-WISE:1121972:29025:335-450:carbon_content;wosis_brazil;wosis_latest_orgc;WD-WISE:1121972:29025;-21.2583331999999;-47.7916679;-47.7916679;-21.2583331999999;EPSG:4326;Brazil;;;1985;1985;1985;335;450;115;1.8;Não informado;;;;;;;;;;carbon_content;1.8;g/kg;reported_by_wosis_latest_orgc;ok;dup-000539;duplicate;removed_confirmed_duplicate:exact_scientific_match:wosis_brazil
wosis_brazil:wosis_latest_orgc:WD-WISE:1121973:29026:0-10:carbon_content;wosis_brazil;wosis_latest_orgc;WD-WISE:1121973:29026;-15.5972223;-47.7166672;-47.7166672;-15.5972223;EPSG:4326;Brazil;;;1985;1985;1985;0;10;10;20.8;Não informado;;;;;;;;;;carbon_content;20.8;g/kg;reported_by_wosis_latest_orgc;ok;dup-000194;duplicate;removed_confirmed_duplicate:exact_scientific_match:wosis_brazil
wosis_brazil:wosis_latest_orgc:WD-WISE:1121973:29027:10-35:carbon_content;wosis_brazil;wosis_latest_orgc;WD-WISE:1121973:29027;-15.5972223;-47.7166672;-47.7166672;-15.5972223;EPSG:4326;Brazil;;;1985;1985;1985;10;35;25;13.7;Não informado;;;;;;;;;;carbon_content;13.7;g/kg;reported_by_wosis_latest_orgc;ok;dup-000195;duplicate;removed_confirmed_duplicate:exact_scientific_match:wosis_brazil
wosis_brazil:wosis_latest_orgc:WD-WISE:1121973:29028:35-67:carbon_content;wosis_brazil;wosis_latest_orgc;WD-WISE:1121973:29028;-15.5972223;-47.7166672;-47.7166672;-15.5972223;EPSG:4326;Brazil;;;1985;1985;1985;35;67;32;13.9;Não informado;;;;;;;;;;carbon_content;13.9;g/kg;reported_by_wosis_latest_orgc;ok;dup-000198;duplicate;removed_confirmed_duplicate:exact_scientific_match:wosis_brazil
wosis_brazil:wosis_latest_orgc:WD-WISE:1121973:29029:67-150:carbon_content;wosis_brazil;wosis_latest_orgc;WD-WISE:1121973:29029;-15.5972223;-47.7166672;-47.7166672;-15.5972223;EPSG:4326;Brazil;;;1985;1985;1985;67;150;83;8.7;Não informado;;;;;;;;;;carbon_content;8.7;g/kg;reported_by_wosis_latest_orgc;ok;dup-000199;duplicate;removed_confirmed_duplicate:exact_scientific_match:wosis_brazil
wosis_brazil:wosis_latest_orgc:WD-WISE:1121973:29030:150-205:carbon_content;wosis_brazil;wosis_latest_orgc;WD-WISE:1121973:29030;-15.5972223;-47.7166672;-47.7166672;-15.5972223;EPSG:4326;Brazil;;;1985;1985;1985;150;205;55;7.1;Não informado;;;;;;;;;;carbon_content;7.1;g/kg;reported_by_wosis_latest_orgc;ok;dup-000196;duplicate;removed_confirmed_duplicate:exact_scientific_match:wosis_brazil
wosis_brazil:wosis_latest_orgc:WD-WISE:1121973:29031:205-345:carbon_content;wosis_brazil;wosis_latest_orgc;WD-WISE:1121973:29031;-15.5972223;-47.7166672;-47.7166672;-15.5972223;EPSG:4326;Brazil;;;1985;1985;1985;205;345;140;3.2;Não informado;;;;;;;;;;carbon_content;3.2;g/kg;reported_by_wosis_latest_orgc;ok;dup-000197;duplicate;removed_confirmed_duplicate:exact_scientific_match:wosis_brazil
wosis_brazil:wosis_latest_orgc:WD-WISE:1123516:36897:13-23:carbon_content;wosis_brazil;wosis_latest_orgc;WD-WISE:1123516:36897;-17.333334;-49.25;-49.25;-17.333334;EPSG:4326;Brazil;;;1985;1985;1985;13;23;10;15.9;Não informado;;;;;;;;;;carbon_content;15.9;g/kg;reported_by_wosis_latest_orgc;ok;dup-000283;duplicate;removed_confirmed_duplicate:exact_scientific_match:wosis_brazil
wosis_brazil:wosis_latest_orgc:WD-WISE:1123516:36898:23-33:carbon_content;wosis_brazil;wosis_latest_orgc;WD-WISE:1123516:36898;-17.333334;-49.25;-49.25;-17.333334;EPSG:4326;Brazil;;;1985;1985;1985;23;33;10;10;Não informado;;;;;;;;;;carbon_content;10;g/kg;reported_by_wosis_latest_orgc;ok;dup-000284;duplicate;removed_confirmed_duplicate:exact_scientific_match:wosis_brazil
wosis_brazil:wosis_latest_orgc:WD-WISE:1123516:36899:33-70:carbon_content;wosis_brazil;wosis_latest_orgc;WD-WISE:1123516:36899;-17.333334;-49.25;-49.25;-17.333334;EPSG:4326;Brazil;;;1985;1985;1985;33;70;37;7.1;Não informado;;;;;;;;;;carbon_content;7.1;g/kg;reported_by_wosis_latest_orgc;ok;dup-000285;duplicate;removed_confirmed_duplicate:exact_scientific_match:wosis_brazil
wosis_brazil:wosis_latest_orgc:WD-WISE:1123516:36900:70-100:carbon_content;wosis_brazil;wosis_latest_orgc;WD-WISE:1123516:36900;-17.333334;-49.25;-49.25;-17.333334;EPSG:4326;Brazil;;;1985;1985;1985;70;100;30;5;Não informado;;;;;;;;;;carbon_content;5;g/kg;reported_by_wosis_latest_orgc;ok;dup-000286;duplicate;removed_confirmed_duplicate:exact_scientific_match:wosis_brazil
wosis_brazil:wosis_latest_orgc:WD-WISE:1123516:36901:100-175:carbon_content;wosis_brazil;wosis_latest_orgc;WD-WISE:1123516:36901;-17.333334;-49.25;-49.25;-17.333334;EPSG:4326;Brazil;;;1985;1985;1985;100;175;75;3;Não informado;;;;;;;;;;carbon_content;3;g/kg;reported_by_wosis_latest_orgc;ok;dup-000282;duplicate;removed_confirmed_duplicate:exact_scientific_match:wosis_brazil
wosis_brazil:wosis_latest_orgc:WD-WISE:1123517:36902:0-12:carbon_content;wosis_brazil;wosis_latest_orgc;WD-WISE:1123517:36902;-20.3836116999999;-47.4333344;-47.4333344;-20.3836116999999;EPSG:4326;Brazil;;;1985;1985;1985;0;12;12;8.1;Não informado;;;;;;;;;;carbon_content;8.1;g/kg;reported_by_wosis_latest_orgc;ok;dup-000494;duplicate;removed_confirmed_duplicate:exact_scientific_match:wosis_brazil
wosis_brazil:wosis_latest_orgc:WD-WISE:1123517:36903:12-30:carbon_content;wosis_brazil;wosis_latest_orgc;WD-WISE:1123517:36903;-20.3836116999999;-47.4333344;-47.4333344;-20.3836116999999;EPSG:4326;Brazil;;;1985;1985;1985;12;30;18;5.2;Não informado;;;;;;;;;;carbon_content;5.2;g/kg;reported_by_wosis_latest_orgc;ok;dup-000495;duplicate;removed_confirmed_duplicate:exact_scientific_match:wosis_brazil
wosis_brazil:wosis_latest_orgc:WD-WISE:1123517:36904:30-55:carbon_content;wosis_brazil;wosis_latest_orgc;WD-WISE:1123517:36904;-20.3836116999999;-47.4333344;-47.4333344;-20.3836116999999;EPSG:4326;Brazil;;;1985;1985;1985;30;55;25;4.9;Não informado;;;;;;;;;;carbon_content;4.9;g/kg;reported_by_wosis_latest_orgc;ok;dup-000498;duplicate;removed_confirmed_duplicate:exact_scientific_match:wosis_brazil
wosis_brazil:wosis_latest_orgc:WD-WISE:1123517:36905:55-90:carbon_content;wosis_brazil;wosis_latest_orgc;WD-WISE:1123517:36905;-20.3836116999999;-47.4333344;-47.4333344;-20.3836116999999;EPSG:4326;Brazil;;;1985;1985;1985;55;90;35;3.4;Não informado;;;;;;;;;;carbon_content;3.4;g/kg;reported_by_wosis_latest_orgc;ok;dup-000499;duplicate;removed_confirmed_duplicate:exact_scientific_match:wosis_brazil
wosis_brazil:wosis_latest_orgc:WD-WISE:1123517:36906:90-140:carbon_content;wosis_brazil;wosis_latest_orgc;WD-WISE:1123517:36906;-20.3836116999999;-47.4333344;-47.4333344;-20.3836116999999;EPSG:4326;Brazil;;;1985;1985;1985;90;140;50;2.3;Não informado;;;;;;;;;;carbon_content;2.3;g/kg;reported_by_wosis_latest_orgc;ok;dup-000500;duplicate;removed_confirmed_duplicate:exact_scientific_match:wosis_brazil
wosis_brazil:wosis_latest_orgc:WD-WISE:1123517:36907:140-240:carbon_content;wosis_brazil;wosis_latest_orgc;WD-WISE:1123517:36907;-20.3836116999999;-47.4333344;-47.4333344;-20.3836116999999;EPSG:4326;Brazil;;;1985;1985;1985;140;240;100;2;Não informado;;;;;;;;;;carbon_content;2;g/kg;reported_by_wosis_latest_orgc;ok;dup-000496;duplicate;removed_confirmed_duplicate:exact_scientific_match:wosis_brazil
wosis_brazil:wosis_latest_orgc:WD-WISE:1123517:36908:240-300:carbon_content;wosis_brazil;wosis_latest_orgc;WD-WISE:1123517:36908;-20.3836116999999;-47.4333344;-47.4333344;-20.3836116999999;EPSG:4326;Brazil;;;1985;1985;1985;240;300;60;1.7;Não informado;;;;;;;;;;carbon_content;1.7;g/kg;reported_by_wosis_latest_orgc;ok;dup-000497;duplicate;removed_confirmed_duplicate:exact_scientific_match:wosis_brazil
wosis_brazil:wosis_latest_orgc:WD-WISE:1123518:36909:0-12:carbon_content;wosis_brazil;wosis_latest_orgc;WD-WISE:1123518:36909;-18.666666;-49.1333350999999;-49.1333350999999;-18.666666;EPSG:4326;Brazil;;;1985;1985;1985;0;12;12;9.4;Não informado;;;;;;;;;;carbon_content;9.4;g/kg;reported_by_wosis_latest_orgc;ok;dup-000322;duplicate;removed_confirmed_duplicate:exact_scientific_match:wosis_brazil
wosis_brazil:wosis_latest_orgc:WD-WISE:1123518:36910:12-23:carbon_content;wosis_brazil;wosis_latest_orgc;WD-WISE:1123518:36910;-18.666666;-49.1333350999999;-49.1333350999999;-18.666666;EPSG:4326;Brazil;;;1985;1985;1985;12;23;11;6;Não informado;;;;;;;;;;carbon_content;6;g/kg;reported_by_wosis_latest_orgc;ok;dup-000323;duplicate;removed_confirmed_duplicate:exact_scientific_match:wosis_brazil
wosis_brazil:wosis_latest_orgc:WD-WISE:1123518:36911:23-40:carbon_content;wosis_brazil;wosis_latest_orgc;WD-WISE:1123518:36911;-18.666666;-49.1333350999999;-49.1333350999999;-18.666666;EPSG:4326;Brazil;;;1985;1985;1985;23;40;17;5.2;Não informado;;;;;;;;;;carbon_content;5.2;g/kg;reported_by_wosis_latest_orgc;ok;dup-000326;duplicate;removed_confirmed_duplicate:exact_scientific_match:wosis_brazil
wosis_brazil:wosis_latest_orgc:WD-WISE:1123518:36912:40-70:carbon_content;wosis_brazil;wosis_latest_orgc;WD-WISE:1123518:36912;-18.666666;-49.1333350999999;-49.1333350999999;-18.666666;EPSG:4326;Brazil;;;1985;1985;1985;40;70;30;3.9;Não informado;;;;;;;;;;carbon_content;3.9;g/kg;reported_by_wosis_latest_orgc;ok;dup-000327;duplicate;removed_confirmed_duplicate:exact_scientific_match:wosis_brazil
wosis_brazil:wosis_latest_orgc:WD-WISE:1123518:36913:70-130:carbon_content;wosis_brazil;wosis_latest_orgc;WD-WISE:1123518:36913;-18.666666;-49.1333350999999;-49.1333350999999;-18.666666;EPSG:4326;Brazil;;;1985;1985;1985;70;130;60;2.5;Não informado;;;;;;;;;;carbon_content;2.5;g/kg;reported_by_wosis_latest_orgc;ok;dup-000329;duplicate;removed_confirmed_duplicate:exact_scientific_match:wosis_brazil
wosis_brazil:wosis_latest_orgc:WD-WISE:1123518:36914:130-210:carbon_content;wosis_brazil;wosis_latest_orgc;WD-WISE:1123518:36914;-18.666666;-49.1333350999999;-49.1333350999999;-18.666666;EPSG:4326;Brazil;;;1985;1985;1985;130;210;80;2.1;Não informado;;;;;;;;;;carbon_content;2.1;g/kg;reported_by_wosis_latest_orgc;ok;dup-000324;duplicate;removed_confirmed_duplicate:exact_scientific_match:wosis_brazil
wosis_brazil:wosis_latest_orgc:WD-WISE:1123518:36915:210-400:carbon_content;wosis_brazil;wosis_latest_orgc;WD-WISE:1123518:36915;-18.666666;-49.1333350999999;-49.1333350999999;-18.666666;EPSG:4326;Brazil;;;1985;1985;1985;210;400;190;1.4;Não informado;;;;;;;;;;carbon_content;1.4;g/kg;reported_by_wosis_latest_orgc;ok;dup-000325;duplicate;removed_confirmed_duplicate:exact_scientific_match:wosis_brazil
wosis_brazil:wosis_latest_orgc:WD-WISE:1123518:36916:400-520:carbon_content;wosis_brazil;wosis_latest_orgc;WD-WISE:1123518:36916;-18.666666;-49.1333350999999;-49.1333350999999;-18.666666;EPSG:4326;Brazil;;;1985;1985;1985;400;520;120;1.4;Não informado;;;;;;;;;;carbon_content;1.4;g/kg;reported_by_wosis_latest_orgc;ok;dup-000328;duplicate;removed_confirmed_duplicate:exact_scientific_match:wosis_brazil
wosis_brazil:wosis_latest_orgc:WD-WISE:1123519:36917:0-15:carbon_content;wosis_brazil;wosis_latest_orgc;WD-WISE:1123519:36917;-16.3500003999999;-48.9500007999999;-48.9500007999999;-16.3500003999999;EPSG:4326;Brazil;;;1985;1985;1985;0;15;15;26.6;Não informado;;;;;;;;;;carbon_content;26.6;g/kg;reported_by_wosis_latest_orgc;ok;dup-000253;duplicate;removed_confirmed_duplicate:exact_scientific_match:wosis_brazil
wosis_brazil:wosis_latest_orgc:WD-WISE:1123519:36918:15-33:carbon_content;wosis_brazil;wosis_latest_orgc;WD-WISE:1123519:36918;-16.3500003999999;-48.9500007999999;-48.9500007999999;-16.3500003999999;EPSG:4326;Brazil;;;1985;1985;1985;15;33;18;23.1;Não informado;;;;;;;;;;carbon_content;23.1;g/kg;reported_by_wosis_latest_orgc;ok;dup-000254;duplicate;removed_confirmed_duplicate:exact_scientific_match:wosis_brazil
wosis_brazil:wosis_latest_orgc:WD-WISE:1123519:36919:33-50:carbon_content;wosis_brazil;wosis_latest_orgc;WD-WISE:1123519:36919;-16.3500003999999;-48.9500007999999;-48.9500007999999;-16.3500003999999;EPSG:4326;Brazil;;;1985;1985;1985;33;50;17;18.5;Não informado;;;;;;;;;;carbon_content;18.5;g/kg;reported_by_wosis_latest_orgc;ok;dup-000258;duplicate;removed_confirmed_duplicate:exact_scientific_match:wosis_brazil
wosis_brazil:wosis_latest_orgc:WD-WISE:1123519:36920:50-80:carbon_content;wosis_brazil;wosis_latest_orgc;WD-WISE:1123519:36920;-16.3500003999999;-48.9500007999999;-48.9500007999999;-16.3500003999999;EPSG:4326;Brazil;;;1985;1985;1985;50;80;30;13.9;Não informado;;;;;;;;;;carbon_content;13.9;g/kg;reported_by_wosis_latest_orgc;ok;dup-000259;duplicate;removed_confirmed_duplicate:exact_scientific_match:wosis_brazil
wosis_brazil:wosis_latest_orgc:WD-WISE:1123519:36921:80-156:carbon_content;wosis_brazil;wosis_latest_orgc;WD-WISE:1123519:36921;-16.3500003999999;-48.9500007999999;-48.9500007999999;-16.3500003999999;EPSG:4326;Brazil;;;1985;1985;1985;80;156;76;9.7;Não informado;;;;;;;;;;carbon_content;9.7;g/kg;reported_by_wosis_latest_orgc;ok;dup-000260;duplicate;removed_confirmed_duplicate:exact_scientific_match:wosis_brazil
wosis_brazil:wosis_latest_orgc:WD-WISE:1123519:36922:156-176:carbon_content;wosis_brazil;wosis_latest_orgc;WD-WISE:1123519:36922;-16.3500003999999;-48.9500007999999;-48.9500007999999;-16.3500003999999;EPSG:4326;Brazil;;;1985;1985;1985;156;176;20;5.2;Não informado;;;;;;;;;;carbon_content;5.2;g/kg;reported_by_wosis_latest_orgc;ok;dup-000255;duplicate;removed_confirmed_duplicate:exact_scientific_match:wosis_brazil
wosis_brazil:wosis_latest_orgc:WD-WISE:1123519:36923:176-290:carbon_content;wosis_brazil;wosis_latest_orgc;WD-WISE:1123519:36923;-16.3500003999999;-48.9500007999999;-48.9500007999999;-16.3500003999999;EPSG:4326;Brazil;;;1985;1985;1985;176;290;114;3.5;Não informado;;;;;;;;;;carbon_content;3.5;g/kg;reported_by_wosis_latest_orgc;ok;dup-000256;duplicate;removed_confirmed_duplicate:exact_scientific_match:wosis_brazil
wosis_brazil:wosis_latest_orgc:WD-WISE:1123519:36924:290-400:carbon_content;wosis_brazil;wosis_latest_orgc;WD-WISE:1123519:36924;-16.3500003999999;-48.9500007999999;-48.9500007999999;-16.3500003999999;EPSG:4326;Brazil;;;1985;1985;1985;290;400;110;2;Não informado;;;;;;;;;;carbon_content;2;g/kg;reported_by_wosis_latest_orgc;ok;dup-000257;duplicate;removed_confirmed_duplicate:exact_scientific_match:wosis_brazil
wosis_brazil:wosis_latest_orgc:WD-WISE:1123520:36925:0-15:carbon_content;wosis_brazil;wosis_latest_orgc;WD-WISE:1123520:36925;-20.5333328;-47.3666649;-47.3666649;-20.5333328;EPSG:4326;Brazil;;;1985;1985;1985;0;15;15;13.3;Não informado;;;;;;;;;;carbon_content;13.3;g/kg;reported_by_wosis_latest_orgc;ok;dup-000505;duplicate;removed_confirmed_duplicate:exact_scientific_match:wosis_brazil
wosis_brazil:wosis_latest_orgc:WD-WISE:1123520:36926:15-30:carbon_content;wosis_brazil;wosis_latest_orgc;WD-WISE:1123520:36926;-20.5333328;-47.3666649;-47.3666649;-20.5333328;EPSG:4326;Brazil;;;1985;1985;1985;15;30;15;11.3;Não informado;;;;;;;;;;carbon_content;11.3;g/kg;reported_by_wosis_latest_orgc;ok;dup-000507;duplicate;removed_confirmed_duplicate:exact_scientific_match:wosis_brazil
wosis_brazil:wosis_latest_orgc:WD-WISE:1123520:36927:30-54:carbon_content;wosis_brazil;wosis_latest_orgc;WD-WISE:1123520:36927;-20.5333328;-47.3666649;-47.3666649;-20.5333328;EPSG:4326;Brazil;;;1985;1985;1985;30;54;24;9.8;Não informado;;;;;;;;;;carbon_content;9.8;g/kg;reported_by_wosis_latest_orgc;ok;dup-000509;duplicate;removed_confirmed_duplicate:exact_scientific_match:wosis_brazil
wosis_brazil:wosis_latest_orgc:WD-WISE:1123520:36928:54-75:carbon_content;wosis_brazil;wosis_latest_orgc;WD-WISE:1123520:36928;-20.5333328;-47.3666649;-47.3666649;-20.5333328;EPSG:4326;Brazil;;;1985;1985;1985;54;75;21;8.1;Não informado;;;;;;;;;;carbon_content;8.1;g/kg;reported_by_wosis_latest_orgc;ok;dup-000510;duplicate;removed_confirmed_duplicate:exact_scientific_match:wosis_brazil
wosis_brazil:wosis_latest_orgc:WD-WISE:1123520:36929:75-120:carbon_content;wosis_brazil;wosis_latest_orgc;WD-WISE:1123520:36929;-20.5333328;-47.3666649;-47.3666649;-20.5333328;EPSG:4326;Brazil;;;1985;1985;1985;75;120;45;6.4;Não informado;;;;;;;;;;carbon_content;6.4;g/kg;reported_by_wosis_latest_orgc;ok;dup-000511;duplicate;removed_confirmed_duplicate:exact_scientific_match:wosis_brazil
wosis_brazil:wosis_latest_orgc:WD-WISE:1123520:36930:120-225:carbon_content;wosis_brazil;wosis_latest_orgc;WD-WISE:1123520:36930;-20.5333328;-47.3666649;-47.3666649;-20.5333328;EPSG:4326;Brazil;;;1985;1985;1985;120;225;105;4.4;Não informado;;;;;;;;;;carbon_content;4.4;g/kg;reported_by_wosis_latest_orgc;ok;dup-000506;duplicate;removed_confirmed_duplicate:exact_scientific_match:wosis_brazil
wosis_brazil:wosis_latest_orgc:WD-WISE:1123520:36931:225-285:carbon_content;wosis_brazil;wosis_latest_orgc;WD-WISE:1123520:36931;-20.5333328;-47.3666649;-47.3666649;-20.5333328;EPSG:4326;Brazil;;;1985;1985;1985;225;285;60;3;Não informado;;;;;;;;;;carbon_content;3;g/kg;reported_by_wosis_latest_orgc;ok;dup-000508;duplicate;removed_confirmed_duplicate:exact_scientific_match:wosis_brazil
wosis_brazil:wosis_latest_orgc:WD-WISE:1123521:36932:0-10:carbon_content;wosis_brazil;wosis_latest_orgc;WD-WISE:1123521:36932;-15.9833336;-47.9833336;-47.9833336;-15.9833336;EPSG:4326;Brazil;;;1985;1985;1985;0;10;10;41.2;Não informado;;;;;;;;;;carbon_content;41.2;g/kg;reported_by_wosis_latest_orgc;ok;dup-000236;duplicate;removed_confirmed_duplicate:exact_scientific_match:wosis_brazil
wosis_brazil:wosis_latest_orgc:WD-WISE:1123521:36933:10-30:carbon_content;wosis_brazil;wosis_latest_orgc;WD-WISE:1123521:36933;-15.9833336;-47.9833336;-47.9833336;-15.9833336;EPSG:4326;Brazil;;;1985;1985;1985;10;30;20;26.7;Não informado;;;;;;;;;;carbon_content;26.7;g/kg;reported_by_wosis_latest_orgc;ok;dup-000237;duplicate;removed_confirmed_duplicate:exact_scientific_match:wosis_brazil
wosis_brazil:wosis_latest_orgc:WD-WISE:1123521:36934:30-50:carbon_content;wosis_brazil;wosis_latest_orgc;WD-WISE:1123521:36934;-15.9833336;-47.9833336;-47.9833336;-15.9833336;EPSG:4326;Brazil;;;1985;1985;1985;30;50;20;17.5;Não informado;;;;;;;;;;carbon_content;17.5;g/kg;reported_by_wosis_latest_orgc;ok;dup-000241;duplicate;removed_confirmed_duplicate:exact_scientific_match:wosis_brazil
wosis_brazil:wosis_latest_orgc:WD-WISE:1123521:36935:50-110:carbon_content;wosis_brazil;wosis_latest_orgc;WD-WISE:1123521:36935;-15.9833336;-47.9833336;-47.9833336;-15.9833336;EPSG:4326;Brazil;;;1985;1985;1985;50;110;60;11.6;Não informado;;;;;;;;;;carbon_content;11.6;g/kg;reported_by_wosis_latest_orgc;ok;dup-000242;duplicate;removed_confirmed_duplicate:exact_scientific_match:wosis_brazil
wosis_brazil:wosis_latest_orgc:WD-WISE:1123521:36936:110-165:carbon_content;wosis_brazil;wosis_latest_orgc;WD-WISE:1123521:36936;-15.9833336;-47.9833336;-47.9833336;-15.9833336;EPSG:4326;Brazil;;;1985;1985;1985;110;165;55;9.5;Não informado;;;;;;;;;;carbon_content;9.5;g/kg;reported_by_wosis_latest_orgc;ok;dup-000238;duplicate;removed_confirmed_duplicate:exact_scientific_match:wosis_brazil
wosis_brazil:wosis_latest_orgc:WD-WISE:1123521:36937:165-285:carbon_content;wosis_brazil;wosis_latest_orgc;WD-WISE:1123521:36937;-15.9833336;-47.9833336;-47.9833336;-15.9833336;EPSG:4326;Brazil;;;1985;1985;1985;165;285;120;7.9;Não informado;;;;;;;;;;carbon_content;7.9;g/kg;reported_by_wosis_latest_orgc;ok;dup-000239;duplicate;removed_confirmed_duplicate:exact_scientific_match:wosis_brazil
wosis_brazil:wosis_latest_orgc:WD-WISE:1123521:36938:285-385:carbon_content;wosis_brazil;wosis_latest_orgc;WD-WISE:1123521:36938;-15.9833336;-47.9833336;-47.9833336;-15.9833336;EPSG:4326;Brazil;;;1985;1985;1985;285;385;100;5.5;Não informado;;;;;;;;;;carbon_content;5.5;g/kg;reported_by_wosis_latest_orgc;ok;dup-000240;duplicate;removed_confirmed_duplicate:exact_scientific_match:wosis_brazil
wosis_brazil:wosis_latest_orgc:WD-WISE:1123522:36939:0-9:carbon_content;wosis_brazil;wosis_latest_orgc;WD-WISE:1123522:36939;-16.4833336;-49.0999984999999;-49.0999984999999;-16.4833336;EPSG:4326;Brazil;;;1985;1985;1985;0;9;9;32.5;Não informado;;;;;;;;;;carbon_content;32.5;g/kg;reported_by_wosis_latest_orgc;ok;dup-000270;duplicate;removed_confirmed_duplicate:exact_scientific_match:wosis_brazil
wosis_brazil:wosis_latest_orgc:WD-WISE:1123522:36940:9-20:carbon_content;wosis_brazil;wosis_latest_orgc;WD-WISE:1123522:36940;-16.4833336;-49.0999984999999;-49.0999984999999;-16.4833336;EPSG:4326;Brazil;;;1985;1985;1985;9;20;11;16;Não informado;;;;;;;;;;carbon_content;16;g/kg;reported_by_wosis_latest_orgc;ok;dup-000277;duplicate;removed_confirmed_duplicate:exact_scientific_match:wosis_brazil
wosis_brazil:wosis_latest_orgc:WD-WISE:1123522:36941:20-35:carbon_content;wosis_brazil;wosis_latest_orgc;WD-WISE:1123522:36941;-16.4833336;-49.0999984999999;-49.0999984999999;-16.4833336;EPSG:4326;Brazil;;;1985;1985;1985;20;35;15;11.3;Não informado;;;;;;;;;;carbon_content;11.3;g/kg;reported_by_wosis_latest_orgc;ok;dup-000272;duplicate;removed_confirmed_duplicate:exact_scientific_match:wosis_brazil
wosis_brazil:wosis_latest_orgc:WD-WISE:1123522:36942:35-60:carbon_content;wosis_brazil;wosis_latest_orgc;WD-WISE:1123522:36942;-16.4833336;-49.0999984999999;-49.0999984999999;-16.4833336;EPSG:4326;Brazil;;;1985;1985;1985;35;60;25;8;Não informado;;;;;;;;;;carbon_content;8;g/kg;reported_by_wosis_latest_orgc;ok;dup-000275;duplicate;removed_confirmed_duplicate:exact_scientific_match:wosis_brazil
wosis_brazil:wosis_latest_orgc:WD-WISE:1123522:36943:60-90:carbon_content;wosis_brazil;wosis_latest_orgc;WD-WISE:1123522:36943;-16.4833336;-49.0999984999999;-49.0999984999999;-16.4833336;EPSG:4326;Brazil;;;1985;1985;1985;60;90;30;5.5;Não informado;;;;;;;;;;carbon_content;5.5;g/kg;reported_by_wosis_latest_orgc;ok;dup-000276;duplicate;removed_confirmed_duplicate:exact_scientific_match:wosis_brazil
wosis_brazil:wosis_latest_orgc:WD-WISE:1123522:36944:90-177:carbon_content;wosis_brazil;wosis_latest_orgc;WD-WISE:1123522:36944;-16.4833336;-49.0999984999999;-49.0999984999999;-16.4833336;EPSG:4326;Brazil;;;1985;1985;1985;90;177;87;3.9;Não informado;;;;;;;;;;carbon_content;3.9;g/kg;reported_by_wosis_latest_orgc;ok;dup-000278;duplicate;removed_confirmed_duplicate:exact_scientific_match:wosis_brazil
wosis_brazil:wosis_latest_orgc:WD-WISE:1123522:36945:177-205:carbon_content;wosis_brazil;wosis_latest_orgc;WD-WISE:1123522:36945;-16.4833336;-49.0999984999999;-49.0999984999999;-16.4833336;EPSG:4326;Brazil;;;1985;1985;1985;177;205;28;2.3;Não informado;;;;;;;;;;carbon_content;2.3;g/kg;reported_by_wosis_latest_orgc;ok;dup-000271;duplicate;removed_confirmed_duplicate:exact_scientific_match:wosis_brazil
wosis_brazil:wosis_latest_orgc:WD-WISE:1123522:36946:205-335:carbon_content;wosis_brazil;wosis_latest_orgc;WD-WISE:1123522:36946;-16.4833336;-49.0999984999999;-49.0999984999999;-16.4833336;EPSG:4326;Brazil;;;1985;1985;1985;205;335;130;2.1;Não informado;;;;;;;;;;carbon_content;2.1;g/kg;reported_by_wosis_latest_orgc;ok;dup-000273;duplicate;removed_confirmed_duplicate:exact_scientific_match:wosis_brazil
wosis_brazil:wosis_latest_orgc:WD-WISE:1123522:36947:335-400:carbon_content;wosis_brazil;wosis_latest_orgc;WD-WISE:1123522:36947;-16.4833336;-49.0999984999999;-49.0999984999999;-16.4833336;EPSG:4326;Brazil;;;1985;1985;1985;335;400;65;1.3;Não informado;;;;;;;;;;carbon_content;1.3;g/kg;reported_by_wosis_latest_orgc;ok;dup-000274;duplicate;removed_confirmed_duplicate:exact_scientific_match:wosis_brazil
wosis_brazil:wosis_latest_orgc:WD-WISE:1123523:36948:0-11:carbon_content;wosis_brazil;wosis_latest_orgc;WD-WISE:1123523:36948;-22.5666675999999;-47.5833321;-47.5833321;-22.5666675999999;EPSG:4326;Brazil;;;1985;1985;1985;0;11;11;45.4;Não informado;;;;;;;;;;carbon_content;45.4;g/kg;reported_by_wosis_latest_orgc;ok;dup-000681;duplicate;removed_confirmed_duplicate:exact_scientific_match:wosis_brazil
wosis_brazil:wosis_latest_orgc:WD-WISE:1123523:36949:11-19:carbon_content;wosis_brazil;wosis_latest_orgc;WD-WISE:1123523:36949;-22.5666675999999;-47.5833321;-47.5833321;-22.5666675999999;EPSG:4326;Brazil;;;1985;1985;1985;11;19;8;20.1;Não informado;;;;;;;;;;carbon_content;20.1;g/kg;reported_by_wosis_latest_orgc;ok;dup-000682;duplicate;removed_confirmed_duplicate:exact_scientific_match:wosis_brazil
wosis_brazil:wosis_latest_orgc:WD-WISE:1123523:36950:19-43:carbon_content;wosis_brazil;wosis_latest_orgc;WD-WISE:1123523:36950;-22.5666675999999;-47.5833321;-47.5833321;-22.5666675999999;EPSG:4326;Brazil;;;1985;1985;1985;19;43;24;11.5;Não informado;;;;;;;;;;carbon_content;11.5;g/kg;reported_by_wosis_latest_orgc;ok;dup-000683;duplicate;removed_confirmed_duplicate:exact_scientific_match:wosis_brazil
wosis_brazil:wosis_latest_orgc:WD-WISE:1123523:36951:43-78:carbon_content;wosis_brazil;wosis_latest_orgc;WD-WISE:1123523:36951;-22.5666675999999;-47.5833321;-47.5833321;-22.5666675999999;EPSG:4326;Brazil;;;1985;1985;1985;43;78;35;8.2;Não informado;;;;;;;;;;carbon_content;8.2;g/kg;reported_by_wosis_latest_orgc;ok;dup-000686;duplicate;removed_confirmed_duplicate:exact_scientific_match:wosis_brazil
wosis_brazil:wosis_latest_orgc:WD-WISE:1123523:36952:78-190:carbon_content;wosis_brazil;wosis_latest_orgc;WD-WISE:1123523:36952;-22.5666675999999;-47.5833321;-47.5833321;-22.5666675999999;EPSG:4326;Brazil;;;1985;1985;1985;78;190;112;4.7;Não informado;;;;;;;;;;carbon_content;4.7;g/kg;reported_by_wosis_latest_orgc;ok;dup-000687;duplicate;removed_confirmed_duplicate:exact_scientific_match:wosis_brazil
wosis_brazil:wosis_latest_orgc:WD-WISE:1123523:36953:190-290:carbon_content;wosis_brazil;wosis_latest_orgc;WD-WISE:1123523:36953;-22.5666675999999;-47.5833321;-47.5833321;-22.5666675999999;EPSG:4326;Brazil;;;1985;1985;1985;190;290;100;2.5;Não informado;;;;;;;;;;carbon_content;2.5;g/kg;reported_by_wosis_latest_orgc;ok;dup-000684;duplicate;removed_confirmed_duplicate:exact_scientific_match:wosis_brazil
wosis_brazil:wosis_latest_orgc:WD-WISE:1123523:36954:290-320:carbon_content;wosis_brazil;wosis_latest_orgc;WD-WISE:1123523:36954;-22.5666675999999;-47.5833321;-47.5833321;-22.5666675999999;EPSG:4326;Brazil;;;1985;1985;1985;290;320;30;1.8;Não informado;;;;;;;;;;carbon_content;1.8;g/kg;reported_by_wosis_latest_orgc;ok;dup-000685;duplicate;removed_confirmed_duplicate:exact_scientific_match:wosis_brazil
wosis_brazil:wosis_latest_orgc:WD-WISE:1123526:36966:0-10:carbon_content;wosis_brazil;wosis_latest_orgc;WD-WISE:1123526:36966;-18.916666;-47.2833327999999;-47.2833327999999;-18.916666;EPSG:4326;Brazil;;;1985;1985;1985;0;10;10;24.1;Não informado;;;;;;;;;;carbon_content;24.1;g/kg;reported_by_wosis_latest_orgc;ok;dup-000339;duplicate;removed_confirmed_duplicate:exact_scientific_match:wosis_brazil
wosis_brazil:wosis_latest_orgc:WD-WISE:1123526:36967:10-30:carbon_content;wosis_brazil;wosis_latest_orgc;WD-WISE:1123526:36967;-18.916666;-47.2833327999999;-47.2833327999999;-18.916666;EPSG:4326;Brazil;;;1985;1985;1985;10;30;20;15.9;Não informado;;;;;;;;;;carbon_content;15.9;g/kg;reported_by_wosis_latest_orgc;ok;dup-000340;duplicate;removed_confirmed_duplicate:exact_scientific_match:wosis_brazil
wosis_brazil:wosis_latest_orgc:WD-WISE:1123526:36968:30-48:carbon_content;wosis_brazil;wosis_latest_orgc;WD-WISE:1123526:36968;-18.916666;-47.2833327999999;-47.2833327999999;-18.916666;EPSG:4326;Brazil;;;1985;1985;1985;30;48;18;8.8;Não informado;;;;;;;;;;carbon_content;8.8;g/kg;reported_by_wosis_latest_orgc;ok;dup-000341;duplicate;removed_confirmed_duplicate:exact_scientific_match:wosis_brazil
wosis_brazil:wosis_latest_orgc:WD-WISE:1123526:36969:48-77:carbon_content;wosis_brazil;wosis_latest_orgc;WD-WISE:1123526:36969;-18.916666;-47.2833327999999;-47.2833327999999;-18.916666;EPSG:4326;Brazil;;;1985;1985;1985;48;77;29;5.8;Não informado;;;;;;;;;;carbon_content;5.8;g/kg;reported_by_wosis_latest_orgc;ok;dup-000342;duplicate;removed_confirmed_duplicate:exact_scientific_match:wosis_brazil
wosis_brazil:wosis_latest_orgc:WD-WISE:1123528:36983:0-10:carbon_content;wosis_brazil;wosis_latest_orgc;WD-WISE:1123528:36983;-22.9333324;-46.4666672;-46.4666672;-22.9333324;EPSG:4326;Brazil;;;1985;1985;1985;0;10;10;59.5;Não informado;;;;;;;;;;carbon_content;59.5;g/kg;reported_by_wosis_latest_orgc;ok;dup-000810;duplicate;removed_confirmed_duplicate:exact_scientific_match:wosis_brazil
wosis_brazil:wosis_latest_orgc:WD-WISE:1123528:36984:10-43:carbon_content;wosis_brazil;wosis_latest_orgc;WD-WISE:1123528:36984;-22.9333324;-46.4666672;-46.4666672;-22.9333324;EPSG:4326;Brazil;;;1985;1985;1985;10;43;33;39.8;Não informado;;;;;;;;;;carbon_content;39.8;g/kg;reported_by_wosis_latest_orgc;ok;dup-000811;duplicate;removed_confirmed_duplicate:exact_scientific_match:wosis_brazil
wosis_brazil:wosis_latest_orgc:WD-WISE:1123528:36985:43-113:carbon_content;wosis_brazil;wosis_latest_orgc;WD-WISE:1123528:36985;-22.9333324;-46.4666672;-46.4666672;-22.9333324;EPSG:4326;Brazil;;;1985;1985;1985;43;113;70;20.1;Não informado;;;;;;;;;;carbon_content;20.1;g/kg;reported_by_wosis_latest_orgc;ok;dup-000817;duplicate;removed_confirmed_duplicate:exact_scientific_match:wosis_brazil
wosis_brazil:wosis_latest_orgc:WD-WISE:1123528:36986:113-155:carbon_content;wosis_brazil;wosis_latest_orgc;WD-WISE:1123528:36986;-22.9333324;-46.4666672;-46.4666672;-22.9333324;EPSG:4326;Brazil;;;1985;1985;1985;113;155;42;13;Não informado;;;;;;;;;;carbon_content;13;g/kg;reported_by_wosis_latest_orgc;ok;dup-000812;duplicate;removed_confirmed_duplicate:exact_scientific_match:wosis_brazil
wosis_brazil:wosis_latest_orgc:WD-WISE:1123528:36987:155-205:carbon_content;wosis_brazil;wosis_latest_orgc;WD-WISE:1123528:36987;-22.9333324;-46.4666672;-46.4666672;-22.9333324;EPSG:4326;Brazil;;;1985;1985;1985;155;205;50;8.1;Não informado;;;;;;;;;;carbon_content;8.1;g/kg;reported_by_wosis_latest_orgc;ok;dup-000813;duplicate;removed_confirmed_duplicate:exact_scientific_match:wosis_brazil
wosis_brazil:wosis_latest_orgc:WD-WISE:1123528:36988:205-280:carbon_content;wosis_brazil;wosis_latest_orgc;WD-WISE:1123528:36988;-22.9333324;-46.4666672;-46.4666672;-22.9333324;EPSG:4326;Brazil;;;1985;1985;1985;205;280;75;3.7;Não informado;;;;;;;;;;carbon_content;3.7;g/kg;reported_by_wosis_latest_orgc;ok;dup-000814;duplicate;removed_confirmed_duplicate:exact_scientific_match:wosis_brazil
wosis_brazil:wosis_latest_orgc:WD-WISE:1123528:36989:280-330:carbon_content;wosis_brazil;wosis_latest_orgc;WD-WISE:1123528:36989;-22.9333324;-46.4666672;-46.4666672;-22.9333324;EPSG:4326;Brazil;;;1985;1985;1985;280;330;50;3;Não informado;;;;;;;;;;carbon_content;3;g/kg;reported_by_wosis_latest_orgc;ok;dup-000815;duplicate;removed_confirmed_duplicate:exact_scientific_match:wosis_brazil
wosis_brazil:wosis_latest_orgc:WD-WISE:1123528:36990:330-430:carbon_content;wosis_brazil;wosis_latest_orgc;WD-WISE:1123528:36990;-22.9333324;-46.4666672;-46.4666672;-22.9333324;EPSG:4326;Brazil;;;1985;1985;1985;330;430;100;2.4;Não informado;;;;;;;;;;carbon_content;2.4;g/kg;reported_by_wosis_latest_orgc;ok;dup-000816;duplicate;removed_confirmed_duplicate:exact_scientific_match:wosis_brazil
wosis_brazil:wosis_latest_orgc:WD-WISE:1123529:36991:0-10:carbon_content;wosis_brazil;wosis_latest_orgc;WD-WISE:1123529:36991;-19.2833328;-46.1500015;-46.1500015;-19.2833328;EPSG:4326;Brazil;;;1985;1985;1985;0;10;10;39.5;Não informado;;;;;;;;;;carbon_content;39.5;g/kg;reported_by_wosis_latest_orgc;ok;dup-000376;duplicate;removed_confirmed_duplicate:exact_scientific_match:wosis_brazil
wosis_brazil:wosis_latest_orgc:WD-WISE:1123529:36992:10-25:carbon_content;wosis_brazil;wosis_latest_orgc;WD-WISE:1123529:36992;-19.2833328;-46.1500015;-46.1500015;-19.2833328;EPSG:4326;Brazil;;;1985;1985;1985;10;25;15;30.4;Não informado;;;;;;;;;;carbon_content;30.4;g/kg;reported_by_wosis_latest_orgc;ok;dup-000377;duplicate;removed_confirmed_duplicate:exact_scientific_match:wosis_brazil
wosis_brazil:wosis_latest_orgc:WD-WISE:1123529:36993:25-40:carbon_content;wosis_brazil;wosis_latest_orgc;WD-WISE:1123529:36993;-19.2833328;-46.1500015;-46.1500015;-19.2833328;EPSG:4326;Brazil;;;1985;1985;1985;25;40;15;22.7;Não informado;;;;;;;;;;carbon_content;22.7;g/kg;reported_by_wosis_latest_orgc;ok;dup-000381;duplicate;removed_confirmed_duplicate:exact_scientific_match:wosis_brazil
wosis_brazil:wosis_latest_orgc:WD-WISE:1123529:36994:40-60:carbon_content;wosis_brazil;wosis_latest_orgc;WD-WISE:1123529:36994;-19.2833328;-46.1500015;-46.1500015;-19.2833328;EPSG:4326;Brazil;;;1985;1985;1985;40;60;20;19;Não informado;;;;;;;;;;carbon_content;19;g/kg;reported_by_wosis_latest_orgc;ok;dup-000382;duplicate;removed_confirmed_duplicate:exact_scientific_match:wosis_brazil
wosis_brazil:wosis_latest_orgc:WD-WISE:1123529:36995:60-104:carbon_content;wosis_brazil;wosis_latest_orgc;WD-WISE:1123529:36995;-19.2833328;-46.1500015;-46.1500015;-19.2833328;EPSG:4326;Brazil;;;1985;1985;1985;60;104;44;15.3;Não informado;;;;;;;;;;carbon_content;15.3;g/kg;reported_by_wosis_latest_orgc;ok;dup-000383;duplicate;removed_confirmed_duplicate:exact_scientific_match:wosis_brazil
wosis_brazil:wosis_latest_orgc:WD-WISE:1123529:36996:104-154:carbon_content;wosis_brazil;wosis_latest_orgc;WD-WISE:1123529:36996;-19.2833328;-46.1500015;-46.1500015;-19.2833328;EPSG:4326;Brazil;;;1985;1985;1985;104;154;50;12.3;Não informado;;;;;;;;;;carbon_content;12.3;g/kg;reported_by_wosis_latest_orgc;ok;dup-000378;duplicate;removed_confirmed_duplicate:exact_scientific_match:wosis_brazil
wosis_brazil:wosis_latest_orgc:WD-WISE:1123529:36997:154-239:carbon_content;wosis_brazil;wosis_latest_orgc;WD-WISE:1123529:36997;-19.2833328;-46.1500015;-46.1500015;-19.2833328;EPSG:4326;Brazil;;;1985;1985;1985;154;239;85;8.5;Não informado;;;;;;;;;;carbon_content;8.5;g/kg;reported_by_wosis_latest_orgc;ok;dup-000379;duplicate;removed_confirmed_duplicate:exact_scientific_match:wosis_brazil
wosis_brazil:wosis_latest_orgc:WD-WISE:1123529:36998:239-280:carbon_content;wosis_brazil;wosis_latest_orgc;WD-WISE:1123529:36998;-19.2833328;-46.1500015;-46.1500015;-19.2833328;EPSG:4326;Brazil;;;1985;1985;1985;239;280;41;6;Não informado;;;;;;;;;;carbon_content;6;g/kg;reported_by_wosis_latest_orgc;ok;dup-000380;duplicate;removed_confirmed_duplicate:exact_scientific_match:wosis_brazil
wosis_brazil:wosis_latest_orgc:WD-WISE:1123530:36999:0-25:carbon_content;wosis_brazil;wosis_latest_orgc;WD-WISE:1123530:36999;-18.4333324;-49.1833344;-49.1833344;-18.4333324;EPSG:4326;Brazil;;;1985;1985;1985;0;25;25;27.8;Não informado;;;;;;;;;;carbon_content;27.8;g/kg;reported_by_wosis_latest_orgc;ok;dup-000302;duplicate;removed_confirmed_duplicate:exact_scientific_match:wosis_brazil
wosis_brazil:wosis_latest_orgc:WD-WISE:1123530:37000:25-40:carbon_content;wosis_brazil;wosis_latest_orgc;WD-WISE:1123530:37000;-18.4333324;-49.1833344;-49.1833344;-18.4333324;EPSG:4326;Brazil;;;1985;1985;1985;25;40;15;22.3;Não informado;;;;;;;;;;carbon_content;22.3;g/kg;reported_by_wosis_latest_orgc;ok;dup-000305;duplicate;removed_confirmed_duplicate:exact_scientific_match:wosis_brazil
wosis_brazil:wosis_latest_orgc:WD-WISE:1123530:37001:40-64:carbon_content;wosis_brazil;wosis_latest_orgc;WD-WISE:1123530:37001;-18.4333324;-49.1833344;-49.1833344;-18.4333324;EPSG:4326;Brazil;;;1985;1985;1985;40;64;24;12;Não informado;;;;;;;;;;carbon_content;12;g/kg;reported_by_wosis_latest_orgc;ok;dup-000307;duplicate;removed_confirmed_duplicate:exact_scientific_match:wosis_brazil
wosis_brazil:wosis_latest_orgc:WD-WISE:1123530:37002:64-110:carbon_content;wosis_brazil;wosis_latest_orgc;WD-WISE:1123530:37002;-18.4333324;-49.1833344;-49.1833344;-18.4333324;EPSG:4326;Brazil;;;1985;1985;1985;64;110;46;8.6;Não informado;;;;;;;;;;carbon_content;8.6;g/kg;reported_by_wosis_latest_orgc;ok;dup-000309;duplicate;removed_confirmed_duplicate:exact_scientific_match:wosis_brazil
wosis_brazil:wosis_latest_orgc:WD-WISE:1123530:37003:110-210:carbon_content;wosis_brazil;wosis_latest_orgc;WD-WISE:1123530:37003;-18.4333324;-49.1833344;-49.1833344;-18.4333324;EPSG:4326;Brazil;;;1985;1985;1985;110;210;100;5.3;Não informado;;;;;;;;;;carbon_content;5.3;g/kg;reported_by_wosis_latest_orgc;ok;dup-000303;duplicate;removed_confirmed_duplicate:exact_scientific_match:wosis_brazil
wosis_brazil:wosis_latest_orgc:WD-WISE:1123530:37004:210-310:carbon_content;wosis_brazil;wosis_latest_orgc;WD-WISE:1123530:37004;-18.4333324;-49.1833344;-49.1833344;-18.4333324;EPSG:4326;Brazil;;;1985;1985;1985;210;310;100;3.7;Não informado;;;;;;;;;;carbon_content;3.7;g/kg;reported_by_wosis_latest_orgc;ok;dup-000304;duplicate;removed_confirmed_duplicate:exact_scientific_match:wosis_brazil
wosis_brazil:wosis_latest_orgc:WD-WISE:1123530:37005:310-420:carbon_content;wosis_brazil;wosis_latest_orgc;WD-WISE:1123530:37005;-18.4333324;-49.1833344;-49.1833344;-18.4333324;EPSG:4326;Brazil;;;1985;1985;1985;310;420;110;2.6;Não informado;;;;;;;;;;carbon_content;2.6;g/kg;reported_by_wosis_latest_orgc;ok;dup-000306;duplicate;removed_confirmed_duplicate:exact_scientific_match:wosis_brazil
wosis_brazil:wosis_latest_orgc:WD-WISE:1123530:37006:420-450:carbon_content;wosis_brazil;wosis_latest_orgc;WD-WISE:1123530:37006;-18.4333324;-49.1833344;-49.1833344;-18.4333324;EPSG:4326;Brazil;;;1985;1985;1985;420;450;30;2.2;Não informado;;;;;;;;;;carbon_content;2.2;g/kg;reported_by_wosis_latest_orgc;ok;dup-000308;duplicate;removed_confirmed_duplicate:exact_scientific_match:wosis_brazil
wosis_brazil:wosis_latest_orgc:WD-WISE:1123532:37013:0-23:carbon_content;wosis_brazil;wosis_latest_orgc;WD-WISE:1123532:37013;-16.3999996;-49.0;-49.0;-16.3999996;EPSG:4326;Brazil;;;1985;1985;1985;0;23;23;39.7;Não informado;;;;;;;;;;carbon_content;39.7;g/kg;reported_by_wosis_latest_orgc;ok;dup-000261;duplicate;removed_confirmed_duplicate:exact_scientific_match:wosis_brazil
wosis_brazil:wosis_latest_orgc:WD-WISE:1123532:37014:23-40:carbon_content;wosis_brazil;wosis_latest_orgc;WD-WISE:1123532:37014;-16.3999996;-49.0;-49.0;-16.3999996;EPSG:4326;Brazil;;;1985;1985;1985;23;40;17;19.9;Não informado;;;;;;;;;;carbon_content;19.9;g/kg;reported_by_wosis_latest_orgc;ok;dup-000264;duplicate;removed_confirmed_duplicate:exact_scientific_match:wosis_brazil
wosis_brazil:wosis_latest_orgc:WD-WISE:1123532:37015:40-58:carbon_content;wosis_brazil;wosis_latest_orgc;WD-WISE:1123532:37015;-16.3999996;-49.0;-49.0;-16.3999996;EPSG:4326;Brazil;;;1985;1985;1985;40;58;18;12.9;Não informado;;;;;;;;;;carbon_content;12.9;g/kg;reported_by_wosis_latest_orgc;ok;dup-000266;duplicate;removed_confirmed_duplicate:exact_scientific_match:wosis_brazil
wosis_brazil:wosis_latest_orgc:WD-WISE:1123532:37016:58-95:carbon_content;wosis_brazil;wosis_latest_orgc;WD-WISE:1123532:37016;-16.3999996;-49.0;-49.0;-16.3999996;EPSG:4326;Brazil;;;1985;1985;1985;58;95;37;8.9;Não informado;;;;;;;;;;carbon_content;8.9;g/kg;reported_by_wosis_latest_orgc;ok;dup-000268;duplicate;removed_confirmed_duplicate:exact_scientific_match:wosis_brazil
wosis_brazil:wosis_latest_orgc:WD-WISE:1123532:37017:95-130:carbon_content;wosis_brazil;wosis_latest_orgc;WD-WISE:1123532:37017;-16.3999996;-49.0;-49.0;-16.3999996;EPSG:4326;Brazil;;;1985;1985;1985;95;130;35;6.8;Não informado;;;;;;;;;;carbon_content;6.8;g/kg;reported_by_wosis_latest_orgc;ok;dup-000269;duplicate;removed_confirmed_duplicate:exact_scientific_match:wosis_brazil
wosis_brazil:wosis_latest_orgc:WD-WISE:1123532:37018:130-200:carbon_content;wosis_brazil;wosis_latest_orgc;WD-WISE:1123532:37018;-16.3999996;-49.0;-49.0;-16.3999996;EPSG:4326;Brazil;;;1985;1985;1985;130;200;70;5.3;Não informado;;;;;;;;;;carbon_content;5.3;g/kg;reported_by_wosis_latest_orgc;ok;dup-000262;duplicate;removed_confirmed_duplicate:exact_scientific_match:wosis_brazil
wosis_brazil:wosis_latest_orgc:WD-WISE:1123532:37019:200-275:carbon_content;wosis_brazil;wosis_latest_orgc;WD-WISE:1123532:37019;-16.3999996;-49.0;-49.0;-16.3999996;EPSG:4326;Brazil;;;1985;1985;1985;200;275;75;4.2;Não informado;;;;;;;;;;carbon_content;4.2;g/kg;reported_by_wosis_latest_orgc;ok;dup-000263;duplicate;removed_confirmed_duplicate:exact_scientific_match:wosis_brazil
wosis_brazil:wosis_latest_orgc:WD-WISE:1123532:37020:275-410:carbon_content;wosis_brazil;wosis_latest_orgc;WD-WISE:1123532:37020;-16.3999996;-49.0;-49.0;-16.3999996;EPSG:4326;Brazil;;;1985;1985;1985;275;410;135;3.2;Não informado;;;;;;;;;;carbon_content;3.2;g/kg;reported_by_wosis_latest_orgc;ok;dup-000265;duplicate;removed_confirmed_duplicate:exact_scientific_match:wosis_brazil
wosis_brazil:wosis_latest_orgc:WD-WISE:1123532:37021:410-430:carbon_content;wosis_brazil;wosis_latest_orgc;WD-WISE:1123532:37021;-16.3999996;-49.0;-49.0;-16.3999996;EPSG:4326;Brazil;;;1985;1985;1985;410;430;20;2.1;Não informado;;;;;;;;;;carbon_content;2.1;g/kg;reported_by_wosis_latest_orgc;ok;dup-000267;duplicate;removed_confirmed_duplicate:exact_scientific_match:wosis_brazil
wosis_brazil:wosis_latest_orgc:WD-WISE:1124521:42137:0-9:carbon_content;wosis_brazil;wosis_latest_orgc;WD-WISE:1124521:42137;-7.266666666666667;-37.0;-37.0;-7.266666666666667;EPSG:4326;Brazil;;;1986;1986;1986;0;9;9;11.6;Não informado;;;;;;;;;;carbon_content;11.6;g/kg;reported_by_wosis_latest_orgc;ok;dup-001282;duplicate;removed_confirmed_duplicate:exact_scientific_match:wosis_brazil
wosis_brazil:wosis_latest_orgc:WD-WISE:1124521:42138:9-27:carbon_content;wosis_brazil;wosis_latest_orgc;WD-WISE:1124521:42138;-7.266666666666667;-37.0;-37.0;-7.266666666666667;EPSG:4326;Brazil;;;1986;1986;1986;9;27;18;7.2;Não informado;;;;;;;;;;carbon_content;7.2;g/kg;reported_by_wosis_latest_orgc;ok;dup-001286;duplicate;removed_confirmed_duplicate:exact_scientific_match:wosis_brazil
wosis_brazil:wosis_latest_orgc:WD-WISE:1124521:42139:27-60:carbon_content;wosis_brazil;wosis_latest_orgc;WD-WISE:1124521:42139;-7.266666666666667;-37.0;-37.0;-7.266666666666667;EPSG:4326;Brazil;;;1986;1986;1986;27;60;33;2.8;Não informado;;;;;;;;;;carbon_content;2.8;g/kg;reported_by_wosis_latest_orgc;ok;dup-001283;duplicate;removed_confirmed_duplicate:exact_scientific_match:wosis_brazil
wosis_brazil:wosis_latest_orgc:WD-WISE:1124521:42140:60-70:carbon_content;wosis_brazil;wosis_latest_orgc;WD-WISE:1124521:42140;-7.266666666666667;-37.0;-37.0;-7.266666666666667;EPSG:4326;Brazil;;;1986;1986;1986;60;70;10;1.9;Não informado;;;;;;;;;;carbon_content;1.9;g/kg;reported_by_wosis_latest_orgc;ok;dup-001284;duplicate;removed_confirmed_duplicate:exact_scientific_match:wosis_brazil
wosis_brazil:wosis_latest_orgc:WD-WISE:1124521:42141:70-110:carbon_content;wosis_brazil;wosis_latest_orgc;WD-WISE:1124521:42141;-7.266666666666667;-37.0;-37.0;-7.266666666666667;EPSG:4326;Brazil;;;1986;1986;1986;70;110;40;0.4;Não informado;;;;;;;;;;carbon_content;0.4;g/kg;reported_by_wosis_latest_orgc;ok;dup-001285;duplicate;removed_confirmed_duplicate:exact_scientific_match:wosis_brazil
wosis_brazil:wosis_latest_orgc:WD-WISE:1124523:42147:0-15:carbon_content;wosis_brazil;wosis_latest_orgc;WD-WISE:1124523:42147;-23.666666666666668;-51.166666666666664;-51.166666666666664;-23.666666666666668;EPSG:4326;Brazil;;;1977;1977;1977;0;15;15;28.4;Não informado;;;;;;;;;;carbon_content;28.4;g/kg;reported_by_wosis_latest_orgc;ok;dup-000837;duplicate;removed_confirmed_duplicate:exact_scientific_match:wosis_brazil
wosis_brazil:wosis_latest_orgc:WD-WISE:1124523:42152:200-275:carbon_content;wosis_brazil;wosis_latest_orgc;WD-WISE:1124523:42152;-23.666666666666668;-51.166666666666664;-51.166666666666664;-23.666666666666668;EPSG:4326;Brazil;;;1977;1977;1977;200;275;75;1.9;Não informado;;;;;;;;;;carbon_content;1.9;g/kg;reported_by_wosis_latest_orgc;ok;dup-000838;duplicate;removed_confirmed_duplicate:exact_scientific_match:wosis_brazil
wosis_brazil:wosis_latest_orgc:WD-WISE:1124534:42217:0-16:carbon_content;wosis_brazil;wosis_latest_orgc;WD-WISE:1124534:42217;-25.1;-51.53333333333333;-51.53333333333333;-25.1;EPSG:4326;Brazil;;;1983;1983;1983;0;16;16;36.9;Não informado;;;;;;;;;;carbon_content;36.9;g/kg;reported_by_wosis_latest_orgc;ok;dup-000877;duplicate;removed_confirmed_duplicate:exact_scientific_match:wosis_brazil
wosis_brazil:wosis_latest_orgc:WD-WISE:1124534:42218:16-41:carbon_content;wosis_brazil;wosis_latest_orgc;WD-WISE:1124534:42218;-25.1;-51.53333333333333;-51.53333333333333;-25.1;EPSG:4326;Brazil;;;1983;1983;1983;16;41;25;22.6;Não informado;;;;;;;;;;carbon_content;22.6;g/kg;reported_by_wosis_latest_orgc;ok;dup-000878;duplicate;removed_confirmed_duplicate:exact_scientific_match:wosis_brazil
wosis_brazil:wosis_latest_orgc:WD-WISE:1124534:42219:41-80:carbon_content;wosis_brazil;wosis_latest_orgc;WD-WISE:1124534:42219;-25.1;-51.53333333333333;-51.53333333333333;-25.1;EPSG:4326;Brazil;;;1983;1983;1983;41;80;39;18.5;Não informado;;;;;;;;;;carbon_content;18.5;g/kg;reported_by_wosis_latest_orgc;ok;dup-000879;duplicate;removed_confirmed_duplicate:exact_scientific_match:wosis_brazil
wosis_brazil:wosis_latest_orgc:WD-WISE:1124543:42278:0-14:carbon_content;wosis_brazil;wosis_latest_orgc;WD-WISE:1124543:42278;-7.733333333333333;-35.25;-35.25;-7.733333333333333;EPSG:4326;Brazil;;;1986;1986;1986;0;14;14;24.6;Não informado;;;;;;;;;;carbon_content;24.6;g/kg;reported_by_wosis_latest_orgc;ok;dup-001374;duplicate;removed_confirmed_duplicate:exact_scientific_match:wosis_brazil
wosis_brazil:wosis_latest_orgc:WD-WISE:1124543:42279:14-45:carbon_content;wosis_brazil;wosis_latest_orgc;WD-WISE:1124543:42279;-7.733333333333333;-35.25;-35.25;-7.733333333333333;EPSG:4326;Brazil;;;1986;1986;1986;14;45;31;18;Não informado;;;;;;;;;;carbon_content;18;g/kg;reported_by_wosis_latest_orgc;ok;dup-001377;duplicate;removed_confirmed_duplicate:exact_scientific_match:wosis_brazil
wosis_brazil:wosis_latest_orgc:WD-WISE:1124543:42280:45-58:carbon_content;wosis_brazil;wosis_latest_orgc;WD-WISE:1124543:42280;-7.733333333333333;-35.25;-35.25;-7.733333333333333;EPSG:4326;Brazil;;;1986;1986;1986;45;58;13;16.7;Não informado;;;;;;;;;;carbon_content;16.7;g/kg;reported_by_wosis_latest_orgc;ok;dup-001378;duplicate;removed_confirmed_duplicate:exact_scientific_match:wosis_brazil
wosis_brazil:wosis_latest_orgc:WD-WISE:1124543:42281:58-82:carbon_content;wosis_brazil;wosis_latest_orgc;WD-WISE:1124543:42281;-7.733333333333333;-35.25;-35.25;-7.733333333333333;EPSG:4326;Brazil;;;1986;1986;1986;58;82;24;6.4;Não informado;;;;;;;;;;carbon_content;6.4;g/kg;reported_by_wosis_latest_orgc;ok;dup-001379;duplicate;removed_confirmed_duplicate:exact_scientific_match:wosis_brazil
wosis_brazil:wosis_latest_orgc:WD-WISE:1124543:42282:82-105:carbon_content;wosis_brazil;wosis_latest_orgc;WD-WISE:1124543:42282;-7.733333333333333;-35.25;-35.25;-7.733333333333333;EPSG:4326;Brazil;;;1986;1986;1986;82;105;23;3.1;Não informado;;;;;;;;;;carbon_content;3.1;g/kg;reported_by_wosis_latest_orgc;ok;dup-001380;duplicate;removed_confirmed_duplicate:exact_scientific_match:wosis_brazil
wosis_brazil:wosis_latest_orgc:WD-WISE:1124543:42283:105-125:carbon_content;wosis_brazil;wosis_latest_orgc;WD-WISE:1124543:42283;-7.733333333333333;-35.25;-35.25;-7.733333333333333;EPSG:4326;Brazil;;;1986;1986;1986;105;125;20;1.2;Não informado;;;;;;;;;;carbon_content;1.2;g/kg;reported_by_wosis_latest_orgc;ok;dup-001375;duplicate;removed_confirmed_duplicate:exact_scientific_match:wosis_brazil
wosis_brazil:wosis_latest_orgc:WD-WISE:1124543:42284:125-150:carbon_content;wosis_brazil;wosis_latest_orgc;WD-WISE:1124543:42284;-7.733333333333333;-35.25;-35.25;-7.733333333333333;EPSG:4326;Brazil;;;1986;1986;1986;125;150;25;0.5;Não informado;;;;;;;;;;carbon_content;0.5;g/kg;reported_by_wosis_latest_orgc;ok;dup-001376;duplicate;removed_confirmed_duplicate:exact_scientific_match:wosis_brazil
wosis_brazil:wosis_latest_orgc:WD-WISE:1124573:42464:0-12:carbon_content;wosis_brazil;wosis_latest_orgc;WD-WISE:1124573:42464;-15.908888888888889;-47.833333333333336;-47.833333333333336;-15.908888888888889;EPSG:4326;Brazil;;;1986;1986;1986;0;12;12;28.9;Não informado;;;;;;;;;;carbon_content;28.9;g/kg;reported_by_wosis_latest_orgc;ok;dup-000227;duplicate;removed_confirmed_duplicate:exact_scientific_match:wosis_brazil
wosis_brazil:wosis_latest_orgc:WD-WISE:1124573:42465:12-35:carbon_content;wosis_brazil;wosis_latest_orgc;WD-WISE:1124573:42465;-15.908888888888889;-47.833333333333336;-47.833333333333336;-15.908888888888889;EPSG:4326;Brazil;;;1986;1986;1986;12;35;23;17.4;Não informado;;;;;;;;;;carbon_content;17.4;g/kg;reported_by_wosis_latest_orgc;ok;dup-000229;duplicate;removed_confirmed_duplicate:exact_scientific_match:wosis_brazil
wosis_brazil:wosis_latest_orgc:WD-WISE:1124573:42466:35-60:carbon_content;wosis_brazil;wosis_latest_orgc;WD-WISE:1124573:42466;-15.908888888888889;-47.833333333333336;-47.833333333333336;-15.908888888888889;EPSG:4326;Brazil;;;1986;1986;1986;35;60;25;13.6;Não informado;;;;;;;;;;carbon_content;13.6;g/kg;reported_by_wosis_latest_orgc;ok;dup-000232;duplicate;removed_confirmed_duplicate:exact_scientific_match:wosis_brazil
wosis_brazil:wosis_latest_orgc:WD-WISE:1124573:42467:60-100:carbon_content;wosis_brazil;wosis_latest_orgc;WD-WISE:1124573:42467;-15.908888888888889;-47.833333333333336;-47.833333333333336;-15.908888888888889;EPSG:4326;Brazil;;;1986;1986;1986;60;100;40;10;Não informado;;;;;;;;;;carbon_content;10;g/kg;reported_by_wosis_latest_orgc;ok;dup-000235;duplicate;removed_confirmed_duplicate:exact_scientific_match:wosis_brazil
wosis_brazil:wosis_latest_orgc:WD-WISE:1124573:42468:100-150:carbon_content;wosis_brazil;wosis_latest_orgc;WD-WISE:1124573:42468;-15.908888888888889;-47.833333333333336;-47.833333333333336;-15.908888888888889;EPSG:4326;Brazil;;;1986;1986;1986;100;150;50;8.5;Não informado;;;;;;;;;;carbon_content;8.5;g/kg;reported_by_wosis_latest_orgc;ok;dup-000228;duplicate;removed_confirmed_duplicate:exact_scientific_match:wosis_brazil
wosis_brazil:wosis_latest_orgc:WD-WISE:1124573:42469:150-250:carbon_content;wosis_brazil;wosis_latest_orgc;WD-WISE:1124573:42469;-15.908888888888889;-47.833333333333336;-47.833333333333336;-15.908888888888889;EPSG:4326;Brazil;;;1986;1986;1986;150;250;100;6.7;Não informado;;;;;;;;;;carbon_content;6.7;g/kg;reported_by_wosis_latest_orgc;ok;dup-000230;duplicate;removed_confirmed_duplicate:exact_scientific_match:wosis_brazil
wosis_brazil:wosis_latest_orgc:WD-WISE:1124573:42470:250-350:carbon_content;wosis_brazil;wosis_latest_orgc;WD-WISE:1124573:42470;-15.908888888888889;-47.833333333333336;-47.833333333333336;-15.908888888888889;EPSG:4326;Brazil;;;1986;1986;1986;250;350;100;5.1;Não informado;;;;;;;;;;carbon_content;5.1;g/kg;reported_by_wosis_latest_orgc;ok;dup-000231;duplicate;removed_confirmed_duplicate:exact_scientific_match:wosis_brazil
wosis_brazil:wosis_latest_orgc:WD-WISE:1124573:42471:350-450:carbon_content;wosis_brazil;wosis_latest_orgc;WD-WISE:1124573:42471;-15.908888888888889;-47.833333333333336;-47.833333333333336;-15.908888888888889;EPSG:4326;Brazil;;;1986;1986;1986;350;450;100;3.7;Não informado;;;;;;;;;;carbon_content;3.7;g/kg;reported_by_wosis_latest_orgc;ok;dup-000233;duplicate;removed_confirmed_duplicate:exact_scientific_match:wosis_brazil
wosis_brazil:wosis_latest_orgc:WD-WISE:1124573:42472:450-550:carbon_content;wosis_brazil;wosis_latest_orgc;WD-WISE:1124573:42472;-15.908888888888889;-47.833333333333336;-47.833333333333336;-15.908888888888889;EPSG:4326;Brazil;;;1986;1986;1986;450;550;100;2.3;Não informado;;;;;;;;;;carbon_content;2.3;g/kg;reported_by_wosis_latest_orgc;ok;dup-000234;duplicate;removed_confirmed_duplicate:exact_scientific_match:wosis_brazil
wosis_brazil:wosis_latest_orgc:WD-WISE:1124574:42473:0-15:carbon_content;wosis_brazil;wosis_latest_orgc;WD-WISE:1124574:42473;-19.154444444444444;-48.165;-48.165;-19.154444444444444;EPSG:4326;Brazil;;;1980;1980;1980;0;15;15;6.6;Não informado;;;;;;;;;;carbon_content;6.6;g/kg;reported_by_wosis_latest_orgc;ok;dup-000354;duplicate;removed_confirmed_duplicate:exact_scientific_match:wosis_brazil
wosis_brazil:wosis_latest_orgc:WD-WISE:1124574:42474:15-40:carbon_content;wosis_brazil;wosis_latest_orgc;WD-WISE:1124574:42474;-19.154444444444444;-48.165;-48.165;-19.154444444444444;EPSG:4326;Brazil;;;1980;1980;1980;15;40;25;4.5;Não informado;;;;;;;;;;carbon_content;4.5;g/kg;reported_by_wosis_latest_orgc;ok;dup-000356;duplicate;removed_confirmed_duplicate:exact_scientific_match:wosis_brazil
wosis_brazil:wosis_latest_orgc:WD-WISE:1124574:42475:40-80:carbon_content;wosis_brazil;wosis_latest_orgc;WD-WISE:1124574:42475;-19.154444444444444;-48.165;-48.165;-19.154444444444444;EPSG:4326;Brazil;;;1980;1980;1980;40;80;40;3.5;Não informado;;;;;;;;;;carbon_content;3.5;g/kg;reported_by_wosis_latest_orgc;ok;dup-000359;duplicate;removed_confirmed_duplicate:exact_scientific_match:wosis_brazil
wosis_brazil:wosis_latest_orgc:WD-WISE:1124574:42476:80-120:carbon_content;wosis_brazil;wosis_latest_orgc;WD-WISE:1124574:42476;-19.154444444444444;-48.165;-48.165;-19.154444444444444;EPSG:4326;Brazil;;;1980;1980;1980;80;120;40;2.9;Não informado;;;;;;;;;;carbon_content;2.9;g/kg;reported_by_wosis_latest_orgc;ok;dup-000362;duplicate;removed_confirmed_duplicate:exact_scientific_match:wosis_brazil
wosis_brazil:wosis_latest_orgc:WD-WISE:1124574:42477:120-200:carbon_content;wosis_brazil;wosis_latest_orgc;WD-WISE:1124574:42477;-19.154444444444444;-48.165;-48.165;-19.154444444444444;EPSG:4326;Brazil;;;1980;1980;1980;120;200;80;2;Não informado;;;;;;;;;;carbon_content;2;g/kg;reported_by_wosis_latest_orgc;ok;dup-000355;duplicate;removed_confirmed_duplicate:exact_scientific_match:wosis_brazil
wosis_brazil:wosis_latest_orgc:WD-WISE:1124574:42478:200-300:carbon_content;wosis_brazil;wosis_latest_orgc;WD-WISE:1124574:42478;-19.154444444444444;-48.165;-48.165;-19.154444444444444;EPSG:4326;Brazil;;;1980;1980;1980;200;300;100;1.2;Não informado;;;;;;;;;;carbon_content;1.2;g/kg;reported_by_wosis_latest_orgc;ok;dup-000357;duplicate;removed_confirmed_duplicate:exact_scientific_match:wosis_brazil
wosis_brazil:wosis_latest_orgc:WD-WISE:1124574:42479:300-400:carbon_content;wosis_brazil;wosis_latest_orgc;WD-WISE:1124574:42479;-19.154444444444444;-48.165;-48.165;-19.154444444444444;EPSG:4326;Brazil;;;1980;1980;1980;300;400;100;0.8;Não informado;;;;;;;;;;carbon_content;0.8;g/kg;reported_by_wosis_latest_orgc;ok;dup-000358;duplicate;removed_confirmed_duplicate:exact_scientific_match:wosis_brazil
wosis_brazil:wosis_latest_orgc:WD-WISE:1124574:42480:400-440:carbon_content;wosis_brazil;wosis_latest_orgc;WD-WISE:1124574:42480;-19.154444444444444;-48.165;-48.165;-19.154444444444444;EPSG:4326;Brazil;;;1980;1980;1980;400;440;40;0.8;Não informado;;;;;;;;;;carbon_content;0.8;g/kg;reported_by_wosis_latest_orgc;ok;dup-000360;duplicate;removed_confirmed_duplicate:exact_scientific_match:wosis_brazil
wosis_brazil:wosis_latest_orgc:WD-WISE:1124574:42481:440-500:carbon_content;wosis_brazil;wosis_latest_orgc;WD-WISE:1124574:42481;-19.154444444444444;-48.165;-48.165;-19.154444444444444;EPSG:4326;Brazil;;;1980;1980;1980;440;500;60;0.2;Não informado;;;;;;;;;;carbon_content;0.2;g/kg;reported_by_wosis_latest_orgc;ok;dup-000361;duplicate;removed_confirmed_duplicate:exact_scientific_match:wosis_brazil
wosis_brazil:wosis_latest_orgc:WD-WISE:1124581:42516:0-18:carbon_content;wosis_brazil;wosis_latest_orgc;WD-WISE:1124581:42516;-21.35;-47.78333333333333;-47.78333333333333;-21.35;EPSG:4326;Brazil;;;1984;1984;1984;0;18;18;19.8;Não informado;;;;;;;;;;carbon_content;19.8;g/kg;reported_by_wosis_latest_orgc;ok;dup-000547;duplicate;removed_confirmed_duplicate:exact_scientific_match:wosis_brazil
wosis_brazil:wosis_latest_orgc:WD-WISE:1124581:42517:18-34:carbon_content;wosis_brazil;wosis_latest_orgc;WD-WISE:1124581:42517;-21.35;-47.78333333333333;-47.78333333333333;-21.35;EPSG:4326;Brazil;;;1984;1984;1984;18;34;16;11.4;Não informado;;;;;;;;;;carbon_content;11.4;g/kg;reported_by_wosis_latest_orgc;ok;dup-000549;duplicate;removed_confirmed_duplicate:exact_scientific_match:wosis_brazil
wosis_brazil:wosis_latest_orgc:WD-WISE:1124581:42518:34-56:carbon_content;wosis_brazil;wosis_latest_orgc;WD-WISE:1124581:42518;-21.35;-47.78333333333333;-47.78333333333333;-21.35;EPSG:4326;Brazil;;;1984;1984;1984;34;56;22;8.9;Não informado;;;;;;;;;;carbon_content;8.9;g/kg;reported_by_wosis_latest_orgc;ok;dup-000550;duplicate;removed_confirmed_duplicate:exact_scientific_match:wosis_brazil
wosis_brazil:wosis_latest_orgc:WD-WISE:1124581:42519:56-90:carbon_content;wosis_brazil;wosis_latest_orgc;WD-WISE:1124581:42519;-21.35;-47.78333333333333;-47.78333333333333;-21.35;EPSG:4326;Brazil;;;1984;1984;1984;56;90;34;7.5;Não informado;;;;;;;;;;carbon_content;7.5;g/kg;reported_by_wosis_latest_orgc;ok;dup-000551;duplicate;removed_confirmed_duplicate:exact_scientific_match:wosis_brazil
wosis_brazil:wosis_latest_orgc:WD-WISE:1124581:42520:90-150:carbon_content;wosis_brazil;wosis_latest_orgc;WD-WISE:1124581:42520;-21.35;-47.78333333333333;-47.78333333333333;-21.35;EPSG:4326;Brazil;;;1984;1984;1984;90;150;60;5.2;Não informado;;;;;;;;;;carbon_content;5.2;g/kg;reported_by_wosis_latest_orgc;ok;dup-000552;duplicate;removed_confirmed_duplicate:exact_scientific_match:wosis_brazil
wosis_brazil:wosis_latest_orgc:WD-WISE:1124581:42521:150-200:carbon_content;wosis_brazil;wosis_latest_orgc;WD-WISE:1124581:42521;-21.35;-47.78333333333333;-47.78333333333333;-21.35;EPSG:4326;Brazil;;;1984;1984;1984;150;200;50;3.4;Não informado;;;;;;;;;;carbon_content;3.4;g/kg;reported_by_wosis_latest_orgc;ok;dup-000548;duplicate;removed_confirmed_duplicate:exact_scientific_match:wosis_brazil
wosis_brazil:wosis_latest_orgc:WD-WISE:1124597:42625:0-5:carbon_content;wosis_brazil;wosis_latest_orgc;WD-WISE:1124597:42625;-19.954444444444444;-48.6875;-48.6875;-19.954444444444444;EPSG:4326;Brazil;;;1986;1986;1986;0;5;5;11.7;Não informado;;;;;;;;;;carbon_content;11.7;g/kg;reported_by_wosis_latest_orgc;ok;dup-000420;duplicate;removed_confirmed_duplicate:exact_scientific_match:wosis_brazil
wosis_brazil:wosis_latest_orgc:WD-WISE:1124597:42626:5-23:carbon_content;wosis_brazil;wosis_latest_orgc;WD-WISE:1124597:42626;-19.954444444444444;-48.6875;-48.6875;-19.954444444444444;EPSG:4326;Brazil;;;1986;1986;1986;5;23;18;9.7;Não informado;;;;;;;;;;carbon_content;9.7;g/kg;reported_by_wosis_latest_orgc;ok;dup-000425;duplicate;removed_confirmed_duplicate:exact_scientific_match:wosis_brazil
wosis_brazil:wosis_latest_orgc:WD-WISE:1124597:42627:23-55:carbon_content;wosis_brazil;wosis_latest_orgc;WD-WISE:1124597:42627;-19.954444444444444;-48.6875;-48.6875;-19.954444444444444;EPSG:4326;Brazil;;;1986;1986;1986;23;55;32;8.4;Não informado;;;;;;;;;;carbon_content;8.4;g/kg;reported_by_wosis_latest_orgc;ok;dup-000422;duplicate;removed_confirmed_duplicate:exact_scientific_match:wosis_brazil
wosis_brazil:wosis_latest_orgc:WD-WISE:1124597:42628:55-100:carbon_content;wosis_brazil;wosis_latest_orgc;WD-WISE:1124597:42628;-19.954444444444444;-48.6875;-48.6875;-19.954444444444444;EPSG:4326;Brazil;;;1986;1986;1986;55;100;45;6.4;Não informado;;;;;;;;;;carbon_content;6.4;g/kg;reported_by_wosis_latest_orgc;ok;dup-000426;duplicate;removed_confirmed_duplicate:exact_scientific_match:wosis_brazil
wosis_brazil:wosis_latest_orgc:WD-WISE:1124597:42630:180-250:carbon_content;wosis_brazil;wosis_latest_orgc;WD-WISE:1124597:42630;-19.954444444444444;-48.6875;-48.6875;-19.954444444444444;EPSG:4326;Brazil;;;1986;1986;1986;180;250;70;3.1;Não informado;;;;;;;;;;carbon_content;3.1;g/kg;reported_by_wosis_latest_orgc;ok;dup-000421;duplicate;removed_confirmed_duplicate:exact_scientific_match:wosis_brazil
wosis_brazil:wosis_latest_orgc:WD-WISE:1124597:42631:250-350:carbon_content;wosis_brazil;wosis_latest_orgc;WD-WISE:1124597:42631;-19.954444444444444;-48.6875;-48.6875;-19.954444444444444;EPSG:4326;Brazil;;;1986;1986;1986;250;350;100;1.8;Não informado;;;;;;;;;;carbon_content;1.8;g/kg;reported_by_wosis_latest_orgc;ok;dup-000423;duplicate;removed_confirmed_duplicate:exact_scientific_match:wosis_brazil
wosis_brazil:wosis_latest_orgc:WD-WISE:1124597:42632:350-450:carbon_content;wosis_brazil;wosis_latest_orgc;WD-WISE:1124597:42632;-19.954444444444444;-48.6875;-48.6875;-19.954444444444444;EPSG:4326;Brazil;;;1986;1986;1986;350;450;100;1.2;Não informado;;;;;;;;;;carbon_content;1.2;g/kg;reported_by_wosis_latest_orgc;ok;dup-000424;duplicate;removed_confirmed_duplicate:exact_scientific_match:wosis_brazil
wosis_brazil:wosis_latest_orgc:WD-WISE:1124609:42694:0-18:carbon_content;wosis_brazil;wosis_latest_orgc;WD-WISE:1124609:42694;-7.233333333333333;-36.2;-36.2;-7.233333333333333;EPSG:4326;Brazil;;;1986;1986;1986;0;18;18;5.6;Não informado;;;;;;;;;;carbon_content;5.6;g/kg;reported_by_wosis_latest_orgc;ok;dup-001268;duplicate;removed_confirmed_duplicate:exact_scientific_match:wosis_brazil
wosis_brazil:wosis_latest_orgc:WD-WISE:1124609:42695:18-30:carbon_content;wosis_brazil;wosis_latest_orgc;WD-WISE:1124609:42695;-7.233333333333333;-36.2;-36.2;-7.233333333333333;EPSG:4326;Brazil;;;1986;1986;1986;18;30;12;2.3;Não informado;;;;;;;;;;carbon_content;2.3;g/kg;reported_by_wosis_latest_orgc;ok;dup-001269;duplicate;removed_confirmed_duplicate:exact_scientific_match:wosis_brazil
wosis_brazil:wosis_latest_orgc:WD-WISE:1124609:42696:30-51:carbon_content;wosis_brazil;wosis_latest_orgc;WD-WISE:1124609:42696;-7.233333333333333;-36.2;-36.2;-7.233333333333333;EPSG:4326;Brazil;;;1986;1986;1986;30;51;21;3.8;Não informado;;;;;;;;;;carbon_content;3.8;g/kg;reported_by_wosis_latest_orgc;ok;dup-001270;duplicate;removed_confirmed_duplicate:exact_scientific_match:wosis_brazil
wosis_brazil:wosis_latest_orgc:WD-WISE:1124609:42697:51-70:carbon_content;wosis_brazil;wosis_latest_orgc;WD-WISE:1124609:42697;-7.233333333333333;-36.2;-36.2;-7.233333333333333;EPSG:4326;Brazil;;;1986;1986;1986;51;70;19;1.6;Não informado;;;;;;;;;;carbon_content;1.6;g/kg;reported_by_wosis_latest_orgc;ok;dup-001271;duplicate;removed_confirmed_duplicate:exact_scientific_match:wosis_brazil
wosis_brazil:wosis_latest_orgc:WD-WISE:1124649:42907:0-14:carbon_content;wosis_brazil;wosis_latest_orgc;WD-WISE:1124649:42907;-21.633333333333333;-42.11666666666667;-42.11666666666667;-21.633333333333333;EPSG:4326;Brazil;;;1984;1984;1984;0;14;14;9.9;Não informado;;;;;;;;;;carbon_content;9.9;g/kg;reported_by_wosis_latest_orgc;ok;dup-000574;duplicate;removed_confirmed_duplicate:exact_scientific_match:wosis_brazil
wosis_brazil:wosis_latest_orgc:WD-WISE:1124649:42908:14-27:carbon_content;wosis_brazil;wosis_latest_orgc;WD-WISE:1124649:42908;-21.633333333333333;-42.11666666666667;-42.11666666666667;-21.633333333333333;EPSG:4326;Brazil;;;1984;1984;1984;14;27;13;6.5;Não informado;;;;;;;;;;carbon_content;6.5;g/kg;reported_by_wosis_latest_orgc;ok;dup-000575;duplicate;removed_confirmed_duplicate:exact_scientific_match:wosis_brazil
wosis_brazil:wosis_latest_orgc:WD-WISE:1124649:42909:27-41:carbon_content;wosis_brazil;wosis_latest_orgc;WD-WISE:1124649:42909;-21.633333333333333;-42.11666666666667;-42.11666666666667;-21.633333333333333;EPSG:4326;Brazil;;;1984;1984;1984;27;41;14;4.6;Não informado;;;;;;;;;;carbon_content;4.6;g/kg;reported_by_wosis_latest_orgc;ok;dup-000576;duplicate;removed_confirmed_duplicate:exact_scientific_match:wosis_brazil
wosis_brazil:wosis_latest_orgc:WD-WISE:1124649:42910:41-72:carbon_content;wosis_brazil;wosis_latest_orgc;WD-WISE:1124649:42910;-21.633333333333333;-42.11666666666667;-42.11666666666667;-21.633333333333333;EPSG:4326;Brazil;;;1984;1984;1984;41;72;31;4.7;Não informado;;;;;;;;;;carbon_content;4.7;g/kg;reported_by_wosis_latest_orgc;ok;dup-000577;duplicate;removed_confirmed_duplicate:exact_scientific_match:wosis_brazil
wosis_brazil:wosis_latest_orgc:WD-WISE:1124649:42911:72-110:carbon_content;wosis_brazil;wosis_latest_orgc;WD-WISE:1124649:42911;-21.633333333333333;-42.11666666666667;-42.11666666666667;-21.633333333333333;EPSG:4326;Brazil;;;1984;1984;1984;72;110;38;1.9;Não informado;;;;;;;;;;carbon_content;1.9;g/kg;reported_by_wosis_latest_orgc;ok;dup-000578;duplicate;removed_confirmed_duplicate:exact_scientific_match:wosis_brazil
wosis_brazil:wosis_latest_orgc:WD-WISE:1124707:43246:0-9:carbon_content;wosis_brazil;wosis_latest_orgc;WD-WISE:1124707:43246;-15.610555555555555;-47.708888888888886;-47.708888888888886;-15.610555555555555;EPSG:4326;Brazil;;;1986;1986;1986;0;9;9;25.8;Não informado;;;;;;;;;;carbon_content;25.8;g/kg;reported_by_wosis_latest_orgc;ok;dup-000207;duplicate;removed_confirmed_duplicate:exact_scientific_match:wosis_brazil
wosis_brazil:wosis_latest_orgc:WD-WISE:1124707:43247:9-20:carbon_content;wosis_brazil;wosis_latest_orgc;WD-WISE:1124707:43247;-15.610555555555555;-47.708888888888886;-47.708888888888886;-15.610555555555555;EPSG:4326;Brazil;;;1986;1986;1986;9;20;11;19;Não informado;;;;;;;;;;carbon_content;19;g/kg;reported_by_wosis_latest_orgc;ok;dup-000215;duplicate;removed_confirmed_duplicate:exact_scientific_match:wosis_brazil
wosis_brazil:wosis_latest_orgc:WD-WISE:1124707:43248:20-38:carbon_content;wosis_brazil;wosis_latest_orgc;WD-WISE:1124707:43248;-15.610555555555555;-47.708888888888886;-47.708888888888886;-15.610555555555555;EPSG:4326;Brazil;;;1986;1986;1986;20;38;18;14.7;Não informado;;;;;;;;;;carbon_content;14.7;g/kg;reported_by_wosis_latest_orgc;ok;dup-000210;duplicate;removed_confirmed_duplicate:exact_scientific_match:wosis_brazil
wosis_brazil:wosis_latest_orgc:WD-WISE:1124707:43249:38-80:carbon_content;wosis_brazil;wosis_latest_orgc;WD-WISE:1124707:43249;-15.610555555555555;-47.708888888888886;-47.708888888888886;-15.610555555555555;EPSG:4326;Brazil;;;1986;1986;1986;38;80;42;13.6;Não informado;;;;;;;;;;carbon_content;13.6;g/kg;reported_by_wosis_latest_orgc;ok;dup-000213;duplicate;removed_confirmed_duplicate:exact_scientific_match:wosis_brazil
wosis_brazil:wosis_latest_orgc:WD-WISE:1124707:43250:80-147:carbon_content;wosis_brazil;wosis_latest_orgc;WD-WISE:1124707:43250;-15.610555555555555;-47.708888888888886;-47.708888888888886;-15.610555555555555;EPSG:4326;Brazil;;;1986;1986;1986;80;147;67;12.1;Não informado;;;;;;;;;;carbon_content;12.1;g/kg;reported_by_wosis_latest_orgc;ok;dup-000214;duplicate;removed_confirmed_duplicate:exact_scientific_match:wosis_brazil
wosis_brazil:wosis_latest_orgc:WD-WISE:1124707:43251:147-170:carbon_content;wosis_brazil;wosis_latest_orgc;WD-WISE:1124707:43251;-15.610555555555555;-47.708888888888886;-47.708888888888886;-15.610555555555555;EPSG:4326;Brazil;;;1986;1986;1986;147;170;23;7.9;Não informado;;;;;;;;;;carbon_content;7.9;g/kg;reported_by_wosis_latest_orgc;ok;dup-000208;duplicate;removed_confirmed_duplicate:exact_scientific_match:wosis_brazil
wosis_brazil:wosis_latest_orgc:WD-WISE:1124707:43252:170-270:carbon_content;wosis_brazil;wosis_latest_orgc;WD-WISE:1124707:43252;-15.610555555555555;-47.708888888888886;-47.708888888888886;-15.610555555555555;EPSG:4326;Brazil;;;1986;1986;1986;170;270;100;4.5;Não informado;;;;;;;;;;carbon_content;4.5;g/kg;reported_by_wosis_latest_orgc;ok;dup-000209;duplicate;removed_confirmed_duplicate:exact_scientific_match:wosis_brazil
wosis_brazil:wosis_latest_orgc:WD-WISE:1124707:43253:270-370:carbon_content;wosis_brazil;wosis_latest_orgc;WD-WISE:1124707:43253;-15.610555555555555;-47.708888888888886;-47.708888888888886;-15.610555555555555;EPSG:4326;Brazil;;;1986;1986;1986;270;370;100;3;Não informado;;;;;;;;;;carbon_content;3;g/kg;reported_by_wosis_latest_orgc;ok;dup-000211;duplicate;removed_confirmed_duplicate:exact_scientific_match:wosis_brazil
wosis_brazil:wosis_latest_orgc:WD-WISE:1124707:43254:370-470:carbon_content;wosis_brazil;wosis_latest_orgc;WD-WISE:1124707:43254;-15.610555555555555;-47.708888888888886;-47.708888888888886;-15.610555555555555;EPSG:4326;Brazil;;;1986;1986;1986;370;470;100;2.5;Não informado;;;;;;;;;;carbon_content;2.5;g/kg;reported_by_wosis_latest_orgc;ok;dup-000212;duplicate;removed_confirmed_duplicate:exact_scientific_match:wosis_brazil
wosis_brazil:wosis_latest_orgc:WD-WISE:1124728:43385:0-9:carbon_content;wosis_brazil;wosis_latest_orgc;WD-WISE:1124728:43385;-15.608333333333333;-47.75138888888889;-47.75138888888889;-15.608333333333333;EPSG:4326;Brazil;;;1986;1986;1986;0;9;9;33.3;Não informado;;;;;;;;;;carbon_content;33.3;g/kg;reported_by_wosis_latest_orgc;ok;dup-000200;duplicate;removed_confirmed_duplicate:exact_scientific_match:wosis_brazil
wosis_brazil:wosis_latest_orgc:WD-WISE:1124728:43386:9-21:carbon_content;wosis_brazil;wosis_latest_orgc;WD-WISE:1124728:43386;-15.608333333333333;-47.75138888888889;-47.75138888888889;-15.608333333333333;EPSG:4326;Brazil;;;1986;1986;1986;9;21;12;25.1;Não informado;;;;;;;;;;carbon_content;25.1;g/kg;reported_by_wosis_latest_orgc;ok;dup-000206;duplicate;removed_confirmed_duplicate:exact_scientific_match:wosis_brazil
wosis_brazil:wosis_latest_orgc:WD-WISE:1124728:43387:21-42:carbon_content;wosis_brazil;wosis_latest_orgc;WD-WISE:1124728:43387;-15.608333333333333;-47.75138888888889;-47.75138888888889;-15.608333333333333;EPSG:4326;Brazil;;;1986;1986;1986;21;42;21;18.7;Não informado;;;;;;;;;;carbon_content;18.7;g/kg;reported_by_wosis_latest_orgc;ok;dup-000201;duplicate;removed_confirmed_duplicate:exact_scientific_match:wosis_brazil
wosis_brazil:wosis_latest_orgc:WD-WISE:1124728:43388:42-70:carbon_content;wosis_brazil;wosis_latest_orgc;WD-WISE:1124728:43388;-15.608333333333333;-47.75138888888889;-47.75138888888889;-15.608333333333333;EPSG:4326;Brazil;;;1986;1986;1986;42;70;28;14.3;Não informado;;;;;;;;;;carbon_content;14.3;g/kg;reported_by_wosis_latest_orgc;ok;dup-000204;duplicate;removed_confirmed_duplicate:exact_scientific_match:wosis_brazil
wosis_brazil:wosis_latest_orgc:WD-WISE:1124728:43389:70-105:carbon_content;wosis_brazil;wosis_latest_orgc;WD-WISE:1124728:43389;-15.608333333333333;-47.75138888888889;-47.75138888888889;-15.608333333333333;EPSG:4326;Brazil;;;1986;1986;1986;70;105;35;10.3;Não informado;;;;;;;;;;carbon_content;10.3;g/kg;reported_by_wosis_latest_orgc;ok;dup-000205;duplicate;removed_confirmed_duplicate:exact_scientific_match:wosis_brazil
wosis_brazil:wosis_latest_orgc:WD-WISE:1124728:43392:270-370:carbon_content;wosis_brazil;wosis_latest_orgc;WD-WISE:1124728:43392;-15.608333333333333;-47.75138888888889;-47.75138888888889;-15.608333333333333;EPSG:4326;Brazil;;;1986;1986;1986;270;370;100;3;Não informado;;;;;;;;;;carbon_content;3;g/kg;reported_by_wosis_latest_orgc;ok;dup-000202;duplicate;removed_confirmed_duplicate:exact_scientific_match:wosis_brazil
wosis_brazil:wosis_latest_orgc:WD-WISE:1124728:43393:370-470:carbon_content;wosis_brazil;wosis_latest_orgc;WD-WISE:1124728:43393;-15.608333333333333;-47.75138888888889;-47.75138888888889;-15.608333333333333;EPSG:4326;Brazil;;;1986;1986;1986;370;470;100;1.1;Não informado;;;;;;;;;;carbon_content;1.1;g/kg;reported_by_wosis_latest_orgc;ok;dup-000203;duplicate;removed_confirmed_duplicate:exact_scientific_match:wosis_brazil
wosis_brazil:wosis_latest_orgc:WD-WISE:1124750:43527:0-10:carbon_content;wosis_brazil;wosis_latest_orgc;WD-WISE:1124750:43527;-12.0;-50.0;-50.0;-12.0;EPSG:4326;Brazil;;;1986;1986;1986;0;10;10;20;Não informado;;;;;;;;;;carbon_content;20;g/kg;reported_by_wosis_latest_orgc;ok;dup-000063;duplicate;removed_confirmed_duplicate:exact_scientific_match:wosis_brazil
wosis_brazil:wosis_latest_orgc:WD-WISE:1124750:43528:10-22:carbon_content;wosis_brazil;wosis_latest_orgc;WD-WISE:1124750:43528;-12.0;-50.0;-50.0;-12.0;EPSG:4326;Brazil;;;1986;1986;1986;10;22;12;5.4;Não informado;;;;;;;;;;carbon_content;5.4;g/kg;reported_by_wosis_latest_orgc;ok;dup-000064;duplicate;removed_confirmed_duplicate:exact_scientific_match:wosis_brazil
wosis_brazil:wosis_latest_orgc:WD-WISE:1124750:43529:22-70:carbon_content;wosis_brazil;wosis_latest_orgc;WD-WISE:1124750:43529;-12.0;-50.0;-50.0;-12.0;EPSG:4326;Brazil;;;1986;1986;1986;22;70;48;2.9;Não informado;;;;;;;;;;carbon_content;2.9;g/kg;reported_by_wosis_latest_orgc;ok;dup-000069;duplicate;removed_confirmed_duplicate:exact_scientific_match:wosis_brazil
wosis_brazil:wosis_latest_orgc:WD-WISE:1124750:43530:70-103:carbon_content;wosis_brazil;wosis_latest_orgc;WD-WISE:1124750:43530;-12.0;-50.0;-50.0;-12.0;EPSG:4326;Brazil;;;1986;1986;1986;70;103;33;1.7;Não informado;;;;;;;;;;carbon_content;1.7;g/kg;reported_by_wosis_latest_orgc;ok;dup-000071;duplicate;removed_confirmed_duplicate:exact_scientific_match:wosis_brazil
wosis_brazil:wosis_latest_orgc:WD-WISE:1124750:43531:103-126:carbon_content;wosis_brazil;wosis_latest_orgc;WD-WISE:1124750:43531;-12.0;-50.0;-50.0;-12.0;EPSG:4326;Brazil;;;1986;1986;1986;103;126;23;2.2;Não informado;;;;;;;;;;carbon_content;2.2;g/kg;reported_by_wosis_latest_orgc;ok;dup-000065;duplicate;removed_confirmed_duplicate:exact_scientific_match:wosis_brazil
wosis_brazil:wosis_latest_orgc:WD-WISE:1124750:43532:126-135:carbon_content;wosis_brazil;wosis_latest_orgc;WD-WISE:1124750:43532;-12.0;-50.0;-50.0;-12.0;EPSG:4326;Brazil;;;1986;1986;1986;126;135;9;2;Não informado;;;;;;;;;;carbon_content;2;g/kg;reported_by_wosis_latest_orgc;ok;dup-000066;duplicate;removed_confirmed_duplicate:exact_scientific_match:wosis_brazil
wosis_brazil:wosis_latest_orgc:WD-WISE:1124750:43533:135-175:carbon_content;wosis_brazil;wosis_latest_orgc;WD-WISE:1124750:43533;-12.0;-50.0;-50.0;-12.0;EPSG:4326;Brazil;;;1986;1986;1986;135;175;40;1.4;Não informado;;;;;;;;;;carbon_content;1.4;g/kg;reported_by_wosis_latest_orgc;ok;dup-000067;duplicate;removed_confirmed_duplicate:exact_scientific_match:wosis_brazil
wosis_brazil:wosis_latest_orgc:WD-WISE:1124750:43534:175-235:carbon_content;wosis_brazil;wosis_latest_orgc;WD-WISE:1124750:43534;-12.0;-50.0;-50.0;-12.0;EPSG:4326;Brazil;;;1986;1986;1986;175;235;60;1.3;Não informado;;;;;;;;;;carbon_content;1.3;g/kg;reported_by_wosis_latest_orgc;ok;dup-000068;duplicate;removed_confirmed_duplicate:exact_scientific_match:wosis_brazil
wosis_brazil:wosis_latest_orgc:WD-WISE:1124750:43535:235-335:carbon_content;wosis_brazil;wosis_latest_orgc;WD-WISE:1124750:43535;-12.0;-50.0;-50.0;-12.0;EPSG:4326;Brazil;;;1986;1986;1986;235;335;100;0.5;Não informado;;;;;;;;;;carbon_content;0.5;g/kg;reported_by_wosis_latest_orgc;ok;dup-000070;duplicate;removed_confirmed_duplicate:exact_scientific_match:wosis_brazil
wosis_brazil:wosis_latest_orgc:WD-WISE:1124754:43560:0-14:carbon_content;wosis_brazil;wosis_latest_orgc;WD-WISE:1124754:43560;-22.75;-43.68333333333333;-43.68333333333333;-22.75;EPSG:4326;Brazil;;;1984;1984;1984;0;14;14;9.5;Não informado;;;;;;;;;;carbon_content;9.5;g/kg;reported_by_wosis_latest_orgc;ok;dup-000767;duplicate;removed_confirmed_duplicate:exact_scientific_match:wosis_brazil
wosis_brazil:wosis_latest_orgc:WD-WISE:1124754:43561:14-30:carbon_content;wosis_brazil;wosis_latest_orgc;WD-WISE:1124754:43561;-22.75;-43.68333333333333;-43.68333333333333;-22.75;EPSG:4326;Brazil;;;1984;1984;1984;14;30;16;4.2;Não informado;;;;;;;;;;carbon_content;4.2;g/kg;reported_by_wosis_latest_orgc;ok;dup-000768;duplicate;removed_confirmed_duplicate:exact_scientific_match:wosis_brazil
wosis_brazil:wosis_latest_orgc:WD-WISE:1124754:43562:30-38:carbon_content;wosis_brazil;wosis_latest_orgc;WD-WISE:1124754:43562;-22.75;-43.68333333333333;-43.68333333333333;-22.75;EPSG:4326;Brazil;;;1984;1984;1984;30;38;8;3.8;Não informado;;;;;;;;;;carbon_content;3.8;g/kg;reported_by_wosis_latest_orgc;ok;dup-000769;duplicate;removed_confirmed_duplicate:exact_scientific_match:wosis_brazil
wosis_brazil:wosis_latest_orgc:WD-WISE:1124754:43563:38-50:carbon_content;wosis_brazil;wosis_latest_orgc;WD-WISE:1124754:43563;-22.75;-43.68333333333333;-43.68333333333333;-22.75;EPSG:4326;Brazil;;;1984;1984;1984;38;50;12;2.7;Não informado;;;;;;;;;;carbon_content;2.7;g/kg;reported_by_wosis_latest_orgc;ok;dup-000770;duplicate;removed_confirmed_duplicate:exact_scientific_match:wosis_brazil
wosis_brazil:wosis_latest_orgc:WD-WISE:1124754:43564:50-80:carbon_content;wosis_brazil;wosis_latest_orgc;WD-WISE:1124754:43564;-22.75;-43.68333333333333;-43.68333333333333;-22.75;EPSG:4326;Brazil;;;1984;1984;1984;50;80;30;3.4;Não informado;;;;;;;;;;carbon_content;3.4;g/kg;reported_by_wosis_latest_orgc;ok;dup-000771;duplicate;removed_confirmed_duplicate:exact_scientific_match:wosis_brazil
wosis_brazil:wosis_latest_orgc:WD-WISE:1124754:43565:80-100:carbon_content;wosis_brazil;wosis_latest_orgc;WD-WISE:1124754:43565;-22.75;-43.68333333333333;-43.68333333333333;-22.75;EPSG:4326;Brazil;;;1984;1984;1984;80;100;20;1.8;Não informado;;;;;;;;;;carbon_content;1.8;g/kg;reported_by_wosis_latest_orgc;ok;dup-000772;duplicate;removed_confirmed_duplicate:exact_scientific_match:wosis_brazil
wosis_brazil:wosis_latest_orgc:WD-WISE:1124818:43934:0-10:carbon_content;wosis_brazil;wosis_latest_orgc;WD-WISE:1124818:43934;-22.95256805419922;-43.601280212402344;-43.601280212402344;-22.95256805419922;EPSG:4326;Brazil;;;1986;1986;1986;0;10;10;5.4;Não informado;;;;;;;;;;carbon_content;5.4;g/kg;reported_by_wosis_latest_orgc;ok;dup-000822;duplicate;removed_confirmed_duplicate:exact_scientific_match:wosis_brazil
wosis_brazil:wosis_latest_orgc:WD-WISE:1124818:43935:10-35:carbon_content;wosis_brazil;wosis_latest_orgc;WD-WISE:1124818:43935;-22.95256805419922;-43.601280212402344;-43.601280212402344;-22.95256805419922;EPSG:4326;Brazil;;;1986;1986;1986;10;35;25;2.9;Não informado;;;;;;;;;;carbon_content;2.9;g/kg;reported_by_wosis_latest_orgc;ok;dup-000823;duplicate;removed_confirmed_duplicate:exact_scientific_match:wosis_brazil
wosis_brazil:wosis_latest_orgc:WD-WISE:1124818:43936:35-65:carbon_content;wosis_brazil;wosis_latest_orgc;WD-WISE:1124818:43936;-22.95256805419922;-43.601280212402344;-43.601280212402344;-22.95256805419922;EPSG:4326;Brazil;;;1986;1986;1986;35;65;30;0.7;Não informado;;;;;;;;;;carbon_content;0.7;g/kg;reported_by_wosis_latest_orgc;ok;dup-000826;duplicate;removed_confirmed_duplicate:exact_scientific_match:wosis_brazil
wosis_brazil:wosis_latest_orgc:WD-WISE:1124818:43937:65-88:carbon_content;wosis_brazil;wosis_latest_orgc;WD-WISE:1124818:43937;-22.95256805419922;-43.601280212402344;-43.601280212402344;-22.95256805419922;EPSG:4326;Brazil;;;1986;1986;1986;65;88;23;1.6;Não informado;;;;;;;;;;carbon_content;1.6;g/kg;reported_by_wosis_latest_orgc;ok;dup-000827;duplicate;removed_confirmed_duplicate:exact_scientific_match:wosis_brazil
wosis_brazil:wosis_latest_orgc:WD-WISE:1124818:43938:88-118:carbon_content;wosis_brazil;wosis_latest_orgc;WD-WISE:1124818:43938;-22.95256805419922;-43.601280212402344;-43.601280212402344;-22.95256805419922;EPSG:4326;Brazil;;;1986;1986;1986;88;118;30;1.2;Não informado;;;;;;;;;;carbon_content;1.2;g/kg;reported_by_wosis_latest_orgc;ok;dup-000828;duplicate;removed_confirmed_duplicate:exact_scientific_match:wosis_brazil
wosis_brazil:wosis_latest_orgc:WD-WISE:1124818:43939:118-143:carbon_content;wosis_brazil;wosis_latest_orgc;WD-WISE:1124818:43939;-22.95256805419922;-43.601280212402344;-43.601280212402344;-22.95256805419922;EPSG:4326;Brazil;;;1986;1986;1986;118;143;25;0.7;Não informado;;;;;;;;;;carbon_content;0.7;g/kg;reported_by_wosis_latest_orgc;ok;dup-000824;duplicate;removed_confirmed_duplicate:exact_scientific_match:wosis_brazil
wosis_brazil:wosis_latest_orgc:WD-WISE:1124818:43940:143-163:carbon_content;wosis_brazil;wosis_latest_orgc;WD-WISE:1124818:43940;-22.95256805419922;-43.601280212402344;-43.601280212402344;-22.95256805419922;EPSG:4326;Brazil;;;1986;1986;1986;143;163;20;0.6;Não informado;;;;;;;;;;carbon_content;0.6;g/kg;reported_by_wosis_latest_orgc;ok;dup-000825;duplicate;removed_confirmed_duplicate:exact_scientific_match:wosis_brazil
wosis_brazil:wosis_latest_orgc:WD-WISE:1124826:43983:0-16:carbon_content;wosis_brazil;wosis_latest_orgc;WD-WISE:1124826:43983;-25.666666666666668;-49.18333333333333;-49.18333333333333;-25.666666666666668;EPSG:4326;Brazil;;;1977;1977;1977;0;16;16;55.2;Não informado;;;;;;;;;;carbon_content;55.2;g/kg;reported_by_wosis_latest_orgc;ok;dup-000884;duplicate;removed_confirmed_duplicate:exact_scientific_match:wosis_brazil
wosis_brazil:wosis_latest_orgc:WD-WISE:1124826:43984:16-42:carbon_content;wosis_brazil;wosis_latest_orgc;WD-WISE:1124826:43984;-25.666666666666668;-49.18333333333333;-49.18333333333333;-25.666666666666668;EPSG:4326;Brazil;;;1977;1977;1977;16;42;26;41.9;Não informado;;;;;;;;;;carbon_content;41.9;g/kg;reported_by_wosis_latest_orgc;ok;dup-000887;duplicate;removed_confirmed_duplicate:exact_scientific_match:wosis_brazil
wosis_brazil:wosis_latest_orgc:WD-WISE:1124826:43985:42-64:carbon_content;wosis_brazil;wosis_latest_orgc;WD-WISE:1124826:43985;-25.666666666666668;-49.18333333333333;-49.18333333333333;-25.666666666666668;EPSG:4326;Brazil;;;1977;1977;1977;42;64;22;28.1;Não informado;;;;;;;;;;carbon_content;28.1;g/kg;reported_by_wosis_latest_orgc;ok;dup-000888;duplicate;removed_confirmed_duplicate:exact_scientific_match:wosis_brazil
wosis_brazil:wosis_latest_orgc:WD-WISE:1124826:43986:64-81:carbon_content;wosis_brazil;wosis_latest_orgc;WD-WISE:1124826:43986;-25.666666666666668;-49.18333333333333;-49.18333333333333;-25.666666666666668;EPSG:4326;Brazil;;;1977;1977;1977;64;81;17;20.3;Não informado;;;;;;;;;;carbon_content;20.3;g/kg;reported_by_wosis_latest_orgc;ok;dup-000889;duplicate;removed_confirmed_duplicate:exact_scientific_match:wosis_brazil
wosis_brazil:wosis_latest_orgc:WD-WISE:1124826:43987:81-101:carbon_content;wosis_brazil;wosis_latest_orgc;WD-WISE:1124826:43987;-25.666666666666668;-49.18333333333333;-49.18333333333333;-25.666666666666668;EPSG:4326;Brazil;;;1977;1977;1977;81;101;20;13.7;Não informado;;;;;;;;;;carbon_content;13.7;g/kg;reported_by_wosis_latest_orgc;ok;dup-000890;duplicate;removed_confirmed_duplicate:exact_scientific_match:wosis_brazil
wosis_brazil:wosis_latest_orgc:WD-WISE:1124826:43988:101-140:carbon_content;wosis_brazil;wosis_latest_orgc;WD-WISE:1124826:43988;-25.666666666666668;-49.18333333333333;-49.18333333333333;-25.666666666666668;EPSG:4326;Brazil;;;1977;1977;1977;101;140;39;6;Não informado;;;;;;;;;;carbon_content;6;g/kg;reported_by_wosis_latest_orgc;ok;dup-000885;duplicate;removed_confirmed_duplicate:exact_scientific_match:wosis_brazil
wosis_brazil:wosis_latest_orgc:WD-WISE:1124826:43989:140-200:carbon_content;wosis_brazil;wosis_latest_orgc;WD-WISE:1124826:43989;-25.666666666666668;-49.18333333333333;-49.18333333333333;-25.666666666666668;EPSG:4326;Brazil;;;1977;1977;1977;140;200;60;0.9;Não informado;;;;;;;;;;carbon_content;0.9;g/kg;reported_by_wosis_latest_orgc;ok;dup-000886;duplicate;removed_confirmed_duplicate:exact_scientific_match:wosis_brazil
wosis_brazil:wosis_latest_orgc:WD-WISE:1124841:44068:0-5:carbon_content;wosis_brazil;wosis_latest_orgc;WD-WISE:1124841:44068;-2.6;-54.95;-54.95;-2.6;EPSG:4326;Brazil;;;1984;1984;1984;0;5;5;78.9;Não informado;;;;;;;;;;carbon_content;78.9;g/kg;reported_by_wosis_latest_orgc;ok;dup-000463;duplicate;removed_confirmed_duplicate:exact_scientific_match:wosis_brazil
wosis_brazil:wosis_latest_orgc:WD-WISE:1124841:44069:5-38:carbon_content;wosis_brazil;wosis_latest_orgc;WD-WISE:1124841:44069;-2.6;-54.95;-54.95;-2.6;EPSG:4326;Brazil;;;1984;1984;1984;5;38;33;63.7;Não informado;;;;;;;;;;carbon_content;63.7;g/kg;reported_by_wosis_latest_orgc;ok;dup-000470;duplicate;removed_confirmed_duplicate:exact_scientific_match:wosis_brazil
wosis_brazil:wosis_latest_orgc:WD-WISE:1124841:44070:38-89:carbon_content;wosis_brazil;wosis_latest_orgc;WD-WISE:1124841:44070;-2.6;-54.95;-54.95;-2.6;EPSG:4326;Brazil;;;1984;1984;1984;38;89;51;29.3;Não informado;;;;;;;;;;carbon_content;29.3;g/kg;reported_by_wosis_latest_orgc;ok;dup-000469;duplicate;removed_confirmed_duplicate:exact_scientific_match:wosis_brazil
wosis_brazil:wosis_latest_orgc:WD-WISE:1124841:44071:89-124:carbon_content;wosis_brazil;wosis_latest_orgc;WD-WISE:1124841:44071;-2.6;-54.95;-54.95;-2.6;EPSG:4326;Brazil;;;1984;1984;1984;89;124;35;17.4;Não informado;;;;;;;;;;carbon_content;17.4;g/kg;reported_by_wosis_latest_orgc;ok;dup-000471;duplicate;removed_confirmed_duplicate:exact_scientific_match:wosis_brazil
wosis_brazil:wosis_latest_orgc:WD-WISE:1124841:44072:124-170:carbon_content;wosis_brazil;wosis_latest_orgc;WD-WISE:1124841:44072;-2.6;-54.95;-54.95;-2.6;EPSG:4326;Brazil;;;1984;1984;1984;124;170;46;8.2;Não informado;;;;;;;;;;carbon_content;8.2;g/kg;reported_by_wosis_latest_orgc;ok;dup-000464;duplicate;removed_confirmed_duplicate:exact_scientific_match:wosis_brazil
wosis_brazil:wosis_latest_orgc:WD-WISE:1124841:44073:170-210:carbon_content;wosis_brazil;wosis_latest_orgc;WD-WISE:1124841:44073;-2.6;-54.95;-54.95;-2.6;EPSG:4326;Brazil;;;1984;1984;1984;170;210;40;4.5;Não informado;;;;;;;;;;carbon_content;4.5;g/kg;reported_by_wosis_latest_orgc;ok;dup-000465;duplicate;removed_confirmed_duplicate:exact_scientific_match:wosis_brazil
wosis_brazil:wosis_latest_orgc:WD-WISE:1124841:44074:210-270:carbon_content;wosis_brazil;wosis_latest_orgc;WD-WISE:1124841:44074;-2.6;-54.95;-54.95;-2.6;EPSG:4326;Brazil;;;1984;1984;1984;210;270;60;3;Não informado;;;;;;;;;;carbon_content;3;g/kg;reported_by_wosis_latest_orgc;ok;dup-000466;duplicate;removed_confirmed_duplicate:exact_scientific_match:wosis_brazil
wosis_brazil:wosis_latest_orgc:WD-WISE:1124841:44075:270-360:carbon_content;wosis_brazil;wosis_latest_orgc;WD-WISE:1124841:44075;-2.6;-54.95;-54.95;-2.6;EPSG:4326;Brazil;;;1984;1984;1984;270;360;90;1.5;Não informado;;;;;;;;;;carbon_content;1.5;g/kg;reported_by_wosis_latest_orgc;ok;dup-000467;duplicate;removed_confirmed_duplicate:exact_scientific_match:wosis_brazil
wosis_brazil:wosis_latest_orgc:WD-WISE:1124841:44076:360-400:carbon_content;wosis_brazil;wosis_latest_orgc;WD-WISE:1124841:44076;-2.6;-54.95;-54.95;-2.6;EPSG:4326;Brazil;;;1984;1984;1984;360;400;40;1.2;Não informado;;;;;;;;;;carbon_content;1.2;g/kg;reported_by_wosis_latest_orgc;ok;dup-000468;duplicate;removed_confirmed_duplicate:exact_scientific_match:wosis_brazil
wosis_brazil:wosis_latest_orgc:WD-WISE:1124857:44161:0-26:carbon_content;wosis_brazil;wosis_latest_orgc;WD-WISE:1124857:44161;-21.35;-47.733333333333334;-47.733333333333334;-21.35;EPSG:4326;Brazil;;;1984;1984;1984;0;26;26;24.7;Não informado;;;;;;;;;;carbon_content;24.7;g/kg;reported_by_wosis_latest_orgc;ok;dup-000542;duplicate;removed_confirmed_duplicate:exact_scientific_match:wosis_brazil
wosis_brazil:wosis_latest_orgc:WD-WISE:1124857:44162:26-50:carbon_content;wosis_brazil;wosis_latest_orgc;WD-WISE:1124857:44162;-21.35;-47.733333333333334;-47.733333333333334;-21.35;EPSG:4326;Brazil;;;1984;1984;1984;26;50;24;11.5;Não informado;;;;;;;;;;carbon_content;11.5;g/kg;reported_by_wosis_latest_orgc;ok;dup-000544;duplicate;removed_confirmed_duplicate:exact_scientific_match:wosis_brazil
wosis_brazil:wosis_latest_orgc:WD-WISE:1124857:44163:50-75:carbon_content;wosis_brazil;wosis_latest_orgc;WD-WISE:1124857:44163;-21.35;-47.733333333333334;-47.733333333333334;-21.35;EPSG:4326;Brazil;;;1984;1984;1984;50;75;25;8.8;Não informado;;;;;;;;;;carbon_content;8.8;g/kg;reported_by_wosis_latest_orgc;ok;dup-000545;duplicate;removed_confirmed_duplicate:exact_scientific_match:wosis_brazil
wosis_brazil:wosis_latest_orgc:WD-WISE:1124857:44164:75-215:carbon_content;wosis_brazil;wosis_latest_orgc;WD-WISE:1124857:44164;-21.35;-47.733333333333334;-47.733333333333334;-21.35;EPSG:4326;Brazil;;;1984;1984;1984;75;215;140;8;Não informado;;;;;;;;;;carbon_content;8;g/kg;reported_by_wosis_latest_orgc;ok;dup-000546;duplicate;removed_confirmed_duplicate:exact_scientific_match:wosis_brazil
wosis_brazil:wosis_latest_orgc:WD-WISE:1124857:44165:215-250:carbon_content;wosis_brazil;wosis_latest_orgc;WD-WISE:1124857:44165;-21.35;-47.733333333333334;-47.733333333333334;-21.35;EPSG:4326;Brazil;;;1984;1984;1984;215;250;35;5.3;Não informado;;;;;;;;;;carbon_content;5.3;g/kg;reported_by_wosis_latest_orgc;ok;dup-000543;duplicate;removed_confirmed_duplicate:exact_scientific_match:wosis_brazil
wosis_brazil:wosis_latest_orgc:WD-WISE:1126651:52251:0-6:carbon_content;wosis_brazil;wosis_latest_orgc;WD-WISE:1126651:52251;-6.67;-35.13333333333333;-35.13333333333333;-6.67;EPSG:4326;Brazil;;;1986;1986;1986;0;6;6;10;Não informado;;;;;;;;;;carbon_content;10;g/kg;reported_by_wosis_latest_orgc;ok;dup-001143;duplicate;removed_confirmed_duplicate:exact_scientific_match:wosis_brazil
wosis_brazil:wosis_latest_orgc:WD-WISE:1126651:52252:6-19:carbon_content;wosis_brazil;wosis_latest_orgc;WD-WISE:1126651:52252;-6.67;-35.13333333333333;-35.13333333333333;-6.67;EPSG:4326;Brazil;;;1986;1986;1986;6;19;13;4.2;Não informado;;;;;;;;;;carbon_content;4.2;g/kg;reported_by_wosis_latest_orgc;ok;dup-001148;duplicate;removed_confirmed_duplicate:exact_scientific_match:wosis_brazil
wosis_brazil:wosis_latest_orgc:WD-WISE:1126651:52253:19-50:carbon_content;wosis_brazil;wosis_latest_orgc;WD-WISE:1126651:52253;-6.67;-35.13333333333333;-35.13333333333333;-6.67;EPSG:4326;Brazil;;;1986;1986;1986;19;50;31;2.9;Não informado;;;;;;;;;;carbon_content;2.9;g/kg;reported_by_wosis_latest_orgc;ok;dup-001145;duplicate;removed_confirmed_duplicate:exact_scientific_match:wosis_brazil
wosis_brazil:wosis_latest_orgc:WD-WISE:1126651:52254:50-75:carbon_content;wosis_brazil;wosis_latest_orgc;WD-WISE:1126651:52254;-6.67;-35.13333333333333;-35.13333333333333;-6.67;EPSG:4326;Brazil;;;1986;1986;1986;50;75;25;1;Não informado;;;;;;;;;;carbon_content;1;g/kg;reported_by_wosis_latest_orgc;ok;dup-001147;duplicate;removed_confirmed_duplicate:exact_scientific_match:wosis_brazil
wosis_brazil:wosis_latest_orgc:WD-WISE:1126651:52255:75-175:carbon_content;wosis_brazil;wosis_latest_orgc;WD-WISE:1126651:52255;-6.67;-35.13333333333333;-35.13333333333333;-6.67;EPSG:4326;Brazil;;;1986;1986;1986;75;175;100;1.6;Não informado;;;;;;;;;;carbon_content;1.6;g/kg;reported_by_wosis_latest_orgc;ok;dup-001149;duplicate;removed_confirmed_duplicate:exact_scientific_match:wosis_brazil
wosis_brazil:wosis_latest_orgc:WD-WISE:1126651:52256:175-225:carbon_content;wosis_brazil;wosis_latest_orgc;WD-WISE:1126651:52256;-6.67;-35.13333333333333;-35.13333333333333;-6.67;EPSG:4326;Brazil;;;1986;1986;1986;175;225;50;1.6;Não informado;;;;;;;;;;carbon_content;1.6;g/kg;reported_by_wosis_latest_orgc;ok;dup-001144;duplicate;removed_confirmed_duplicate:exact_scientific_match:wosis_brazil
wosis_brazil:wosis_latest_orgc:WD-WISE:1126651:52257:225-275:carbon_content;wosis_brazil;wosis_latest_orgc;WD-WISE:1126651:52257;-6.67;-35.13333333333333;-35.13333333333333;-6.67;EPSG:4326;Brazil;;;1986;1986;1986;225;275;50;4.9;Não informado;;;;;;;;;;carbon_content;4.9;g/kg;reported_by_wosis_latest_orgc;ok;dup-001146;duplicate;removed_confirmed_duplicate:exact_scientific_match:wosis_brazil
israd_brazil:israd_flat_layer:ISRaD_data_flat_layer_v 2.9.9.2025-08-14.csv:Perez_2006:SFB:SFB_9:1095-1105:carbon_content;israd_brazil;israd_flat_layer;Perez_2006:SFB:SFB_9;-3.017;-54.9707;-54.9707;-3.017;EPSG:4326;Brazil;;;2000;2000;2000;1095;1105;10;1.3;Não informado;;;1.24;;;;;;;carbon_content;1.3;g/kg;reported_israd_lyr_c_org_percent_to_g_kg;ok;dup-000923;duplicate;removed_confirmed_duplicate:exact_scientific_match:israd_brazil
israd_brazil:israd_flat_layer:ISRaD_data_flat_layer_v 2.9.9.2025-08-14.csv:Pessenda_1997:Savanna (17km):Savanna (17km)_0-10:0-10:carbon_content;israd_brazil;israd_flat_layer;Pessenda_1997:Savanna (17km):Savanna (17km)_0-10;-7.52;-63.03;-63.03;-7.52;EPSG:4326;Brazil;;;1992;1992;1992;0;10;10;21;Não informado;;;;;;;;;;carbon_content;21;g/kg;reported_israd_lyr_c_org_percent_to_g_kg;ok;dup-001335;duplicate;removed_confirmed_duplicate:exact_scientific_match:israd_brazil
israd_brazil:israd_flat_layer:ISRaD_data_flat_layer_v 2.9.9.2025-08-14.csv:Pessenda_1997:Savanna (17km):Savanna (17km)_90-100:90-100:carbon_content;israd_brazil;israd_flat_layer;Pessenda_1997:Savanna (17km):Savanna (17km)_90-100;-7.52;-63.03;-63.03;-7.52;EPSG:4326;Brazil;;;1992;1992;1992;90;100;10;2;Não informado;;;;;;;;;;carbon_content;2;g/kg;reported_israd_lyr_c_org_percent_to_g_kg;ok;dup-001339;duplicate;removed_confirmed_duplicate:exact_scientific_match:israd_brazil
israd_brazil:israd_flat_layer:ISRaD_data_flat_layer_v 2.9.9.2025-08-14.csv:Sanaiotti_2002:Carolina-Savanna:Carolina-Savanna_0-5:0-5:total_carbon_content;israd_brazil;israd_flat_layer;Sanaiotti_2002:Carolina-Savanna:Carolina-Savanna_0-5;-7.15;-47.4;-47.4;-7.15;EPSG:4326;Brazil;;;1993;1993;1993;0;5;5;68;Não informado;;;;;;;;;;total_carbon_content;68;g/kg;reported_israd_lyr_c_tot_percent_to_g_kg;ok;dup-001248;duplicate;removed_confirmed_duplicate:exact_scientific_match:israd_brazil
israd_brazil:israd_flat_layer:ISRaD_data_flat_layer_v 2.9.9.2025-08-14.csv:Trumbore_2006:SP2:SP2_1:0-5:carbon_content;israd_brazil;israd_flat_layer;Trumbore_2006:SP2:SP2_1;-3.017;-54.9707;-54.9707;-3.017;EPSG:4326;Brazil;;;1999;1999;1999;0;5;5;7;Combustão seca - analisador elementar / IRMS de fluxo contínuo (CENA);;;;;;;;;;carbon_content;7;g/kg;reported_israd_lyr_c_org_percent_to_g_kg;ok;dup-000911;duplicate;removed_confirmed_duplicate:exact_scientific_match:israd_brazil
israd_brazil:israd_flat_layer:ISRaD_data_flat_layer_v 2.9.9.2025-08-14.csv:Trumbore_2006:SP2:SP2_2:5-10:carbon_content;israd_brazil;israd_flat_layer;Trumbore_2006:SP2:SP2_2;-3.017;-54.9707;-54.9707;-3.017;EPSG:4326;Brazil;;;1999;1999;1999;5;10;5;10;Combustão seca - analisador elementar / IRMS de fluxo contínuo (CENA);;;;;;;;;;carbon_content;10;g/kg;reported_israd_lyr_c_org_percent_to_g_kg;ok;dup-000918;duplicate;removed_confirmed_duplicate:exact_scientific_match:israd_brazil
israd_brazil:israd_flat_layer:ISRaD_data_flat_layer_v 2.9.9.2025-08-14.csv:Trumbore_2006:SP2:SP2_3:10-20:carbon_content;israd_brazil;israd_flat_layer;Trumbore_2006:SP2:SP2_3;-3.017;-54.9707;-54.9707;-3.017;EPSG:4326;Brazil;;;1999;1999;1999;10;20;10;10;Combustão seca - analisador elementar / IRMS de fluxo contínuo (CENA);;;;;;;;;;carbon_content;10;g/kg;reported_israd_lyr_c_org_percent_to_g_kg;ok;dup-000912;duplicate;removed_confirmed_duplicate:exact_scientific_match:israd_brazil
israd_brazil:israd_flat_layer:ISRaD_data_flat_layer_v 2.9.9.2025-08-14.csv:Trumbore_2006:SP2:SP2_4:20-30:carbon_content;israd_brazil;israd_flat_layer;Trumbore_2006:SP2:SP2_4;-3.017;-54.9707;-54.9707;-3.017;EPSG:4326;Brazil;;;1999;1999;1999;20;30;10;6;Combustão seca - analisador elementar / IRMS de fluxo contínuo (CENA);;;;;;;;;;carbon_content;6;g/kg;reported_israd_lyr_c_org_percent_to_g_kg;ok;dup-000914;duplicate;removed_confirmed_duplicate:exact_scientific_match:israd_brazil
israd_brazil:israd_flat_layer:ISRaD_data_flat_layer_v 2.9.9.2025-08-14.csv:Trumbore_2006:SP2:SP2_5:30-40:carbon_content;israd_brazil;israd_flat_layer;Trumbore_2006:SP2:SP2_5;-3.017;-54.9707;-54.9707;-3.017;EPSG:4326;Brazil;;;1999;1999;1999;30;40;10;5;Combustão seca - analisador elementar / IRMS de fluxo contínuo (CENA);;;;;;;;;;carbon_content;5;g/kg;reported_israd_lyr_c_org_percent_to_g_kg;ok;dup-000916;duplicate;removed_confirmed_duplicate:exact_scientific_match:israd_brazil
israd_brazil:israd_flat_layer:ISRaD_data_flat_layer_v 2.9.9.2025-08-14.csv:Trumbore_2006:SP2:SP2_6:40-50:carbon_content;israd_brazil;israd_flat_layer;Trumbore_2006:SP2:SP2_6;-3.017;-54.9707;-54.9707;-3.017;EPSG:4326;Brazil;;;1999;1999;1999;40;50;10;5;Combustão seca - analisador elementar / IRMS de fluxo contínuo (CENA);;;;;;;;;;carbon_content;5;g/kg;reported_israd_lyr_c_org_percent_to_g_kg;ok;dup-000917;duplicate;removed_confirmed_duplicate:exact_scientific_match:israd_brazil
israd_brazil:israd_flat_layer:ISRaD_data_flat_layer_v 2.9.9.2025-08-14.csv:Trumbore_2006:SP2:SP2_7:65-75:carbon_content;israd_brazil;israd_flat_layer;Trumbore_2006:SP2:SP2_7;-3.017;-54.9707;-54.9707;-3.017;EPSG:4326;Brazil;;;1999;1999;1999;65;75;10;5;Combustão seca - analisador elementar / IRMS de fluxo contínuo (CENA);;;;;;;;;;carbon_content;5;g/kg;reported_israd_lyr_c_org_percent_to_g_kg;ok;dup-000919;duplicate;removed_confirmed_duplicate:exact_scientific_match:israd_brazil
israd_brazil:israd_flat_layer:ISRaD_data_flat_layer_v 2.9.9.2025-08-14.csv:Trumbore_2006:SP2:SP2_8:95-105:carbon_content;israd_brazil;israd_flat_layer;Trumbore_2006:SP2:SP2_8;-3.017;-54.9707;-54.9707;-3.017;EPSG:4326;Brazil;;;1999;1999;1999;95;105;10;2;Combustão seca - analisador elementar / IRMS de fluxo contínuo (CENA);;;;;;;;;;carbon_content;2;g/kg;reported_israd_lyr_c_org_percent_to_g_kg;ok;dup-000920;duplicate;removed_confirmed_duplicate:exact_scientific_match:israd_brazil
israd_brazil:israd_flat_layer:ISRaD_data_flat_layer_v 2.9.9.2025-08-14.csv:Trumbore_2006:SP2:SP2_9:145-155:carbon_content;israd_brazil;israd_flat_layer;Trumbore_2006:SP2:SP2_9;-3.017;-54.9707;-54.9707;-3.017;EPSG:4326;Brazil;;;1999;1999;1999;145;155;10;3;Combustão seca - analisador elementar / IRMS de fluxo contínuo (CENA);;;;;;;;;;carbon_content;3;g/kg;reported_israd_lyr_c_org_percent_to_g_kg;ok;dup-000913;duplicate;removed_confirmed_duplicate:exact_scientific_match:israd_brazil
israd_brazil:israd_flat_layer:ISRaD_data_flat_layer_v 2.9.9.2025-08-14.csv:Trumbore_2006:SP2:SP2_10:205-215:carbon_content;israd_brazil;israd_flat_layer;Trumbore_2006:SP2:SP2_10;-3.017;-54.9707;-54.9707;-3.017;EPSG:4326;Brazil;;;1999;1999;1999;205;215;10;2;Combustão seca - analisador elementar / IRMS de fluxo contínuo (CENA);;;;;;;;;;carbon_content;2;g/kg;reported_israd_lyr_c_org_percent_to_g_kg;ok;dup-000915;duplicate;removed_confirmed_duplicate:exact_scientific_match:israd_brazil
israd_brazil:israd_flat_layer:ISRaD_data_flat_layer_v 2.9.9.2025-08-14.csv:Trumbore_2006:SBM:SBM_1:0-5:carbon_content;israd_brazil;israd_flat_layer;Trumbore_2006:SBM:SBM_1;-3.017;-54.9707;-54.9707;-3.017;EPSG:4326;Brazil;;;1999;1999;1999;0;5;5;28;Combustão seca - analisador elementar / IRMS de fluxo contínuo (CENA);;;;;;;;;;carbon_content;28;g/kg;reported_israd_lyr_c_org_percent_to_g_kg;ok;dup-000911;duplicate;removed_confirmed_duplicate:exact_scientific_match:israd_brazil
israd_brazil:israd_flat_layer:ISRaD_data_flat_layer_v 2.9.9.2025-08-14.csv:Trumbore_2006:SBM:SBM_10:205-215:carbon_content;israd_brazil;israd_flat_layer;Trumbore_2006:SBM:SBM_10;-3.017;-54.9707;-54.9707;-3.017;EPSG:4326;Brazil;;;1999;1999;1999;205;215;10;3;Combustão seca - analisador elementar / IRMS de fluxo contínuo (CENA);;;;;;;;;;carbon_content;3;g/kg;reported_israd_lyr_c_org_percent_to_g_kg;ok;dup-000915;duplicate;removed_confirmed_duplicate:exact_scientific_match:israd_brazil
israd_brazil:israd_flat_layer:ISRaD_data_flat_layer_v 2.9.9.2025-08-14.csv:Trumbore_2006:SBM:SBM_2:5-10:carbon_content;israd_brazil;israd_flat_layer;Trumbore_2006:SBM:SBM_2;-3.017;-54.9707;-54.9707;-3.017;EPSG:4326;Brazil;;;1999;1999;1999;5;10;5;17;Combustão seca - analisador elementar / IRMS de fluxo contínuo (CENA);;;;;;;;;;carbon_content;17;g/kg;reported_israd_lyr_c_org_percent_to_g_kg;ok;dup-000918;duplicate;removed_confirmed_duplicate:exact_scientific_match:israd_brazil
israd_brazil:israd_flat_layer:ISRaD_data_flat_layer_v 2.9.9.2025-08-14.csv:Trumbore_2006:SBM:SBM_3:10-20:carbon_content;israd_brazil;israd_flat_layer;Trumbore_2006:SBM:SBM_3;-3.017;-54.9707;-54.9707;-3.017;EPSG:4326;Brazil;;;1999;1999;1999;10;20;10;14;Combustão seca - analisador elementar / IRMS de fluxo contínuo (CENA);;;;;;;;;;carbon_content;14;g/kg;reported_israd_lyr_c_org_percent_to_g_kg;ok;dup-000912;duplicate;removed_confirmed_duplicate:exact_scientific_match:israd_brazil
israd_brazil:israd_flat_layer:ISRaD_data_flat_layer_v 2.9.9.2025-08-14.csv:Trumbore_2006:SBM:SBM_4:20-30:carbon_content;israd_brazil;israd_flat_layer;Trumbore_2006:SBM:SBM_4;-3.017;-54.9707;-54.9707;-3.017;EPSG:4326;Brazil;;;1999;1999;1999;20;30;10;10;Combustão seca - analisador elementar / IRMS de fluxo contínuo (CENA);;;;;;;;;;carbon_content;10;g/kg;reported_israd_lyr_c_org_percent_to_g_kg;ok;dup-000914;duplicate;removed_confirmed_duplicate:exact_scientific_match:israd_brazil
israd_brazil:israd_flat_layer:ISRaD_data_flat_layer_v 2.9.9.2025-08-14.csv:Trumbore_2006:SBM:SBM_5:30-40:carbon_content;israd_brazil;israd_flat_layer;Trumbore_2006:SBM:SBM_5;-3.017;-54.9707;-54.9707;-3.017;EPSG:4326;Brazil;;;1999;1999;1999;30;40;10;8;Combustão seca - analisador elementar / IRMS de fluxo contínuo (CENA);;;;;;;;;;carbon_content;8;g/kg;reported_israd_lyr_c_org_percent_to_g_kg;ok;dup-000916;duplicate;removed_confirmed_duplicate:exact_scientific_match:israd_brazil
israd_brazil:israd_flat_layer:ISRaD_data_flat_layer_v 2.9.9.2025-08-14.csv:Trumbore_2006:SBM:SBM_6:40-50:carbon_content;israd_brazil;israd_flat_layer;Trumbore_2006:SBM:SBM_6;-3.017;-54.9707;-54.9707;-3.017;EPSG:4326;Brazil;;;1999;1999;1999;40;50;10;8;Combustão seca - analisador elementar / IRMS de fluxo contínuo (CENA);;;;;;;;;;carbon_content;8;g/kg;reported_israd_lyr_c_org_percent_to_g_kg;ok;dup-000917;duplicate;removed_confirmed_duplicate:exact_scientific_match:israd_brazil
israd_brazil:israd_flat_layer:ISRaD_data_flat_layer_v 2.9.9.2025-08-14.csv:Trumbore_2006:SBM:SBM_7:65-75:carbon_content;israd_brazil;israd_flat_layer;Trumbore_2006:SBM:SBM_7;-3.017;-54.9707;-54.9707;-3.017;EPSG:4326;Brazil;;;1999;1999;1999;65;75;10;6;Combustão seca - analisador elementar / IRMS de fluxo contínuo (CENA);;;;;;;;;;carbon_content;6;g/kg;reported_israd_lyr_c_org_percent_to_g_kg;ok;dup-000919;duplicate;removed_confirmed_duplicate:exact_scientific_match:israd_brazil
israd_brazil:israd_flat_layer:ISRaD_data_flat_layer_v 2.9.9.2025-08-14.csv:Trumbore_2006:SBM:SBM_8:95-105:carbon_content;israd_brazil;israd_flat_layer;Trumbore_2006:SBM:SBM_8;-3.017;-54.9707;-54.9707;-3.017;EPSG:4326;Brazil;;;1999;1999;1999;95;105;10;5;Combustão seca - analisador elementar / IRMS de fluxo contínuo (CENA);;;;;;;;;;carbon_content;5;g/kg;reported_israd_lyr_c_org_percent_to_g_kg;ok;dup-000920;duplicate;removed_confirmed_duplicate:exact_scientific_match:israd_brazil
israd_brazil:israd_flat_layer:ISRaD_data_flat_layer_v 2.9.9.2025-08-14.csv:Trumbore_2006:SBM:SBM_9:145-155:carbon_content;israd_brazil;israd_flat_layer;Trumbore_2006:SBM:SBM_9;-3.017;-54.9707;-54.9707;-3.017;EPSG:4326;Brazil;;;1999;1999;1999;145;155;10;4;Combustão seca - analisador elementar / IRMS de fluxo contínuo (CENA);;;;;;;;;;carbon_content;4;g/kg;reported_israd_lyr_c_org_percent_to_g_kg;ok;dup-000913;duplicate;removed_confirmed_duplicate:exact_scientific_match:israd_brazil
israd_brazil:israd_flat_layer:ISRaD_data_flat_layer_v 2.9.9.2025-08-14.csv:Trumbore_2006:clayA:CA_1:0-5:carbon_content;israd_brazil;israd_flat_layer;Trumbore_2006:clayA:CA_1;-3.017;-54.9707;-54.9707;-3.017;EPSG:4326;Brazil;;;2000;2000;2000;0;5;5;44.5;Não informado;;;0.81;;;;;;;carbon_content;44.5;g/kg;reported_israd_lyr_c_org_percent_to_g_kg;ok;dup-000922;duplicate;removed_confirmed_duplicate:exact_scientific_match:israd_brazil
israd_brazil:israd_flat_layer:ISRaD_data_flat_layer_v 2.9.9.2025-08-14.csv:Trumbore_2006:clayA:CA_2:5-10:carbon_content;israd_brazil;israd_flat_layer;Trumbore_2006:clayA:CA_2;-3.017;-54.9707;-54.9707;-3.017;EPSG:4326;Brazil;;;2000;2000;2000;5;10;5;17.9;Não informado;;;0.9;;;;;;;carbon_content;17.9;g/kg;reported_israd_lyr_c_org_percent_to_g_kg;ok;dup-000928;duplicate;removed_confirmed_duplicate:exact_scientific_match:israd_brazil
israd_brazil:israd_flat_layer:ISRaD_data_flat_layer_v 2.9.9.2025-08-14.csv:Trumbore_2006:clayA:CA_3:20-30:carbon_content;israd_brazil;israd_flat_layer;Trumbore_2006:clayA:CA_3;-3.017;-54.9707;-54.9707;-3.017;EPSG:4326;Brazil;;;2000;2000;2000;20;30;10;9.2;Não informado;;;0.87;;;;;;;carbon_content;9.2;g/kg;reported_israd_lyr_c_org_percent_to_g_kg;ok;dup-000925;duplicate;removed_confirmed_duplicate:exact_scientific_match:israd_brazil
israd_brazil:israd_flat_layer:ISRaD_data_flat_layer_v 2.9.9.2025-08-14.csv:Trumbore_2006:clayA:CA_4:60-70:carbon_content;israd_brazil;israd_flat_layer;Trumbore_2006:clayA:CA_4;-3.017;-54.9707;-54.9707;-3.017;EPSG:4326;Brazil;;;2000;2000;2000;60;70;10;4.9;Não informado;;;0.85;;;;;;;carbon_content;4.9;g/kg;reported_israd_lyr_c_org_percent_to_g_kg;ok;dup-000929;duplicate;removed_confirmed_duplicate:exact_scientific_match:israd_brazil
israd_brazil:israd_flat_layer:ISRaD_data_flat_layer_v 2.9.9.2025-08-14.csv:Trumbore_2006:clayA:CA_5:95-105:carbon_content;israd_brazil;israd_flat_layer;Trumbore_2006:clayA:CA_5;-3.017;-54.9707;-54.9707;-3.017;EPSG:4326;Brazil;;;2000;2000;2000;95;105;10;3.9;Não informado;;;0.91;;;;;;;carbon_content;3.9;g/kg;reported_israd_lyr_c_org_percent_to_g_kg;ok;dup-000931;duplicate;removed_confirmed_duplicate:exact_scientific_match:israd_brazil
israd_brazil:israd_flat_layer:ISRaD_data_flat_layer_v 2.9.9.2025-08-14.csv:Trumbore_2006:clayA:CA_6:195-205:carbon_content;israd_brazil;israd_flat_layer;Trumbore_2006:clayA:CA_6;-3.017;-54.9707;-54.9707;-3.017;EPSG:4326;Brazil;;;2000;2000;2000;195;205;10;2.3;Não informado;;;0.86;;;;;;;carbon_content;2.3;g/kg;reported_israd_lyr_c_org_percent_to_g_kg;ok;dup-000924;duplicate;removed_confirmed_duplicate:exact_scientific_match:israd_brazil
israd_brazil:israd_flat_layer:ISRaD_data_flat_layer_v 2.9.9.2025-08-14.csv:Trumbore_2006:CFA:CFA_0:-3-0:carbon_content;israd_brazil;israd_flat_layer;Trumbore_2006:CFA:CFA_0;-3.017;-54.9707;-54.9707;-3.017;EPSG:4326;Brazil;;;2000;2000;2000;-3;0;3;45.2;Não informado;;;0.96;;;;;;;carbon_content;45.2;g/kg;reported_israd_lyr_c_org_percent_to_g_kg;ok;dup-000921;duplicate;removed_confirmed_duplicate:exact_scientific_match:israd_brazil
israd_brazil:israd_flat_layer:ISRaD_data_flat_layer_v 2.9.9.2025-08-14.csv:Trumbore_2006:CFA:CFA_1:0-5:carbon_content;israd_brazil;israd_flat_layer;Trumbore_2006:CFA:CFA_1;-3.017;-54.9707;-54.9707;-3.017;EPSG:4326;Brazil;;;2000;2000;2000;0;5;5;45.2;Não informado;;;0.96;;;;;;;carbon_content;45.2;g/kg;reported_israd_lyr_c_org_percent_to_g_kg;ok;dup-000922;duplicate;removed_confirmed_duplicate:exact_scientific_match:israd_brazil
israd_brazil:israd_flat_layer:ISRaD_data_flat_layer_v 2.9.9.2025-08-14.csv:Trumbore_2006:CFA:CFA_2:5-10:carbon_content;israd_brazil;israd_flat_layer;Trumbore_2006:CFA:CFA_2;-3.017;-54.9707;-54.9707;-3.017;EPSG:4326;Brazil;;;2000;2000;2000;5;10;5;21.7;Não informado;;;0.96;;;;;;;carbon_content;21.7;g/kg;reported_israd_lyr_c_org_percent_to_g_kg;ok;dup-000928;duplicate;removed_confirmed_duplicate:exact_scientific_match:israd_brazil
israd_brazil:israd_flat_layer:ISRaD_data_flat_layer_v 2.9.9.2025-08-14.csv:Trumbore_2006:CFA:CFA_3:20-30:carbon_content;israd_brazil;israd_flat_layer;Trumbore_2006:CFA:CFA_3;-3.017;-54.9707;-54.9707;-3.017;EPSG:4326;Brazil;;;2000;2000;2000;20;30;10;32.7;Não informado;;;0.96;;;;;;;carbon_content;32.7;g/kg;reported_israd_lyr_c_org_percent_to_g_kg;ok;dup-000925;duplicate;removed_confirmed_duplicate:exact_scientific_match:israd_brazil
israd_brazil:israd_flat_layer:ISRaD_data_flat_layer_v 2.9.9.2025-08-14.csv:Trumbore_2006:CFA:CFA_4:45-55:carbon_content;israd_brazil;israd_flat_layer;Trumbore_2006:CFA:CFA_4;-3.017;-54.9707;-54.9707;-3.017;EPSG:4326;Brazil;;;2000;2000;2000;45;55;10;9.9;Não informado;;;0.96;;;;;;;carbon_content;9.9;g/kg;reported_israd_lyr_c_org_percent_to_g_kg;ok;dup-000927;duplicate;removed_confirmed_duplicate:exact_scientific_match:israd_brazil
israd_brazil:israd_flat_layer:ISRaD_data_flat_layer_v 2.9.9.2025-08-14.csv:Trumbore_2006:CFA:CFA_5:95-105:carbon_content;israd_brazil;israd_flat_layer;Trumbore_2006:CFA:CFA_5;-3.017;-54.9707;-54.9707;-3.017;EPSG:4326;Brazil;;;2000;2000;2000;95;105;10;5.5;Não informado;;;1.13;;;;;;;carbon_content;5.5;g/kg;reported_israd_lyr_c_org_percent_to_g_kg;ok;dup-000931;duplicate;removed_confirmed_duplicate:exact_scientific_match:israd_brazil
israd_brazil:israd_flat_layer:ISRaD_data_flat_layer_v 2.9.9.2025-08-14.csv:Trumbore_2006:CFA:CFA_6:195-205:carbon_content;israd_brazil;israd_flat_layer;Trumbore_2006:CFA:CFA_6;-3.017;-54.9707;-54.9707;-3.017;EPSG:4326;Brazil;;;2000;2000;2000;195;205;10;2.5;Não informado;;;1.13;;;;;;;carbon_content;2.5;g/kg;reported_israd_lyr_c_org_percent_to_g_kg;ok;dup-000924;duplicate;removed_confirmed_duplicate:exact_scientific_match:israd_brazil
israd_brazil:israd_flat_layer:ISRaD_data_flat_layer_v 2.9.9.2025-08-14.csv:Trumbore_2006:CFA:CFA_7:295-305:carbon_content;israd_brazil;israd_flat_layer;Trumbore_2006:CFA:CFA_7;-3.017;-54.9707;-54.9707;-3.017;EPSG:4326;Brazil;;;2000;2000;2000;295;305;10;2.3;Não informado;;;1.08;;;;;;;carbon_content;2.3;g/kg;reported_israd_lyr_c_org_percent_to_g_kg;ok;dup-000926;duplicate;removed_confirmed_duplicate:exact_scientific_match:israd_brazil
israd_brazil:israd_flat_layer:ISRaD_data_flat_layer_v 2.9.9.2025-08-14.csv:Trumbore_2006:CFA:CFA_8:609-705:carbon_content;israd_brazil;israd_flat_layer;Trumbore_2006:CFA:CFA_8;-3.017;-54.9707;-54.9707;-3.017;EPSG:4326;Brazil;;;2000;2000;2000;609;705;96;2.2;Não informado;;;1.25;;;;;;;carbon_content;2.2;g/kg;reported_israd_lyr_c_org_percent_to_g_kg;ok;dup-000930;duplicate;removed_confirmed_duplicate:exact_scientific_match:israd_brazil
israd_brazil:israd_flat_layer:ISRaD_data_flat_layer_v 2.9.9.2025-08-14.csv:Trumbore_2006:CFA:CFA_9:1095-1105:carbon_content;israd_brazil;israd_flat_layer;Trumbore_2006:CFA:CFA_9;-3.017;-54.9707;-54.9707;-3.017;EPSG:4326;Brazil;;;2000;2000;2000;1095;1105;10;1.7;Não informado;;;1.23;;;;;;;carbon_content;1.7;g/kg;reported_israd_lyr_c_org_percent_to_g_kg;ok;dup-000923;duplicate;removed_confirmed_duplicate:exact_scientific_match:israd_brazil
israd_brazil:israd_flat_layer:ISRaD_data_flat_layer_v 2.9.9.2025-08-14.csv:Trumbore_2006:CFB:CFB_1:0-5:carbon_content;israd_brazil;israd_flat_layer;Trumbore_2006:CFB:CFB_1;-3.017;-54.9707;-54.9707;-3.017;EPSG:4326;Brazil;;;2000;2000;2000;0;5;5;53;Não informado;;;1.01;;;;;;;carbon_content;53;g/kg;reported_israd_lyr_c_org_percent_to_g_kg;ok;dup-000922;duplicate;removed_confirmed_duplicate:exact_scientific_match:israd_brazil
israd_brazil:israd_flat_layer:ISRaD_data_flat_layer_v 2.9.9.2025-08-14.csv:Trumbore_2006:CFB:CFB_2:5-10:carbon_content;israd_brazil;israd_flat_layer;Trumbore_2006:CFB:CFB_2;-3.017;-54.9707;-54.9707;-3.017;EPSG:4326;Brazil;;;2000;2000;2000;5;10;5;31.8;Não informado;;;1.01;;;;;;;carbon_content;31.8;g/kg;reported_israd_lyr_c_org_percent_to_g_kg;ok;dup-000928;duplicate;removed_confirmed_duplicate:exact_scientific_match:israd_brazil
israd_brazil:israd_flat_layer:ISRaD_data_flat_layer_v 2.9.9.2025-08-14.csv:Trumbore_2006:CFB:CFB_3:20-30:carbon_content;israd_brazil;israd_flat_layer;Trumbore_2006:CFB:CFB_3;-3.017;-54.9707;-54.9707;-3.017;EPSG:4326;Brazil;;;2000;2000;2000;20;30;10;27.3;Não informado;;;1.01;;;;;;;carbon_content;27.3;g/kg;reported_israd_lyr_c_org_percent_to_g_kg;ok;dup-000925;duplicate;removed_confirmed_duplicate:exact_scientific_match:israd_brazil
israd_brazil:israd_flat_layer:ISRaD_data_flat_layer_v 2.9.9.2025-08-14.csv:Trumbore_2006:CFB:CFB_4:45-55:carbon_content;israd_brazil;israd_flat_layer;Trumbore_2006:CFB:CFB_4;-3.017;-54.9707;-54.9707;-3.017;EPSG:4326;Brazil;;;2000;2000;2000;45;55;10;10.4;Não informado;;;1.01;;;;;;;carbon_content;10.4;g/kg;reported_israd_lyr_c_org_percent_to_g_kg;ok;dup-000927;duplicate;removed_confirmed_duplicate:exact_scientific_match:israd_brazil
israd_brazil:israd_flat_layer:ISRaD_data_flat_layer_v 2.9.9.2025-08-14.csv:Trumbore_2006:CFB:CFB_5:95-105:carbon_content;israd_brazil;israd_flat_layer;Trumbore_2006:CFB:CFB_5;-3.017;-54.9707;-54.9707;-3.017;EPSG:4326;Brazil;;;2000;2000;2000;95;105;10;7.5;Não informado;;;1.04;;;;;;;carbon_content;7.5;g/kg;reported_israd_lyr_c_org_percent_to_g_kg;ok;dup-000931;duplicate;removed_confirmed_duplicate:exact_scientific_match:israd_brazil
israd_brazil:israd_flat_layer:ISRaD_data_flat_layer_v 2.9.9.2025-08-14.csv:Trumbore_2006:CFB:CFB_6:195-205:carbon_content;israd_brazil;israd_flat_layer;Trumbore_2006:CFB:CFB_6;-3.017;-54.9707;-54.9707;-3.017;EPSG:4326;Brazil;;;2000;2000;2000;195;205;10;3.7;Não informado;;;1.11;;;;;;;carbon_content;3.7;g/kg;reported_israd_lyr_c_org_percent_to_g_kg;ok;dup-000924;duplicate;removed_confirmed_duplicate:exact_scientific_match:israd_brazil
israd_brazil:israd_flat_layer:ISRaD_data_flat_layer_v 2.9.9.2025-08-14.csv:Trumbore_2006:CFB:CFB_7:295-305:carbon_content;israd_brazil;israd_flat_layer;Trumbore_2006:CFB:CFB_7;-3.017;-54.9707;-54.9707;-3.017;EPSG:4326;Brazil;;;2000;2000;2000;295;305;10;2.4;Não informado;;;1.13;;;;;;;carbon_content;2.4;g/kg;reported_israd_lyr_c_org_percent_to_g_kg;ok;dup-000926;duplicate;removed_confirmed_duplicate:exact_scientific_match:israd_brazil
israd_brazil:israd_flat_layer:ISRaD_data_flat_layer_v 2.9.9.2025-08-14.csv:Trumbore_2006:CFB:CFB_8:609-705:carbon_content;israd_brazil;israd_flat_layer;Trumbore_2006:CFB:CFB_8;-3.017;-54.9707;-54.9707;-3.017;EPSG:4326;Brazil;;;2000;2000;2000;609;705;96;1.5;Não informado;;;1.26;;;;;;;carbon_content;1.5;g/kg;reported_israd_lyr_c_org_percent_to_g_kg;ok;dup-000930;duplicate;removed_confirmed_duplicate:exact_scientific_match:israd_brazil
israd_brazil:israd_flat_layer:ISRaD_data_flat_layer_v 2.9.9.2025-08-14.csv:Trumbore_2006:CFB:CFB_9:1095-1105:carbon_content;israd_brazil;israd_flat_layer;Trumbore_2006:CFB:CFB_9;-3.017;-54.9707;-54.9707;-3.017;EPSG:4326;Brazil;;;2000;2000;2000;1095;1105;10;1.3;Não informado;;;1.24;;;;;;;carbon_content;1.3;g/kg;reported_israd_lyr_c_org_percent_to_g_kg;ok;dup-000923;duplicate;removed_confirmed_duplicate:exact_scientific_match:israd_brazil
israd_brazil:israd_flat_layer:ISRaD_data_flat_layer_v 2.9.9.2025-08-14.csv:Trumbore_2006:SCA:SCA_1:0-5:carbon_content;israd_brazil;israd_flat_layer;Trumbore_2006:SCA:SCA_1;-3.017;-54.9707;-54.9707;-3.017;EPSG:4326;Brazil;;;2000;2000;2000;0;5;5;33.6;Não informado;;;0.9;;;;;;;carbon_content;33.6;g/kg;reported_israd_lyr_c_org_percent_to_g_kg;ok;dup-000922;duplicate;removed_confirmed_duplicate:exact_scientific_match:israd_brazil
israd_brazil:israd_flat_layer:ISRaD_data_flat_layer_v 2.9.9.2025-08-14.csv:Trumbore_2006:SCA:SCA_2:5-10:carbon_content;israd_brazil;israd_flat_layer;Trumbore_2006:SCA:SCA_2;-3.017;-54.9707;-54.9707;-3.017;EPSG:4326;Brazil;;;2000;2000;2000;5;10;5;25.7;Não informado;;;0.99;;;;;;;carbon_content;25.7;g/kg;reported_israd_lyr_c_org_percent_to_g_kg;ok;dup-000928;duplicate;removed_confirmed_duplicate:exact_scientific_match:israd_brazil
israd_brazil:israd_flat_layer:ISRaD_data_flat_layer_v 2.9.9.2025-08-14.csv:Trumbore_2006:SCA:SCA_3:20-30:carbon_content;israd_brazil;israd_flat_layer;Trumbore_2006:SCA:SCA_3;-3.017;-54.9707;-54.9707;-3.017;EPSG:4326;Brazil;;;2000;2000;2000;20;30;10;13.8;Não informado;;;1.04;;;;;;;carbon_content;13.8;g/kg;reported_israd_lyr_c_org_percent_to_g_kg;ok;dup-000925;duplicate;removed_confirmed_duplicate:exact_scientific_match:israd_brazil
israd_brazil:israd_flat_layer:ISRaD_data_flat_layer_v 2.9.9.2025-08-14.csv:Trumbore_2006:SCA:SCA_4:60-70:carbon_content;israd_brazil;israd_flat_layer;Trumbore_2006:SCA:SCA_4;-3.017;-54.9707;-54.9707;-3.017;EPSG:4326;Brazil;;;2000;2000;2000;60;70;10;5.4;Não informado;;;1.1;;;;;;;carbon_content;5.4;g/kg;reported_israd_lyr_c_org_percent_to_g_kg;ok;dup-000929;duplicate;removed_confirmed_duplicate:exact_scientific_match:israd_brazil
israd_brazil:israd_flat_layer:ISRaD_data_flat_layer_v 2.9.9.2025-08-14.csv:Trumbore_2006:SCA:SCA_5:95-105:carbon_content;israd_brazil;israd_flat_layer;Trumbore_2006:SCA:SCA_5;-3.017;-54.9707;-54.9707;-3.017;EPSG:4326;Brazil;;;2000;2000;2000;95;105;10;4.3;Não informado;;;1.03;;;;;;;carbon_content;4.3;g/kg;reported_israd_lyr_c_org_percent_to_g_kg;ok;dup-000931;duplicate;removed_confirmed_duplicate:exact_scientific_match:israd_brazil
israd_brazil:israd_flat_layer:ISRaD_data_flat_layer_v 2.9.9.2025-08-14.csv:Trumbore_2006:SCA:SCA_6:195-205:carbon_content;israd_brazil;israd_flat_layer;Trumbore_2006:SCA:SCA_6;-3.017;-54.9707;-54.9707;-3.017;EPSG:4326;Brazil;;;2000;2000;2000;195;205;10;2.9;Não informado;;;1.03;;;;;;;carbon_content;2.9;g/kg;reported_israd_lyr_c_org_percent_to_g_kg;ok;dup-000924;duplicate;removed_confirmed_duplicate:exact_scientific_match:israd_brazil
israd_brazil:israd_flat_layer:ISRaD_data_flat_layer_v 2.9.9.2025-08-14.csv:Trumbore_2006:SCB:SCB_1:0-5:carbon_content;israd_brazil;israd_flat_layer;Trumbore_2006:SCB:SCB_1;-3.017;-54.9707;-54.9707;-3.017;EPSG:4326;Brazil;;;2000;2000;2000;0;5;5;38.7;Não informado;;;0.9;;;;;;;carbon_content;38.7;g/kg;reported_israd_lyr_c_org_percent_to_g_kg;ok;dup-000922;duplicate;removed_confirmed_duplicate:exact_scientific_match:israd_brazil
israd_brazil:israd_flat_layer:ISRaD_data_flat_layer_v 2.9.9.2025-08-14.csv:Trumbore_2006:SCB:SCB_2:5-10:carbon_content;israd_brazil;israd_flat_layer;Trumbore_2006:SCB:SCB_2;-3.017;-54.9707;-54.9707;-3.017;EPSG:4326;Brazil;;;2000;2000;2000;5;10;5;21.1;Não informado;;;1.02;;;;;;;carbon_content;21.1;g/kg;reported_israd_lyr_c_org_percent_to_g_kg;ok;dup-000928;duplicate;removed_confirmed_duplicate:exact_scientific_match:israd_brazil
israd_brazil:israd_flat_layer:ISRaD_data_flat_layer_v 2.9.9.2025-08-14.csv:Trumbore_2006:SCB:SCB_3:20-30:carbon_content;israd_brazil;israd_flat_layer;Trumbore_2006:SCB:SCB_3;-3.017;-54.9707;-54.9707;-3.017;EPSG:4326;Brazil;;;2000;2000;2000;20;30;10;11.7;Não informado;;;1;;;;;;;carbon_content;11.7;g/kg;reported_israd_lyr_c_org_percent_to_g_kg;ok;dup-000925;duplicate;removed_confirmed_duplicate:exact_scientific_match:israd_brazil
israd_brazil:israd_flat_layer:ISRaD_data_flat_layer_v 2.9.9.2025-08-14.csv:Trumbore_2006:SCB:SCB_4:60-70:carbon_content;israd_brazil;israd_flat_layer;Trumbore_2006:SCB:SCB_4;-3.017;-54.9707;-54.9707;-3.017;EPSG:4326;Brazil;;;2000;2000;2000;60;70;10;5.3;Não informado;;;1.12;;;;;;;carbon_content;5.3;g/kg;reported_israd_lyr_c_org_percent_to_g_kg;ok;dup-000929;duplicate;removed_confirmed_duplicate:exact_scientific_match:israd_brazil
israd_brazil:israd_flat_layer:ISRaD_data_flat_layer_v 2.9.9.2025-08-14.csv:Trumbore_2006:SCB:SCB_5:95-105:carbon_content;israd_brazil;israd_flat_layer;Trumbore_2006:SCB:SCB_5;-3.017;-54.9707;-54.9707;-3.017;EPSG:4326;Brazil;;;2000;2000;2000;95;105;10;4.1;Não informado;;;1.07;;;;;;;carbon_content;4.1;g/kg;reported_israd_lyr_c_org_percent_to_g_kg;ok;dup-000931;duplicate;removed_confirmed_duplicate:exact_scientific_match:israd_brazil
israd_brazil:israd_flat_layer:ISRaD_data_flat_layer_v 2.9.9.2025-08-14.csv:Trumbore_2006:SCB:SCB_6:195-205:carbon_content;israd_brazil;israd_flat_layer;Trumbore_2006:SCB:SCB_6;-3.017;-54.9707;-54.9707;-3.017;EPSG:4326;Brazil;;;2000;2000;2000;195;205;10;2.9;Não informado;;;1.02;;;;;;;carbon_content;2.9;g/kg;reported_israd_lyr_c_org_percent_to_g_kg;ok;dup-000924;duplicate;removed_confirmed_duplicate:exact_scientific_match:israd_brazil
israd_brazil:israd_flat_layer:ISRaD_data_flat_layer_v 2.9.9.2025-08-14.csv:Trumbore_2006:SA:SA_1:0-5:carbon_content;israd_brazil;israd_flat_layer;Trumbore_2006:SA:SA_1;-3.017;-54.9707;-54.9707;-3.017;EPSG:4326;Brazil;;;2000;2000;2000;0;5;5;15;Não informado;;;0.85;;;;;;;carbon_content;15;g/kg;reported_israd_lyr_c_org_percent_to_g_kg;ok;dup-000922;duplicate;removed_confirmed_duplicate:exact_scientific_match:israd_brazil
israd_brazil:israd_flat_layer:ISRaD_data_flat_layer_v 2.9.9.2025-08-14.csv:Trumbore_2006:SA:SA_2:5-10:carbon_content;israd_brazil;israd_flat_layer;Trumbore_2006:SA:SA_2;-3.017;-54.9707;-54.9707;-3.017;EPSG:4326;Brazil;;;2000;2000;2000;5;10;5;10.7;Não informado;;;1.05;;;;;;;carbon_content;10.7;g/kg;reported_israd_lyr_c_org_percent_to_g_kg;ok;dup-000928;duplicate;removed_confirmed_duplicate:exact_scientific_match:israd_brazil
israd_brazil:israd_flat_layer:ISRaD_data_flat_layer_v 2.9.9.2025-08-14.csv:Trumbore_2006:SA:SA_3:20-30:carbon_content;israd_brazil;israd_flat_layer;Trumbore_2006:SA:SA_3;-3.017;-54.9707;-54.9707;-3.017;EPSG:4326;Brazil;;;2000;2000;2000;20;30;10;9.2;Não informado;;;1.17;;;;;;;carbon_content;9.2;g/kg;reported_israd_lyr_c_org_percent_to_g_kg;ok;dup-000925;duplicate;removed_confirmed_duplicate:exact_scientific_match:israd_brazil
israd_brazil:israd_flat_layer:ISRaD_data_flat_layer_v 2.9.9.2025-08-14.csv:Trumbore_2006:SA:SA_4:60-70:carbon_content;israd_brazil;israd_flat_layer;Trumbore_2006:SA:SA_4;-3.017;-54.9707;-54.9707;-3.017;EPSG:4326;Brazil;;;2000;2000;2000;60;70;10;3.7;Não informado;;;1.09;;;;;;;carbon_content;3.7;g/kg;reported_israd_lyr_c_org_percent_to_g_kg;ok;dup-000929;duplicate;removed_confirmed_duplicate:exact_scientific_match:israd_brazil
israd_brazil:israd_flat_layer:ISRaD_data_flat_layer_v 2.9.9.2025-08-14.csv:Trumbore_2006:SA:SA_5:95-105:carbon_content;israd_brazil;israd_flat_layer;Trumbore_2006:SA:SA_5;-3.017;-54.9707;-54.9707;-3.017;EPSG:4326;Brazil;;;2000;2000;2000;95;105;10;3.5;Não informado;;;1.2;;;;;;;carbon_content;3.5;g/kg;reported_israd_lyr_c_org_percent_to_g_kg;ok;dup-000931;duplicate;removed_confirmed_duplicate:exact_scientific_match:israd_brazil
israd_brazil:israd_flat_layer:ISRaD_data_flat_layer_v 2.9.9.2025-08-14.csv:Trumbore_2006:SA:SA_6:195-205:carbon_content;israd_brazil;israd_flat_layer;Trumbore_2006:SA:SA_6;-3.017;-54.9707;-54.9707;-3.017;EPSG:4326;Brazil;;;2000;2000;2000;195;205;10;1.7;Não informado;;;1.18;;;;;;;carbon_content;1.7;g/kg;reported_israd_lyr_c_org_percent_to_g_kg;ok;dup-000924;duplicate;removed_confirmed_duplicate:exact_scientific_match:israd_brazil
israd_brazil:israd_flat_layer:ISRaD_data_flat_layer_v 2.9.9.2025-08-14.csv:Trumbore_2006:SB:SB_1:0-5:carbon_content;israd_brazil;israd_flat_layer;Trumbore_2006:SB:SB_1;-3.017;-54.9707;-54.9707;-3.017;EPSG:4326;Brazil;;;2000;2000;2000;0;5;5;16;Não informado;;;0.99;;;;;;;carbon_content;16;g/kg;reported_israd_lyr_c_org_percent_to_g_kg;ok;dup-000922;duplicate;removed_confirmed_duplicate:exact_scientific_match:israd_brazil
israd_brazil:israd_flat_layer:ISRaD_data_flat_layer_v 2.9.9.2025-08-14.csv:Trumbore_2006:SB:SB_2:5-10:carbon_content;israd_brazil;israd_flat_layer;Trumbore_2006:SB:SB_2;-3.017;-54.9707;-54.9707;-3.017;EPSG:4326;Brazil;;;2000;2000;2000;5;10;5;12.3;Não informado;;;1.05;;;;;;;carbon_content;12.3;g/kg;reported_israd_lyr_c_org_percent_to_g_kg;ok;dup-000928;duplicate;removed_confirmed_duplicate:exact_scientific_match:israd_brazil
israd_brazil:israd_flat_layer:ISRaD_data_flat_layer_v 2.9.9.2025-08-14.csv:Trumbore_2006:SB:SB_3:20-30:carbon_content;israd_brazil;israd_flat_layer;Trumbore_2006:SB:SB_3;-3.017;-54.9707;-54.9707;-3.017;EPSG:4326;Brazil;;;2000;2000;2000;20;30;10;9.2;Não informado;;;1.05;;;;;;;carbon_content;9.2;g/kg;reported_israd_lyr_c_org_percent_to_g_kg;ok;dup-000925;duplicate;removed_confirmed_duplicate:exact_scientific_match:israd_brazil
israd_brazil:israd_flat_layer:ISRaD_data_flat_layer_v 2.9.9.2025-08-14.csv:Trumbore_2006:SB:SB_4:60-70:carbon_content;israd_brazil;israd_flat_layer;Trumbore_2006:SB:SB_4;-3.017;-54.9707;-54.9707;-3.017;EPSG:4326;Brazil;;;2000;2000;2000;60;70;10;3.9;Não informado;;;1.08;;;;;;;carbon_content;3.9;g/kg;reported_israd_lyr_c_org_percent_to_g_kg;ok;dup-000929;duplicate;removed_confirmed_duplicate:exact_scientific_match:israd_brazil
israd_brazil:israd_flat_layer:ISRaD_data_flat_layer_v 2.9.9.2025-08-14.csv:Trumbore_2006:SB:SB_5:95-105:carbon_content;israd_brazil;israd_flat_layer;Trumbore_2006:SB:SB_5;-3.017;-54.9707;-54.9707;-3.017;EPSG:4326;Brazil;;;2000;2000;2000;95;105;10;3.3;Não informado;;;1.12;;;;;;;carbon_content;3.3;g/kg;reported_israd_lyr_c_org_percent_to_g_kg;ok;dup-000931;duplicate;removed_confirmed_duplicate:exact_scientific_match:israd_brazil
israd_brazil:israd_flat_layer:ISRaD_data_flat_layer_v 2.9.9.2025-08-14.csv:Trumbore_2006:SB:SB_6:195-205:carbon_content;israd_brazil;israd_flat_layer;Trumbore_2006:SB:SB_6;-3.017;-54.9707;-54.9707;-3.017;EPSG:4326;Brazil;;;2000;2000;2000;195;205;10;1.7;Não informado;;;1.21;;;;;;;carbon_content;1.7;g/kg;reported_israd_lyr_c_org_percent_to_g_kg;ok;dup-000924;duplicate;removed_confirmed_duplicate:exact_scientific_match:israd_brazil
israd_brazil:israd_flat_layer:ISRaD_data_flat_layer_v 2.9.9.2025-08-14.csv:Trumbore_2006:SFA:SFA_1:0-5:carbon_content;israd_brazil;israd_flat_layer;Trumbore_2006:SFA:SFA_1;-3.017;-54.9707;-54.9707;-3.017;EPSG:4326;Brazil;;;2000;2000;2000;0;5;5;53.6;Não informado;;;1.03;;;;;;;carbon_content;53.6;g/kg;reported_israd_lyr_c_org_percent_to_g_kg;ok;dup-000922;duplicate;removed_confirmed_duplicate:exact_scientific_match:israd_brazil
israd_brazil:israd_flat_layer:ISRaD_data_flat_layer_v 2.9.9.2025-08-14.csv:Trumbore_2006:SFA:SFA_2:5-10:carbon_content;israd_brazil;israd_flat_layer;Trumbore_2006:SFA:SFA_2;-3.017;-54.9707;-54.9707;-3.017;EPSG:4326;Brazil;;;2000;2000;2000;5;10;5;23.1;Não informado;;;1.03;;;;;;;carbon_content;23.1;g/kg;reported_israd_lyr_c_org_percent_to_g_kg;ok;dup-000928;duplicate;removed_confirmed_duplicate:exact_scientific_match:israd_brazil
israd_brazil:israd_flat_layer:ISRaD_data_flat_layer_v 2.9.9.2025-08-14.csv:Trumbore_2006:SFA:SFA_3:20-30:carbon_content;israd_brazil;israd_flat_layer;Trumbore_2006:SFA:SFA_3;-3.017;-54.9707;-54.9707;-3.017;EPSG:4326;Brazil;;;2000;2000;2000;20;30;10;13.3;Não informado;;;1.03;;;;;;;carbon_content;13.3;g/kg;reported_israd_lyr_c_org_percent_to_g_kg;ok;dup-000925;duplicate;removed_confirmed_duplicate:exact_scientific_match:israd_brazil
israd_brazil:israd_flat_layer:ISRaD_data_flat_layer_v 2.9.9.2025-08-14.csv:Trumbore_2006:SFA:SFA_4:45-55:carbon_content;israd_brazil;israd_flat_layer;Trumbore_2006:SFA:SFA_4;-3.017;-54.9707;-54.9707;-3.017;EPSG:4326;Brazil;;;2000;2000;2000;45;55;10;8.7;Não informado;;;1.03;;;;;;;carbon_content;8.7;g/kg;reported_israd_lyr_c_org_percent_to_g_kg;ok;dup-000927;duplicate;removed_confirmed_duplicate:exact_scientific_match:israd_brazil
israd_brazil:israd_flat_layer:ISRaD_data_flat_layer_v 2.9.9.2025-08-14.csv:Trumbore_2006:SFA:SFA_5:95-105:carbon_content;israd_brazil;israd_flat_layer;Trumbore_2006:SFA:SFA_5;-3.017;-54.9707;-54.9707;-3.017;EPSG:4326;Brazil;;;2000;2000;2000;95;105;10;5.3;Não informado;;;1.09;;;;;;;carbon_content;5.3;g/kg;reported_israd_lyr_c_org_percent_to_g_kg;ok;dup-000931;duplicate;removed_confirmed_duplicate:exact_scientific_match:israd_brazil
israd_brazil:israd_flat_layer:ISRaD_data_flat_layer_v 2.9.9.2025-08-14.csv:Trumbore_2006:SFA:SFA_6:195-205:carbon_content;israd_brazil;israd_flat_layer;Trumbore_2006:SFA:SFA_6;-3.017;-54.9707;-54.9707;-3.017;EPSG:4326;Brazil;;;2000;2000;2000;195;205;10;3.1;Não informado;;;1.12;;;;;;;carbon_content;3.1;g/kg;reported_israd_lyr_c_org_percent_to_g_kg;ok;dup-000924;duplicate;removed_confirmed_duplicate:exact_scientific_match:israd_brazil
israd_brazil:israd_flat_layer:ISRaD_data_flat_layer_v 2.9.9.2025-08-14.csv:Trumbore_2006:SFA:SFA_7:295-305:carbon_content;israd_brazil;israd_flat_layer;Trumbore_2006:SFA:SFA_7;-3.017;-54.9707;-54.9707;-3.017;EPSG:4326;Brazil;;;2000;2000;2000;295;305;10;2.6;Não informado;;;1.14;;;;;;;carbon_content;2.6;g/kg;reported_israd_lyr_c_org_percent_to_g_kg;ok;dup-000926;duplicate;removed_confirmed_duplicate:exact_scientific_match:israd_brazil
israd_brazil:israd_flat_layer:ISRaD_data_flat_layer_v 2.9.9.2025-08-14.csv:Trumbore_2006:SFA:SFA_8:609-705:carbon_content;israd_brazil;israd_flat_layer;Trumbore_2006:SFA:SFA_8;-3.017;-54.9707;-54.9707;-3.017;EPSG:4326;Brazil;;;2000;2000;2000;609;705;96;1.8;Não informado;;;1.27;;;;;;;carbon_content;1.8;g/kg;reported_israd_lyr_c_org_percent_to_g_kg;ok;dup-000930;duplicate;removed_confirmed_duplicate:exact_scientific_match:israd_brazil
israd_brazil:israd_flat_layer:ISRaD_data_flat_layer_v 2.9.9.2025-08-14.csv:Trumbore_2006:SFA:SFA_9:1095-1105:carbon_content;israd_brazil;israd_flat_layer;Trumbore_2006:SFA:SFA_9;-3.017;-54.9707;-54.9707;-3.017;EPSG:4326;Brazil;;;2000;2000;2000;1095;1105;10;1.3;Não informado;;;1.23;;;;;;;carbon_content;1.3;g/kg;reported_israd_lyr_c_org_percent_to_g_kg;ok;dup-000923;duplicate;removed_confirmed_duplicate:exact_scientific_match:israd_brazil
israd_brazil:israd_flat_layer:ISRaD_data_flat_layer_v 2.9.9.2025-08-14.csv:Trumbore_2006:SFB:SFB_1:0-5:carbon_content;israd_brazil;israd_flat_layer;Trumbore_2006:SFB:SFB_1;-3.017;-54.9707;-54.9707;-3.017;EPSG:4326;Brazil;;;2000;2000;2000;0;5;5;62.2;Não informado;;;0.95;;;;;;;carbon_content;62.2;g/kg;reported_israd_lyr_c_org_percent_to_g_kg;ok;dup-000922;duplicate;removed_confirmed_duplicate:exact_scientific_match:israd_brazil
israd_brazil:israd_flat_layer:ISRaD_data_flat_layer_v 2.9.9.2025-08-14.csv:Trumbore_2006:SFB:SFB_2:5-10:carbon_content;israd_brazil;israd_flat_layer;Trumbore_2006:SFB:SFB_2;-3.017;-54.9707;-54.9707;-3.017;EPSG:4326;Brazil;;;2000;2000;2000;5;10;5;33;Não informado;;;0.95;;;;;;;carbon_content;33;g/kg;reported_israd_lyr_c_org_percent_to_g_kg;ok;dup-000928;duplicate;removed_confirmed_duplicate:exact_scientific_match:israd_brazil
israd_brazil:israd_flat_layer:ISRaD_data_flat_layer_v 2.9.9.2025-08-14.csv:Trumbore_2006:SFB:SFB_3:20-30:carbon_content;israd_brazil;israd_flat_layer;Trumbore_2006:SFB:SFB_3;-3.017;-54.9707;-54.9707;-3.017;EPSG:4326;Brazil;;;2000;2000;2000;20;30;10;15.3;Não informado;;;0.95;;;;;;;carbon_content;15.3;g/kg;reported_israd_lyr_c_org_percent_to_g_kg;ok;dup-000925;duplicate;removed_confirmed_duplicate:exact_scientific_match:israd_brazil
israd_brazil:israd_flat_layer:ISRaD_data_flat_layer_v 2.9.9.2025-08-14.csv:Trumbore_2006:SFB:SFB_4:45-55:carbon_content;israd_brazil;israd_flat_layer;Trumbore_2006:SFB:SFB_4;-3.017;-54.9707;-54.9707;-3.017;EPSG:4326;Brazil;;;2000;2000;2000;45;55;10;10.1;Não informado;;;0.95;;;;;;;carbon_content;10.1;g/kg;reported_israd_lyr_c_org_percent_to_g_kg;ok;dup-000927;duplicate;removed_confirmed_duplicate:exact_scientific_match:israd_brazil
israd_brazil:israd_flat_layer:ISRaD_data_flat_layer_v 2.9.9.2025-08-14.csv:Trumbore_2006:SFB:SFB_5:95-105:carbon_content;israd_brazil;israd_flat_layer;Trumbore_2006:SFB:SFB_5;-3.017;-54.9707;-54.9707;-3.017;EPSG:4326;Brazil;;;2000;2000;2000;95;105;10;7.5;Não informado;;;1.12;;;;;;;carbon_content;7.5;g/kg;reported_israd_lyr_c_org_percent_to_g_kg;ok;dup-000931;duplicate;removed_confirmed_duplicate:exact_scientific_match:israd_brazil
israd_brazil:israd_flat_layer:ISRaD_data_flat_layer_v 2.9.9.2025-08-14.csv:Trumbore_2006:SFB:SFB_6:195-205:carbon_content;israd_brazil;israd_flat_layer;Trumbore_2006:SFB:SFB_6;-3.017;-54.9707;-54.9707;-3.017;EPSG:4326;Brazil;;;2000;2000;2000;195;205;10;3.2;Não informado;;;1.12;;;;;;;carbon_content;3.2;g/kg;reported_israd_lyr_c_org_percent_to_g_kg;ok;dup-000924;duplicate;removed_confirmed_duplicate:exact_scientific_match:israd_brazil
israd_brazil:israd_flat_layer:ISRaD_data_flat_layer_v 2.9.9.2025-08-14.csv:Trumbore_2006:SFB:SFB_7:295-305:carbon_content;israd_brazil;israd_flat_layer;Trumbore_2006:SFB:SFB_7;-3.017;-54.9707;-54.9707;-3.017;EPSG:4326;Brazil;;;2000;2000;2000;295;305;10;2.9;Não informado;;;1.08;;;;;;;carbon_content;2.9;g/kg;reported_israd_lyr_c_org_percent_to_g_kg;ok;dup-000926;duplicate;removed_confirmed_duplicate:exact_scientific_match:israd_brazil
israd_brazil:israd_flat_layer:ISRaD_data_flat_layer_v 2.9.9.2025-08-14.csv:Trumbore_2006:SFB:SFB_8:609-705:carbon_content;israd_brazil;israd_flat_layer;Trumbore_2006:SFB:SFB_8;-3.017;-54.9707;-54.9707;-3.017;EPSG:4326;Brazil;;;2000;2000;2000;609;705;96;1.7;Não informado;;;1.3;;;;;;;carbon_content;1.7;g/kg;reported_israd_lyr_c_org_percent_to_g_kg;ok;dup-000930;duplicate;removed_confirmed_duplicate:exact_scientific_match:israd_brazil
israd_brazil:israd_flat_layer:ISRaD_data_flat_layer_v 2.9.9.2025-08-14.csv:Trumbore_2006:SFB:SFB_9:1095-1105:carbon_content;israd_brazil;israd_flat_layer;Trumbore_2006:SFB:SFB_9;-3.017;-54.9707;-54.9707;-3.017;EPSG:4326;Brazil;;;2000;2000;2000;1095;1105;10;1.3;Não informado;;;1.24;;;;;;;carbon_content;1.3;g/kg;reported_israd_lyr_c_org_percent_to_g_kg;ok;dup-000923;duplicate;removed_confirmed_duplicate:exact_scientific_match:israd_brazil
israd_brazil:israd_flat_layer:ISRaD_data_flat_layer_v 2.9.9.2025-08-14.csv:Trumbore_2006:clayB:CB_1:0-5:carbon_content;israd_brazil;israd_flat_layer;Trumbore_2006:clayB:CB_1;-3.017;-54.9707;-54.9707;-3.017;EPSG:4326;Brazil;;;2000;2000;2000;0;5;5;46.4;Não informado;;;0.77;;;;;;;carbon_content;46.4;g/kg;reported_israd_lyr_c_org_percent_to_g_kg;ok;dup-000922;duplicate;removed_confirmed_duplicate:exact_scientific_match:israd_brazil
israd_brazil:israd_flat_layer:ISRaD_data_flat_layer_v 2.9.9.2025-08-14.csv:Trumbore_2006:clayB:CB_2:5-10:carbon_content;israd_brazil;israd_flat_layer;Trumbore_2006:clayB:CB_2;-3.017;-54.9707;-54.9707;-3.017;EPSG:4326;Brazil;;;2000;2000;2000;5;10;5;17.6;Não informado;;;0.96;;;;;;;carbon_content;17.6;g/kg;reported_israd_lyr_c_org_percent_to_g_kg;ok;dup-000928;duplicate;removed_confirmed_duplicate:exact_scientific_match:israd_brazil
israd_brazil:israd_flat_layer:ISRaD_data_flat_layer_v 2.9.9.2025-08-14.csv:Trumbore_2006:clayB:CB_3:20-30:carbon_content;israd_brazil;israd_flat_layer;Trumbore_2006:clayB:CB_3;-3.017;-54.9707;-54.9707;-3.017;EPSG:4326;Brazil;;;2000;2000;2000;20;30;10;9.6;Não informado;;;0.9;;;;;;;carbon_content;9.6;g/kg;reported_israd_lyr_c_org_percent_to_g_kg;ok;dup-000925;duplicate;removed_confirmed_duplicate:exact_scientific_match:israd_brazil
israd_brazil:israd_flat_layer:ISRaD_data_flat_layer_v 2.9.9.2025-08-14.csv:Trumbore_2006:clayB:CB_4:60-70:carbon_content;israd_brazil;israd_flat_layer;Trumbore_2006:clayB:CB_4;-3.017;-54.9707;-54.9707;-3.017;EPSG:4326;Brazil;;;2000;2000;2000;60;70;10;4.7;Não informado;;;0.94;;;;;;;carbon_content;4.7;g/kg;reported_israd_lyr_c_org_percent_to_g_kg;ok;dup-000929;duplicate;removed_confirmed_duplicate:exact_scientific_match:israd_brazil
israd_brazil:israd_flat_layer:ISRaD_data_flat_layer_v 2.9.9.2025-08-14.csv:Trumbore_2006:clayB:CB_5:95-105:carbon_content;israd_brazil;israd_flat_layer;Trumbore_2006:clayB:CB_5;-3.017;-54.9707;-54.9707;-3.017;EPSG:4326;Brazil;;;2000;2000;2000;95;105;10;3.7;Não informado;;;0.93;;;;;;;carbon_content;3.7;g/kg;reported_israd_lyr_c_org_percent_to_g_kg;ok;dup-000931;duplicate;removed_confirmed_duplicate:exact_scientific_match:israd_brazil
israd_brazil:israd_flat_layer:ISRaD_data_flat_layer_v 2.9.9.2025-08-14.csv:Trumbore_2006:clayB:CB_6:195-205:carbon_content;israd_brazil;israd_flat_layer;Trumbore_2006:clayB:CB_6;-3.017;-54.9707;-54.9707;-3.017;EPSG:4326;Brazil;;;2000;2000;2000;195;205;10;2.3;Não informado;;;0.91;;;;;;;carbon_content;2.3;g/kg;reported_israd_lyr_c_org_percent_to_g_kg;ok;dup-000924;duplicate;removed_confirmed_duplicate:exact_scientific_match:israd_brazil
